tour,tourney_id,tourney_name,tourney_level,surface,draw_size,tourney_date,match_num,round,best_of,minutes,score,winner_name,loser_name,winner_id,loser_id,winner_rank,loser_rank,winner_rank_points,loser_rank_points,winner_age,loser_age,winner_hand,loser_hand,winner_ht,loser_ht,winner_seed,loser_seed,winner_entry,loser_entry
wta,2026-800,Brisbane,WTA 500,Hard,48,20260104,1,R64,3,,6-1 6-3,McCartney Kessler,Emiliana Arango,326678,324789,,,,,,,,,,,,,,
wta,2026-800,Brisbane,WTA 500,Hard,48,20260104,2,R64,3,,6-1 6-3,Ajla Tomljanovic,Elsa Jacquemot,315232,328142,,,,,,,,,,,,,,
wta,2026-800,Brisbane,WTA 500,Hard,48,20260104,3,R64,3,,7-5 4-6 6-4,Anastasia Potapova,Daria Kasatkina,325601,322082,,,,,,,,,,,,,,
wta,2026-800,Brisbane,WTA 500,Hard,48,20260104,4,R64,3,,6-3 6-1,Sorana Cirstea,Anastasia Pavlyuchenkova,312469,313796,,,,,,,,,,,,,,
wta,2026-800,Brisbane,WTA 500,Hard,48,20260104,5,R64,3,,6-4 4-6 6-3,Sofia Kenin,Elena-Gabriela Ruse,320942,320408,,,,,,,,,,,,,,
wta,2026-800,Brisbane,WTA 500,Hard,48,20260104,6,R64,3,,6-4 6-3,Marie Bouzkova,Jaqueline Cristian,320983,320319,,,,,,,,,,,,,,
wta,2026-800,Brisbane,WTA 500,Hard,48,20260104,7,R64,3,,6-4 3-6 6-3,Kimberly Birrell,Rebecca Sramkova,320728,320228,,,,,,,,,,,,,,
wta,2026-800,Brisbane,WTA 500,Hard,48,20260104,8,R64,3,,6-4 5-7 6-4,Shuai Zhang,Ashlyn Krueger,311779,329409,,,,,,,,,,,,,,
wta,2026-800,Brisbane,WTA 500,Hard,48,20260104,9,R64,3,,6-4 6-4,Olivia Gadecki,Ann Li,326653,326096,,,,,,,,,,,,,,
wta,2026-800,Brisbane,WTA 500,Hard,48,20260104,10,R64,3,,4-6 7-6(4) 6-2,Cristina Bucsa,Anna Bondar,321158,322942,,,,,,,,,,,,,,
wta,2026-800,Brisbane,WTA 500,Hard,48,20260104,11,R64,3,,6-2 6-4,Yulia Putintseva,Hailey Baptiste,317683,327101,,,,,,,,,,,,,,
wta,2026-800,Brisbane,WTA 500,Hard,48,20260104,12,R64,3,,7-5 6-1,Aliaksandra Sasnovich,Anna Blinkova,317790,324267,,,,,,,,,,,,,,
wta,2026-800,Brisbane,WTA 500,Hard,48,20260104,13,R64,3,,6-4 6-4,Anna Kalinskaya,Tereza Valentova,323942,330808,,,,,,,,,,,,,,
wta,2026-800,Brisbane,WTA 500,Hard,48,20260104,14,R64,3,,7-6(3) 7-6(4),Dayana Yastremska,Talia Gibson,324261,329393,,,,,,,,,,,,,,
wta,2026-800,Brisbane,WTA 500,Hard,48,20260104,15,R64,3,,7-5 6-7(3) 7-6(0),Magdalena Frech,Marketa Vondrousova,320277,323027,,,,,,,,,,,,,,
wta,2026-800,Brisbane,WTA 500,Hard,48,20260104,16,R64,3,,6-3 6-3,Emerson Jones,Tatjana Maria,333111,310440,,,,,,,,,,,,,,
wta,2026-800,Brisbane,WTA 500,Hard,48,20260104,17,R32,3,,6-4 6-3,Madison Keys,McCartney Kessler,316959,326678,,,,,,,,,,,5,,,
wta,2026-800,Brisbane,WTA 500,Hard,48,20260104,18,R32,3,,6-1 6-3,Diana Shnaider,Anastasia Potapova,330482,325601,,,,,,,,,,,12,,,
wta,2026-800,Brisbane,WTA 500,Hard,48,20260104,19,R32,3,,6-0 6-1,Aryna Sabalenka,Cristina Bucsa,320760,321158,,,,,,,,,,,1,,,
wta,2026-800,Brisbane,WTA 500,Hard,48,20260104,20,R32,3,,7-6(2) 6-3,Ekaterina Alexandrova,Sofia Kenin,319007,320942,,,,,,,,,,,7,,,
wta,2026-800,Brisbane,WTA 500,Hard,48,20260104,21,R32,3,,6-2 7-6(5),Sorana Cirstea,Jelena Ostapenko,312469,319939,,,,,,,,,,,,14,,
wta,2026-800,Brisbane,WTA 500,Hard,48,20260104,22,R32,3,,4-6 6-1 7-6(5),Karolina Muchova,Ajla Tomljanovic,322191,315232,,,,,,,,,,,11,,,
wta,2026-800,Brisbane,WTA 500,Hard,48,20260104,23,R32,3,,6-3 7-5,Elena Rybakina,Shuai Zhang,324166,311779,,,,,,,,,,,3,,,
wta,2026-800,Brisbane,WTA 500,Hard,48,20260104,24,R32,3,,6-7(4) 6-4 6-2,Paula Badosa,Marie Bouzkova,320124,320983,,,,,,,,,,,15,,,
wta,2026-800,Brisbane,WTA 500,Hard,48,20260104,25,R32,3,,6-1 6-2,Dayana Yastremska,Leylah Fernandez,324261,326735,,,,,,,,,,,,13,,
wta,2026-800,Brisbane,WTA 500,Hard,48,20260104,26,R32,3,,6-2 2-6 6-4,Jessica Pegula,Anna Kalinskaya,316956,323942,,,,,,,,,,,4,,,
wta,2026-800,Brisbane,WTA 500,Hard,48,20260104,27,R32,3,,6-2 6-3,Aliaksandra Sasnovich,Clara Tauson,317790,327793,,,,,,,,,,,,8,,
wta,2026-800,Brisbane,WTA 500,Hard,48,20260104,28,R32,3,,6-4 6-1,Liudmila Samsonova,Emerson Jones,322222,333111,,,,,,,,,,,10,,,
wta,2026-800,Brisbane,WTA 500,Hard,48,20260104,29,R32,3,,6-7(5) 6-4 6-4,Linda Noskova,Magdalena Frech,329668,320277,,,,,,,,,,,9,,,
wta,2026-800,Brisbane,WTA 500,Hard,48,20260104,30,R32,3,,4-6 6-1 6-2,Mirra Andreeva,Olivia Gadecki,331809,326653,,,,,,,,,,,6,,,
wta,2026-800,Brisbane,WTA 500,Hard,48,20260104,31,R32,3,,6-7(5) 6-1 6-0,Marta Kostyuk,Yulia Putintseva,326482,317683,,,,,,,,,,,16,,,
wta,2026-800,Brisbane,WTA 500,Hard,48,20260104,32,R32,3,,6-1 6-3,Amanda Anisimova,Kimberly Birrell,326384,320728,,,,,,,,,,,2,,,
wta,2026-800,Brisbane,WTA 500,Hard,48,20260104,33,R16,3,,6-3 6-3,Aryna Sabalenka,Sorana Cirstea,320760,312469,,,,,,,,,,,1,,,
wta,2026-800,Brisbane,WTA 500,Hard,48,20260104,34,R16,3,,6-3 6-2,Elena Rybakina,Paula Badosa,324166,320124,,,,,,,,,,,3,15,,
wta,2026-800,Brisbane,WTA 500,Hard,48,20260104,35,R16,3,,6-4 7-5,Karolina Muchova,Ekaterina Alexandrova,322191,319007,,,,,,,,,,,11,7,,
wta,2026-800,Brisbane,WTA 500,Hard,48,20260104,36,R16,3,,6-4 6-4,Liudmila Samsonova,Aliaksandra Sasnovich,322222,317790,,,,,,,,,,,10,,,
wta,2026-800,Brisbane,WTA 500,Hard,48,20260104,37,R16,3,,6-7(5) 7-6(5) 7-6(4),Madison Keys,Diana Shnaider,316959,330482,,,,,,,,,,,5,12,,
wta,2026-800,Brisbane,WTA 500,Hard,48,20260104,38,R16,3,,5-7 6-2 6-3,Jessica Pegula,Dayana Yastremska,316956,324261,,,,,,,,,,,4,,,
wta,2026-800,Brisbane,WTA 500,Hard,48,20260104,39,R16,3,,6-4 6-3,Marta Kostyuk,Amanda Anisimova,326482,326384,,,,,,,,,,,16,2,,
wta,2026-800,Brisbane,WTA 500,Hard,48,20260104,40,R16,3,,5-7 6-4 7-5,Mirra Andreeva,Linda Noskova,331809,329668,,,,,,,,,,,6,9,,
wta,2026-800,Brisbane,WTA 500,Hard,48,20260104,41,QF,3,,6-2 2-6 6-4,Karolina Muchova,Elena Rybakina,322191,324166,,,,,,,,,,,11,3,,
wta,2026-800,Brisbane,WTA 500,Hard,48,20260104,42,QF,3,,6-3 6-3,Aryna Sabalenka,Madison Keys,320760,316959,,,,,,,,,,,1,5,,
wta,2026-800,Brisbane,WTA 500,Hard,48,20260104,43,QF,3,,6-3 7-6(3),Jessica Pegula,Liudmila Samsonova,316956,322222,,,,,,,,,,,4,10,,
wta,2026-800,Brisbane,WTA 500,Hard,48,20260104,44,QF,3,,7-6(7) 6-3,Marta Kostyuk,Mirra Andreeva,326482,331809,,,,,,,,,,,16,6,,
wta,2026-800,Brisbane,WTA 500,Hard,48,20260104,45,SF,3,,6-3 6-4,Aryna Sabalenka,Karolina Muchova,320760,322191,,,,,,,,,,,1,11,,
wta,2026-800,Brisbane,WTA 500,Hard,48,20260104,46,SF,3,,6-0 6-3,Marta Kostyuk,Jessica Pegula,326482,316956,,,,,,,,,,,16,4,,
wta,2026-800,Brisbane,WTA 500,Hard,48,20260104,47,F,3,,6-4 6-3,Aryna Sabalenka,Marta Kostyuk,320760,326482,,,,,,,,,,,1,16,,
wta,2026-2096,Canberra 125,WTA 125,Hard,32,20260105,1,R32,3,,6-3 6-4,Yue Yuan,Hanne Vandewinkel,324325,331102,,,,,,,,,,,,8,,
wta,2026-2096,Canberra 125,WTA 125,Hard,32,20260105,2,R32,3,,6-7(2) 7-6(0) 6-2,Simona Waltert,Dominika Salkova,325771,330149,,,,,,,,,,,1,,,
wta,2026-2096,Canberra 125,WTA 125,Hard,32,20260105,3,R32,3,,6-4 6-4,Moyuka Uchijima,Madison Brengle,327241,312328,,,,,,,,,,,2,,,
wta,2026-2096,Canberra 125,WTA 125,Hard,32,20260105,4,R32,3,,6-2 6-2,Lanlana Tararudee,Tina Smith,329651,326908,,,,,,,,,,,,,,
wta,2026-2096,Canberra 125,WTA 125,Hard,32,20260105,5,R32,3,,6-7(5) 6-3 6-3,Polina Iatcenko,Destanee Aiava,330466,324219,,,,,,,,,,,,,,
wta,2026-2096,Canberra 125,WTA 125,Hard,32,20260105,6,R32,3,,6-4 6-0,Daria Snigur,Tamara Korpatsch,327845,319571,,,,,,,,,,,,7,,
wta,2026-2096,Canberra 125,WTA 125,Hard,32,20260105,7,R32,3,,7-6(5) 6-1,En-Shuo Liang,Lucrezia Stefanini,324830,323149,,,,,,,,,,,,,,
wta,2026-2096,Canberra 125,WTA 125,Hard,32,20260105,8,R32,3,,5-7 6-4 6-2,Joanna Garland,Diane Parry,326512,327077,,,,,,,,,,,,6,,
wta,2026-2096,Canberra 125,WTA 125,Hard,32,20260105,9,R32,3,,6-2 6-7(4) 6-3,Tamara Zidansek,Lucia Bronzetti,323079,322280,,,,,,,,,,,,4,,
wta,2026-2096,Canberra 125,WTA 125,Hard,32,20260105,10,R32,3,,6-2 6-3,Polina Kudermetova,Alina Korneeva,328897,331330,,,,,,,,,,,3,,,
wta,2026-2096,Canberra 125,WTA 125,Hard,32,20260105,11,R32,3,,6-4 6-4,Lola Radivojevic,Teodora Kostovic,330751,334791,,,,,,,,,,,,,,
wta,2026-2096,Canberra 125,WTA 125,Hard,32,20260105,12,R32,3,,6-3 6-2,Darja Vidmanova,Marina Stakusic,329057,329614,,,,,,,,,,,,,,
wta,2026-2096,Canberra 125,WTA 125,Hard,32,20260105,13,R32,3,,6-4 3-6 7-5,Mayar Sherif,Elena Micic,318711,330920,,,,,,,,,,,5,,,
wta,2026-2096,Canberra 125,WTA 125,Hard,32,20260105,14,R32,3,,6-2 6-7(2) 7-6(3),Ekaterine Gorgodze,Elvina Kalieva,314660,327834,,,,,,,,,,,,,,
wta,2026-2096,Canberra 125,WTA 125,Hard,32,20260105,15,R32,3,,7-5 6-2,Himeno Sakatsume,Tahlia Kokkinis,326568,332661,,,,,,,,,,,,,,
wta,2026-2096,Canberra 125,WTA 125,Hard,32,20260105,16,R32,3,,6-1 6-2,Tatiana Prozorova,Nikola Bartunkova,330723,330364,,,,,,,,,,,,,,
wta,2026-2096,Canberra 125,WTA 125,Hard,32,20260105,17,R16,3,,3-6 7-5 6-3,Simona Waltert,Darja Vidmanova,325771,329057,,,,,,,,,,,1,,,
wta,2026-2096,Canberra 125,WTA 125,Hard,32,20260105,18,R16,3,,6-4 6-2,Daria Snigur,En-Shuo Liang,327845,324830,,,,,,,,,,,,,,
wta,2026-2096,Canberra 125,WTA 125,Hard,32,20260105,19,R16,3,,6-4 6-1,Ekaterine Gorgodze,Moyuka Uchijima,314660,327241,,,,,,,,,,,,2,,
wta,2026-2096,Canberra 125,WTA 125,Hard,32,20260105,20,R16,3,,3-3 Ret'd,Joanna Garland,Polina Iatcenko,326512,330466,,,,,,,,,,,,,,
wta,2026-2096,Canberra 125,WTA 125,Hard,32,20260105,21,R16,3,,6-3 7-6(1),Polina Kudermetova,Lola Radivojevic,328897,330751,,,,,,,,,,,3,,,
wta,2026-2096,Canberra 125,WTA 125,Hard,32,20260105,22,R16,3,,7-6(5) 2-6 6-3,Tamara Zidansek,Lanlana Tararudee,323079,329651,,,,,,,,,,,,,,
wta,2026-2096,Canberra 125,WTA 125,Hard,32,20260105,23,R16,3,,6-3 3-6 6-3,Himeno Sakatsume,Mayar Sherif,326568,318711,,,,,,,,,,,,5,,
wta,2026-2096,Canberra 125,WTA 125,Hard,32,20260105,24,R16,3,,6-4 6-3,Yue Yuan,Tatiana Prozorova,324325,330723,,,,,,,,,,,,,,
wta,2026-2096,Canberra 125,WTA 125,Hard,32,20260105,25,QF,3,,6-2 6-4,Daria Snigur,Simona Waltert,327845,325771,,,,,,,,,,,,1,,
wta,2026-2096,Canberra 125,WTA 125,Hard,32,20260105,26,QF,3,,6-2 6-4,Joanna Garland,Tamara Zidansek,326512,323079,,,,,,,,,,,,,,
wta,2026-2096,Canberra 125,WTA 125,Hard,32,20260105,27,QF,3,,6-1 6-0,Polina Kudermetova,Yue Yuan,328897,324325,,,,,,,,,,,3,,,
wta,2026-2096,Canberra 125,WTA 125,Hard,32,20260105,28,QF,3,,3-6 6-2 6-0,Himeno Sakatsume,Ekaterine Gorgodze,326568,314660,,,,,,,,,,,,,,
wta,2026-2096,Canberra 125,WTA 125,Hard,32,20260105,29,SF,3,,7-6(3) 6-3,Joanna Garland,Daria Snigur,326512,327845,,,,,,,,,,,,,,
wta,2026-2096,Canberra 125,WTA 125,Hard,32,20260105,30,SF,3,,7-5 6-2,Polina Kudermetova,Himeno Sakatsume,328897,326568,,,,,,,,,,,3,,,
wta,2026-2096,Canberra 125,WTA 125,Hard,32,20260105,31,F,3,,6-4 6-2,Joanna Garland,Polina Kudermetova,326512,328897,,,,,,,,,,,,3,,
wta,2026-1049,Auckland,WTA 250,Hard,32,20260105,1,R32,3,,7-5 6-1,Sara Bejlek,Panna Udvardy,330375,325956,,,,,,,,,,,,,,
wta,2026-1049,Auckland,WTA 250,Hard,32,20260105,2,R32,3,,4-6 6-1 6-0,Iva Jovic,Gabriela Knutson,332285,321367,,,,,,,,,,,3,,,
wta,2026-1049,Auckland,WTA 250,Hard,32,20260105,3,R32,3,,6-4 3-6 6-1,Sofia Costoulas,Whitney Osuigwe,330451,326101,,,,,,,,,,,,,,
wta,2026-1049,Auckland,WTA 250,Hard,32,20260105,4,R32,3,,2-6 6-3 7-5,Xinyu Wang,Caty McNally,326376,325725,,,,,,,,,,,7,,,
wta,2026-1049,Auckland,WTA 250,Hard,32,20260105,5,R32,3,,6-2 7-5,Kaitlin Quevedo,Peyton Stearns,331742,327573,,,,,,,,,,,,8,,
wta,2026-1049,Auckland,WTA 250,Hard,32,20260105,6,R32,3,,6-3 6-3,Sinja Kraus,Julia Grabher,327061,320316,,,,,,,,,,,,,,
wta,2026-1049,Auckland,WTA 250,Hard,32,20260105,7,R32,3,,7-5 2-6 6-4,Francesca Jones,Emma Navarro,324479,325410,,,,,,,,,,,,2,,
wta,2026-1049,Auckland,WTA 250,Hard,32,20260105,8,R32,3,,7-5 4-6 6-2,Renata Zarazua,Sloane Stephens,320716,315683,,,,,,,,,,,,,,
wta,2026-1049,Auckland,WTA 250,Hard,32,20260105,9,R32,3,,6-3 6-3,Katie Boulter,Yuliia Starodubtseva,319125,325338,,,,,,,,,,,,,,
wta,2026-1049,Auckland,WTA 250,Hard,32,20260105,10,R32,3,,6-4 0-6 7-6(2),Petra Marcinko,Camila Osorio,330799,325898,,,,,,,,,,,,,,
wta,2026-1049,Auckland,WTA 250,Hard,32,20260105,11,R32,3,,6-2 6-1,Ella Seidel,Monique Barry,330548,327063,,,,,,,,,,,,,,
wta,2026-1049,Auckland,WTA 250,Hard,32,20260105,12,R32,3,,6-1 6-7(4) 6-3,Sonay Kartal,Janice Tjen,329918,328818,,,,,,,,,,,,6,,
wta,2026-1049,Auckland,WTA 250,Hard,32,20260105,13,R32,3,,6-4 4-6 6-2,Magda Linette,Venus Williams,315130,230220,,,,,,,,,,,5,,,
wta,2026-1049,Auckland,WTA 250,Hard,32,20260105,14,R32,3,,6-2 7-5,Elisabetta Cocciaretto,Alycia Parks,327909,326007,,,,,,,,,,,,,,
wta,2026-1049,Auckland,WTA 250,Hard,32,20260105,15,R32,3,,6-3 6-1,Elina Svitolina,Varvara Gracheva,316738,325836,,,,,,,,,,,1,,,
wta,2026-1049,Auckland,WTA 250,Hard,32,20260105,16,R32,3,,4-6 6-4 6-4,Alexandra Eala,Donna Vekic,330332,318516,,,,,,,,,,,4,,,
wta,2026-1049,Auckland,WTA 250,Hard,32,20260105,17,R16,3,,7-6(3) 6-4,Iva Jovic,Sara Bejlek,332285,330375,,,,,,,,,,,3,,,
wta,2026-1049,Auckland,WTA 250,Hard,32,20260105,18,R16,3,,1-6 6-4 6-1,Francesca Jones,Sinja Kraus,324479,327061,,,,,,,,,,,,,,
wta,2026-1049,Auckland,WTA 250,Hard,32,20260105,19,R16,3,,7-5 6-4,Xinyu Wang,Renata Zarazua,326376,320716,,,,,,,,,,,7,,,
wta,2026-1049,Auckland,WTA 250,Hard,32,20260105,20,R16,3,,6-2 6-0,Sofia Costoulas,Kaitlin Quevedo,330451,331742,,,,,,,,,,,,,,
wta,2026-1049,Auckland,WTA 250,Hard,32,20260105,21,R16,3,,6-0 6-2,Alexandra Eala,Petra Marcinko,330332,330799,,,,,,,,,,,4,,,
wta,2026-1049,Auckland,WTA 250,Hard,32,20260105,22,R16,3,,7-5 2-6 6-3,Magda Linette,Elisabetta Cocciaretto,315130,327909,,,,,,,,,,,5,,,
wta,2026-1049,Auckland,WTA 250,Hard,32,20260105,23,R16,3,,7-5 6-4,Elina Svitolina,Katie Boulter,316738,319125,,,,,,,,,,,1,,,
wta,2026-1049,Auckland,WTA 250,Hard,32,20260105,24,R16,3,,6-3 6-1,Sonay Kartal,Ella Seidel,329918,330548,,,,,,,,,,,,,,
wta,2026-1049,Auckland,WTA 250,Hard,32,20260105,25,QF,3,,6-4 4-3 Ret'd,Xinyu Wang,Francesca Jones,326376,324479,,,,,,,,,,,7,,,
wta,2026-1049,Auckland,WTA 250,Hard,32,20260105,26,QF,3,,6-3 6-2,Alexandra Eala,Magda Linette,330332,315130,,,,,,,,,,,4,5,,
wta,2026-1049,Auckland,WTA 250,Hard,32,20260105,27,QF,3,,6-2 7-6(6),Iva Jovic,Sofia Costoulas,332285,330451,,,,,,,,,,,3,,,
wta,2026-1049,Auckland,WTA 250,Hard,32,20260105,28,QF,3,,6-4 6-7(2) 7-6(5),Elina Svitolina,Sonay Kartal,316738,329918,,,,,,,,,,,1,,,
wta,2026-1049,Auckland,WTA 250,Hard,32,20260105,29,SF,3,,5-7 7-5 6-4,Xinyu Wang,Alexandra Eala,326376,330332,,,,,,,,,,,7,4,,
wta,2026-1049,Auckland,WTA 250,Hard,32,20260105,30,SF,3,,7-6(5) 6-2,Elina Svitolina,Iva Jovic,316738,332285,,,,,,,,,,,1,3,,
wta,2026-1049,Auckland,WTA 250,Hard,32,20260105,31,F,3,,6-3 7-6(6),Elina Svitolina,Xinyu Wang,316738,326376,,,,,,,,,,,1,7,,
wta,2026-1050,Hobart,WTA 250,Hard,32,20260112,1,R32,3,,6-7(5) 6-3 6-3,Renata Zarazua,Hailey Baptiste,320716,327101,,,,,,,,,,,,,,
wta,2026-1050,Hobart,WTA 250,Hard,32,20260112,2,R32,3,,6-4 7-6(4),Taylah Preston,Jessica Bouzas Maneiro,330291,328139,,,,,,,,,,,,5,,
wta,2026-1050,Hobart,WTA 250,Hard,32,20260112,3,R32,3,,4-6 7-5 6-2,Ann Li,Katie Volynets,326096,327391,,,,,,,,,,,4,,,
wta,2026-1050,Hobart,WTA 250,Hard,32,20260112,4,R32,3,,6-3 6-4,Elisabetta Cocciaretto,Ayano Shimizu,327909,324394,,,,,,,,,,,,,,
wta,2026-1050,Hobart,WTA 250,Hard,32,20260112,5,R32,3,,1-6 6-4 6-1,Solana Sierra,Caty McNally,329081,325725,,,,,,,,,,,,,,
wta,2026-1050,Hobart,WTA 250,Hard,32,20260112,6,R32,3,,4-6 6-4 6-4,Olga Danilovic,McCartney Kessler,324934,326678,,,,,,,,,,,,2,,
wta,2026-1050,Hobart,WTA 250,Hard,32,20260112,7,R32,3,,7-5 6-1,Antonia Ruzic,Emiliana Arango,329505,324789,,,,,,,,,,,,7,,
wta,2026-1050,Hobart,WTA 250,Hard,32,20260112,8,R32,3,,6-4 4-6 6-2,Rebecca Sramkova,Varvara Gracheva,320228,325836,,,,,,,,,,,,,,
wta,2026-1050,Hobart,WTA 250,Hard,32,20260112,9,R32,3,,6-0 6-1,Anna Bondar,Ella Seidel,322942,330548,,,,,,,,,,,,,,
wta,2026-1050,Hobart,WTA 250,Hard,32,20260112,10,R32,3,,6-4 1-6 7-6(4),Peyton Stearns,Barbora Krejcikova,327573,318314,,,,,,,,,,,,,,
wta,2026-1050,Hobart,WTA 250,Hard,32,20260112,11,R32,3,,6-0 6-1,Iva Jovic,Janice Tjen,332285,328818,,,,,,,,,,,3,,,
wta,2026-1050,Hobart,WTA 250,Hard,32,20260112,12,R32,3,,6-4 6-0,Magdalena Frech,Elsa Jacquemot,320277,328142,,,,,,,,,,,,,,
wta,2026-1050,Hobart,WTA 250,Hard,32,20260112,13,R32,3,,6-4 6-3,Tatjana Maria,Venus Williams,310440,230220,,,,,,,,,,,6,,,
wta,2026-1050,Hobart,WTA 250,Hard,32,20260112,14,R32,3,,6-2 6-3,Xinyu Wang,Talia Gibson,326376,329393,,,,,,,,,,,,,,
wta,2026-1050,Hobart,WTA 250,Hard,32,20260112,15,R32,3,,6-3 7-6(2),Emma Raducanu,Camila Osorio,328366,325898,,,,,,,,,,,1,,,
wta,2026-1050,Hobart,WTA 250,Hard,32,20260112,16,R32,3,,6-3 1-6 6-1,Magda Linette,Oksana Selekhmeteva,315130,329199,,,,,,,,,,,8,,,
wta,2026-1050,Hobart,WTA 250,Hard,32,20260112,17,R16,3,,1-6 7-5 7-5,Elisabetta Cocciaretto,Ann Li,327909,326096,,,,,,,,,,,,4,,
wta,2026-1050,Hobart,WTA 250,Hard,32,20260112,18,R16,3,,6-4 6-1,Taylah Preston,Rebecca Sramkova,330291,320228,,,,,,,,,,,,,,
wta,2026-1050,Hobart,WTA 250,Hard,32,20260112,19,R16,3,,6-1 6-2,Iva Jovic,Renata Zarazua,332285,320716,,,,,,,,,,,3,,,
wta,2026-1050,Hobart,WTA 250,Hard,32,20260112,20,R16,3,,7-6(7) 7-5,Anna Bondar,Tatjana Maria,322942,310440,,,,,,,,,,,,6,,
wta,2026-1050,Hobart,WTA 250,Hard,32,20260112,21,R16,3,,7-5 6-4,Antonia Ruzic,Solana Sierra,329505,329081,,,,,,,,,,,,,,
wta,2026-1050,Hobart,WTA 250,Hard,32,20260112,22,R16,3,,6-1 7-5,Magda Linette,Xinyu Wang,315130,326376,,,,,,,,,,,8,,,
wta,2026-1050,Hobart,WTA 250,Hard,32,20260112,23,R16,3,,7-6(2) 6-1,Olga Danilovic,Peyton Stearns,324934,327573,,,,,,,,,,,,,,
wta,2026-1050,Hobart,WTA 250,Hard,32,20260112,24,QF,3,,6-2 6-2,Elisabetta Cocciaretto,Anna Bondar,327909,322942,,,,,,,,,,,,,,
wta,2026-1050,Hobart,WTA 250,Hard,32,20260112,25,QF,3,,6-2 6-4,Taylah Preston,Emma Raducanu,330291,328366,,,,,,,,,,,,1,,
wta,2026-1050,Hobart,WTA 250,Hard,32,20260112,26,QF,3,,6-3 6-3,Antonia Ruzic,Olga Danilovic,329505,324934,,,,,,,,,,,,,,
wta,2026-1050,Hobart,WTA 250,Hard,32,20260112,27,QF,3,,6-3 6-7(5) 6-2,Iva Jovic,Magda Linette,332285,315130,,,,,,,,,,,3,8,,
wta,2026-1050,Hobart,WTA 250,Hard,32,20260112,28,SF,3,,6-3 6-2,Elisabetta Cocciaretto,Antonia Ruzic,327909,329505,,,,,,,,,,,,,,
wta,2026-1050,Hobart,WTA 250,Hard,32,20260112,29,SF,3,,4-6 6-4 6-1,Iva Jovic,Taylah Preston,332285,330291,,,,,,,,,,,3,,,
wta,2026-1050,Hobart,WTA 250,Hard,32,20260112,30,F,3,,6-4 6-4,Elisabetta Cocciaretto,Iva Jovic,327909,332285,,,,,,,,,,,,3,,
wta,2026-2014,Adelaide,WTA 500,Hard,30,20260112,1,R32,3,,5-7 6-3 6-2,Victoria Mboko,Beatriz Haddad Maia,331006,318176,,,,,,,,,,,8,,,
wta,2026-2014,Adelaide,WTA 500,Hard,30,20260112,2,R32,3,,6-3 6-3,Emma Navarro,Emerson Jones,325410,333111,,,,,,,,,,,6,,,
wta,2026-2014,Adelaide,WTA 500,Hard,30,20260112,3,R32,3,,7-6(5) 0-0 Ret'd,Ajla Tomljanovic,Clara Tauson,315232,327793,,,,,,,,,,,,5,,
wta,2026-2014,Adelaide,WTA 500,Hard,30,20260112,4,R32,3,,6-0 6-3,Anna Kalinskaya,Elena-Gabriela Ruse,323942,320408,,,,,,,,,,,,,,
wta,2026-2014,Adelaide,WTA 500,Hard,30,20260112,5,R32,3,,3-6 6-3 6-4,Marie Bouzkova,Paula Badosa,320983,320124,,,,,,,,,,,,,,
wta,2026-2014,Adelaide,WTA 500,Hard,30,20260112,6,R32,3,,6-4 6-4,Jaqueline Cristian,Ekaterina Alexandrova,320319,319007,,,,,,,,,,,,4,,
wta,2026-2014,Adelaide,WTA 500,Hard,30,20260112,7,R32,3,,7-6(2) 6-4,Daria Kasatkina,Maria Sakkari,322082,318312,,,,,,,,,,,,,,
wta,2026-2014,Adelaide,WTA 500,Hard,30,20260112,8,R32,3,,7-5 6-3,Diana Shnaider,Leylah Fernandez,330482,326735,,,,,,,,,,,9,,,
wta,2026-2014,Adelaide,WTA 500,Hard,30,20260112,9,R32,3,,6-1 4-6 6-2,Marketa Vondrousova,Liudmila Samsonova,323027,322222,,,,,,,,,,,,7,,
wta,2026-2014,Adelaide,WTA 500,Hard,30,20260112,10,R32,3,,6-4 6-4,Kimberly Birrell,Anastasia Potapova,320728,325601,,,,,,,,,,,,,,
wta,2026-2014,Adelaide,WTA 500,Hard,30,20260112,11,R32,3,,7-6(3) 6-4,Maya Joint,Sofia Kenin,330544,320942,,,,,,,,,,,,,,
wta,2026-2014,Adelaide,WTA 500,Hard,30,20260112,12,R32,3,,7-5 3-2 Ret'd,Tereza Valentova,Jelena Ostapenko,330808,319939,,,,,,,,,,,,,,
wta,2026-2014,Adelaide,WTA 500,Hard,30,20260112,13,R32,3,,6-4 6-4,Yulia Putintseva,Dalma Galfi,317683,321106,,,,,,,,,,,,,,
wta,2026-2014,Adelaide,WTA 500,Hard,30,20260112,14,R32,3,,6-0 6-1,Katerina Siniakova,Dayana Yastremska,320301,324261,,,,,,,,,,,,,,
wta,2026-2014,Adelaide,WTA 500,Hard,30,20260112,15,R16,3,,6-2 3-6 7-6(6),Victoria Mboko,Anna Kalinskaya,331006,323942,,,,,,,,,,,8,,,
wta,2026-2014,Adelaide,WTA 500,Hard,30,20260112,16,R16,3,,6-3 6-1,Mirra Andreeva,Marie Bouzkova,331809,320983,,,,,,,,,,,3,,,
wta,2026-2014,Adelaide,WTA 500,Hard,30,20260112,17,R16,3,,6-4 6-0,Jaqueline Cristian,Daria Kasatkina,320319,322082,,,,,,,,,,,,,,
wta,2026-2014,Adelaide,WTA 500,Hard,30,20260112,18,R16,3,,W/O,Kimberly Birrell,Marketa Vondrousova,320728,323027,,,,,,,,,,,,,,
wta,2026-2014,Adelaide,WTA 500,Hard,30,20260112,19,R16,3,,6-4 6-1,Madison Keys,Tereza Valentova,316959,330808,,,,,,,,,,,2,,,
wta,2026-2014,Adelaide,WTA 500,Hard,30,20260112,20,R16,3,,6-1 2-6 7-5,Diana Shnaider,Katerina Siniakova,330482,320301,,,,,,,,,,,9,,,
wta,2026-2014,Adelaide,WTA 500,Hard,30,20260112,21,R16,3,,6-1 6-4,Emma Navarro,Yulia Putintseva,325410,317683,,,,,,,,,,,6,,,
wta,2026-2014,Adelaide,WTA 500,Hard,30,20260112,22,R16,3,,2-0 Ret'd,Maya Joint,Ajla Tomljanovic,330544,315232,,,,,,,,,,,,,,
wta,2026-2014,Adelaide,WTA 500,Hard,30,20260112,23,QF,3,,5-7 6-1 7-5,Kimberly Birrell,Jaqueline Cristian,320728,320319,,,,,,,,,,,,,,
wta,2026-2014,Adelaide,WTA 500,Hard,30,20260112,24,QF,3,,6-4 4-6 6-2,Victoria Mboko,Madison Keys,331006,316959,,,,,,,,,,,8,2,,
wta,2026-2014,Adelaide,WTA 500,Hard,30,20260112,25,QF,3,,6-3 6-3,Diana Shnaider,Emma Navarro,330482,325410,,,,,,,,,,,9,6,,
wta,2026-2014,Adelaide,WTA 500,Hard,30,20260112,26,QF,3,,6-2 6-0,Mirra Andreeva,Maya Joint,331809,330544,,,,,,,,,,,3,,,
wta,2026-2014,Adelaide,WTA 500,Hard,30,20260112,27,SF,3,,6-2 6-1,Victoria Mboko,Kimberly Birrell,331006,320728,,,,,,,,,,,8,,,
wta,2026-2014,Adelaide,WTA 500,Hard,30,20260112,28,SF,3,,6-3 6-2,Mirra Andreeva,Diana Shnaider,331809,330482,,,,,,,,,,,3,9,,
wta,2026-2014,Adelaide,WTA 500,Hard,30,20260112,29,F,3,,6-3 6-1,Mirra Andreeva,Victoria Mboko,331809,331006,,,,,,,,,,,3,8,,
wta,2026-1153,Manila 125,WTA 125,Hard,32,20260126,1,R32,3,,6-2 3-6 6-2,Lanlana Tararudee,Simona Waltert,329651,325771,,,,,,,,,,,,7,,
wta,2026-1153,Manila 125,WTA 125,Hard,32,20260126,2,R32,3,,6-0 6-0,Mai Hontama,Elizabeth Abarquez,324750,337032,,,,,,,,,,,,,,
wta,2026-1153,Manila 125,WTA 125,Hard,32,20260126,3,R32,3,,6-0 6-4,Yuliia Starodubtseva,Peangtarn Plipuech,325338,316554,,,,,,,,,,,,,,
wta,2026-1153,Manila 125,WTA 125,Hard,32,20260126,4,R32,3,,6-4 6-3,Camila Osorio,Sakura Hosogi,325898,327398,,,,,,,,,,,5,,,
wta,2026-1153,Manila 125,WTA 125,Hard,32,20260126,5,R32,3,,6-3 7-5,Polina Kudermetova,Miho Kuramochi,328897,331153,,,,,,,,,,,,,,
wta,2026-1153,Manila 125,WTA 125,Hard,32,20260126,6,R32,3,,6-7(8) 7-6(4) 6-4,Sofia Costoulas,Viktoria Morvayova,330451,324465,,,,,,,,,,,,,,
wta,2026-1153,Manila 125,WTA 125,Hard,32,20260126,7,R32,3,,6-4 6-0,Mananchaya Sawangkaew,Tennielle Madis,326929,337030,,,,,,,,,,,,,,
wta,2026-1153,Manila 125,WTA 125,Hard,32,20260126,8,R32,3,,6-1 6-2,Alexandra Eala,Alina Charaeva,330332,329198,,,,,,,,,,,2,,,
wta,2026-1153,Manila 125,WTA 125,Hard,32,20260126,9,R32,3,,7-6(5) 6-4,Tatjana Maria,Leolia Jeanjean,310440,320313,,,,,,,,,,,1,,,
wta,2026-1153,Manila 125,WTA 125,Hard,32,20260126,10,R32,3,,6-1 6-0,Tatiana Prozorova,Kaye Ann Emana,330723,337031,,,,,,,,,,,,,,
wta,2026-1153,Manila 125,WTA 125,Hard,32,20260126,11,R32,3,,6-1 7-6(6),Ye-Xin Ma,Darja Semenistaja,322417,329457,,,,,,,,,,,,8,,
wta,2026-1153,Manila 125,WTA 125,Hard,32,20260126,12,R32,3,,6-2 6-2,Mariia Tkacheva,Sara Saito,328472,332175,,,,,,,,,,,,,,
wta,2026-1153,Manila 125,WTA 125,Hard,32,20260126,13,R32,3,,6-3 7-5,Himeno Sakatsume,Nao Hibino,326568,320238,,,,,,,,,,,,,,
wta,2026-1153,Manila 125,WTA 125,Hard,32,20260126,14,R32,3,,6-2 6-2,Donna Vekic,Kyoka Okamura,318516,319183,,,,,,,,,,,4,,,
wta,2026-1153,Manila 125,WTA 125,Hard,32,20260126,15,R32,3,,6-4 7-6(5),Solana Sierra,Joanna Garland,329081,326512,,,,,,,,,,,3,,,
wta,2026-1153,Manila 125,WTA 125,Hard,32,20260126,16,R32,3,,7-5 6-4,Lin Zhu,Lulu Sun,317306,324576,,,,,,,,,,,,6,,
wta,2026-1153,Manila 125,WTA 125,Hard,32,20260126,17,R16,3,,6-4 4-6 6-2,Camila Osorio,Mai Hontama,325898,324750,,,,,,,,,,,5,,,
wta,2026-1153,Manila 125,WTA 125,Hard,32,20260126,18,R16,3,,6-2 6-4,Sofia Costoulas,Ye-Xin Ma,330451,322417,,,,,,,,,,,,,,
wta,2026-1153,Manila 125,WTA 125,Hard,32,20260126,19,R16,3,,6-4 6-4,Lanlana Tararudee,Polina Kudermetova,329651,328897,,,,,,,,,,,,,,
wta,2026-1153,Manila 125,WTA 125,Hard,32,20260126,20,R16,3,,7-6(2) 6-4,Tatiana Prozorova,Tatjana Maria,330723,310440,,,,,,,,,,,,1,,
wta,2026-1153,Manila 125,WTA 125,Hard,32,20260126,21,R16,3,,6-1 6-2,Donna Vekic,Mariia Tkacheva,318516,328472,,,,,,,,,,,4,,,
wta,2026-1153,Manila 125,WTA 125,Hard,32,20260126,22,R16,3,,6-3 7-6(5),Lin Zhu,Mananchaya Sawangkaew,317306,326929,,,,,,,,,,,,,,
wta,2026-1153,Manila 125,WTA 125,Hard,32,20260126,23,R16,3,,6-4 6-3,Solana Sierra,Yuliia Starodubtseva,329081,325338,,,,,,,,,,,3,,,
wta,2026-1153,Manila 125,WTA 125,Hard,32,20260126,24,R16,3,,6-4 6-0,Alexandra Eala,Himeno Sakatsume,330332,326568,,,,,,,,,,,2,,,
wta,2026-1153,Manila 125,WTA 125,Hard,32,20260126,25,QF,3,,4-6 6-2 6-4,Tatiana Prozorova,Sofia Costoulas,330723,330451,,,,,,,,,,,,,,
wta,2026-1153,Manila 125,WTA 125,Hard,32,20260126,26,QF,3,,6-4 6-3,Donna Vekic,Lin Zhu,318516,317306,,,,,,,,,,,4,,,
wta,2026-1153,Manila 125,WTA 125,Hard,32,20260126,27,QF,3,,6-3 6-4,Solana Sierra,Lanlana Tararudee,329081,329651,,,,,,,,,,,3,,,
wta,2026-1153,Manila 125,WTA 125,Hard,32,20260126,28,QF,3,,6-4 6-4,Camila Osorio,Alexandra Eala,325898,330332,,,,,,,,,,,5,2,,
wta,2026-1153,Manila 125,WTA 125,Hard,32,20260126,29,SF,3,,6-2 6-4,Donna Vekic,Tatiana Prozorova,318516,330723,,,,,,,,,,,4,,,
wta,2026-1153,Manila 125,WTA 125,Hard,32,20260126,30,SF,3,,6-0 6-1,Camila Osorio,Solana Sierra,325898,329081,,,,,,,,,,,5,3,,
wta,2026-1153,Manila 125,WTA 125,Hard,32,20260126,31,F,3,,2-6 6-3 7-5,Camila Osorio,Donna Vekic,325898,318516,,,,,,,,,,,5,4,,
wta,2026-2088,Abu Dhabi,WTA 500,Hard,28,20260201,1,R32,3,,6-4 6-0,Liudmila Samsonova,Sofia Kenin,322222,320942,,,,,,,,,,,5,,,
wta,2026-2088,Abu Dhabi,WTA 500,Hard,28,20260201,2,R32,3,,6-3 6-3,McCartney Kessler,Anastasia Pavlyuchenkova,326678,313796,,,,,,,,,,,,,,
wta,2026-2088,Abu Dhabi,WTA 500,Hard,28,20260201,3,R32,3,,6-0 6-3,Leylah Fernandez,Chloe Paquet,326735,318839,,,,,,,,,,,6,,,
wta,2026-2088,Abu Dhabi,WTA 500,Hard,28,20260201,4,R32,3,,4-6 6-3 6-4,Hailey Baptiste,Teodora Kostovic,327101,334791,,,,,,,,,,,,,,
wta,2026-2088,Abu Dhabi,WTA 500,Hard,28,20260201,5,R32,3,,6-3 7-6(8),Sonay Kartal,Cristina Bucsa,329918,321158,,,,,,,,,,,,,,
wta,2026-2088,Abu Dhabi,WTA 500,Hard,28,20260201,6,R32,3,,6-3 6-0,Sara Bejlek,Ashlyn Krueger,330375,329409,,,,,,,,,,,,,,
wta,2026-2088,Abu Dhabi,WTA 500,Hard,28,20260201,7,R32,3,,6-4 3-6 6-1,Aliaksandra Sasnovich,Paula Badosa,317790,320124,,,,,,,,,,,,8,,
wta,2026-2088,Abu Dhabi,WTA 500,Hard,28,20260201,8,R32,3,,7-6(5) 3-6 6-4,Simona Waltert,Daria Kasatkina,325771,322082,,,,,,,,,,,,,,
wta,2026-2088,Abu Dhabi,WTA 500,Hard,28,20260201,9,R32,3,,7-6(6) 3-6 6-3,Janice Tjen,Maya Joint,328818,330544,,,,,,,,,,,,,,
wta,2026-2088,Abu Dhabi,WTA 500,Hard,28,20260201,10,R32,3,,6-2 7-5,Dayana Yastremska,Beatriz Haddad Maia,324261,318176,,,,,,,,,,,,,,
wta,2026-2088,Abu Dhabi,WTA 500,Hard,28,20260201,11,R32,3,,5-7 7-6(4) 6-2,Jelena Ostapenko,Oksana Selekhmeteva,319939,329199,,,,,,,,,,,7,,,
wta,2026-2088,Abu Dhabi,WTA 500,Hard,28,20260201,12,R32,3,,6-4 6-3,Alexandra Eala,Zeynep Sonmez,330332,326907,,,,,,,,,,,,,,
wta,2026-2088,Abu Dhabi,WTA 500,Hard,28,20260201,13,R16,3,,6-2 6-2,Liudmila Samsonova,Janice Tjen,322222,328818,,,,,,,,,,,5,,,
wta,2026-2088,Abu Dhabi,WTA 500,Hard,28,20260201,14,R16,3,,6-3 6-2,McCartney Kessler,Leylah Fernandez,326678,326735,,,,,,,,,,,,6,,
wta,2026-2088,Abu Dhabi,WTA 500,Hard,28,20260201,15,R16,3,,7-6(6) 0-6 6-3,Hailey Baptiste,Emma Navarro,327101,325410,,,,,,,,,,,,4,,
wta,2026-2088,Abu Dhabi,WTA 500,Hard,28,20260201,16,R16,3,,6-3 6-1,Clara Tauson,Simona Waltert,327793,325771,,,,,,,,,,,3,,,
wta,2026-2088,Abu Dhabi,WTA 500,Hard,28,20260201,17,R16,3,,6-3 6-0,Ekaterina Alexandrova,Dayana Yastremska,319007,324261,,,,,,,,,,,2,,,
wta,2026-2088,Abu Dhabi,WTA 500,Hard,28,20260201,18,R16,3,,6-4 6-3,Sara Bejlek,Jelena Ostapenko,330375,319939,,,,,,,,,,,,7,,
wta,2026-2088,Abu Dhabi,WTA 500,Hard,28,20260201,19,R16,3,,6-0 6-3,Sonay Kartal,Renata Zarazua,329918,320716,,,,,,,,,,,,,,
wta,2026-2088,Abu Dhabi,WTA 500,Hard,28,20260201,20,R16,3,,2-6 6-4 7-6(5),Alexandra Eala,Aliaksandra Sasnovich,330332,317790,,,,,,,,,,,,,,
wta,2026-2088,Abu Dhabi,WTA 500,Hard,28,20260201,21,QF,3,,6-3 6-4,Clara Tauson,McCartney Kessler,327793,326678,,,,,,,,,,,3,,,
wta,2026-2088,Abu Dhabi,WTA 500,Hard,28,20260201,22,QF,3,,6-0 6-2,Sara Bejlek,Sonay Kartal,330375,329918,,,,,,,,,,,,,,
wta,2026-2088,Abu Dhabi,WTA 500,Hard,28,20260201,23,QF,3,,6-3 6-3,Ekaterina Alexandrova,Alexandra Eala,319007,330332,,,,,,,,,,,2,,,
wta,2026-2088,Abu Dhabi,WTA 500,Hard,28,20260201,24,QF,3,,6-2 4-6 6-4,Hailey Baptiste,Liudmila Samsonova,327101,322222,,,,,,,,,,,,5,,
wta,2026-2088,Abu Dhabi,WTA 500,Hard,28,20260201,25,SF,3,,3-6 7-6(5) 6-3,Ekaterina Alexandrova,Hailey Baptiste,319007,327101,,,,,,,,,,,2,,,
wta,2026-2088,Abu Dhabi,WTA 500,Hard,28,20260201,26,SF,3,,7-5 3-6 7-5,Sara Bejlek,Clara Tauson,330375,327793,,,,,,,,,,,,3,,
wta,2026-2088,Abu Dhabi,WTA 500,Hard,28,20260201,27,F,3,,7-6(5) 6-1,Sara Bejlek,Ekaterina Alexandrova,330375,319007,,,,,,,,,,,,2,,
wta,2026-2050,Cluj-Napoca,WTA 250,Hard,32,20260201,1,R32,3,,6-4 5-7 6-2,Yue Yuan,Antonia Ruzic,324325,329505,,,,,,,,,,,,6,,
wta,2026-2050,Cluj-Napoca,WTA 250,Hard,32,20260201,2,R32,3,,6-2 7-5,Sara Sorribes Tormo,Viktoriya Tomova,318872,317584,,,,,,,,,,,,,,
wta,2026-2050,Cluj-Napoca,WTA 250,Hard,32,20260201,3,R32,3,,4-6 7-6(6) 6-0,Anna Bondar,Ella Seidel,322942,330548,,,,,,,,,,,8,,,
wta,2026-2050,Cluj-Napoca,WTA 250,Hard,32,20260201,4,R32,3,,6-7(6) 6-4 6-4,Oleksandra Oliynykova,Mayar Sherif,327182,318711,,,,,,,,,,,,,,
wta,2026-2050,Cluj-Napoca,WTA 250,Hard,32,20260201,5,R32,3,,4-6 6-2 6-2,Anastasia Zakharova,Karolina Pliskova,327367,313974,,,,,,,,,,,,,,
wta,2026-2050,Cluj-Napoca,WTA 250,Hard,32,20260201,6,R32,3,,6-3 6-4,Kaja Juvan,Elena Ruxandra Bertea,324702,332098,,,,,,,,,,,,,,
wta,2026-2050,Cluj-Napoca,WTA 250,Hard,32,20260201,7,R32,3,,6-1 6-4,Tamara Zidansek,Veronika Erjavec,323079,327655,,,,,,,,,,,,,,
wta,2026-2050,Cluj-Napoca,WTA 250,Hard,32,20260201,8,R32,3,,6-4 6-3,Olga Danilovic,Miriam Bulgaru,324934,323119,,,,,,,,,,,7,,,
wta,2026-2050,Cluj-Napoca,WTA 250,Hard,32,20260201,9,R32,3,,6-3 6-2,Maja Chwalinska,Ana Bogdan,325639,315427,,,,,,,,,,,,,,
wta,2026-2050,Cluj-Napoca,WTA 250,Hard,32,20260201,10,R32,3,,6-0 6-4,Emma Raducanu,Greet Minnen,328366,321454,,,,,,,,,,,1,,,
wta,2026-2050,Cluj-Napoca,WTA 250,Hard,32,20260201,11,R32,3,,6-4 6-4,Sorana Cirstea,Kamilla Rakhimova,312469,325936,,,,,,,,,,,3,,,
wta,2026-2050,Cluj-Napoca,WTA 250,Hard,32,20260201,12,R32,3,,5-7 6-4 7-5,Anastasia Potapova,Lucia Bronzetti,325601,322280,,,,,,,,,,,5,,,
wta,2026-2050,Cluj-Napoca,WTA 250,Hard,32,20260201,13,R32,3,,6-3 6-0,Xinyu Wang,Kaitlin Quevedo,326376,331742,,,,,,,,,,,4,,,
wta,2026-2050,Cluj-Napoca,WTA 250,Hard,32,20260201,14,R32,3,,6-1 4-6 6-2,Rebeka Masarova,Elena-Gabriela Ruse,322087,320408,,,,,,,,,,,,,,
wta,2026-2050,Cluj-Napoca,WTA 250,Hard,32,20260201,15,R32,3,,6-3 6-3,Daria Snigur,Tiantsoa Rakotomanga Rajaonah,327845,330970,,,,,,,,,,,,,,
wta,2026-2050,Cluj-Napoca,WTA 250,Hard,32,20260201,16,R32,3,,6-2 2-6 7-5,Jaqueline Cristian,Lucrezia Stefanini,320319,323149,,,,,,,,,,,2,,,
wta,2026-2050,Cluj-Napoca,WTA 250,Hard,32,20260201,17,R16,3,,6-4 6-4,Oleksandra Oliynykova,Anna Bondar,327182,322942,,,,,,,,,,,,8,,
wta,2026-2050,Cluj-Napoca,WTA 250,Hard,32,20260201,18,R16,3,,4-6 6-2 7-6(5),Yue Yuan,Sara Sorribes Tormo,324325,318872,,,,,,,,,,,,,,
wta,2026-2050,Cluj-Napoca,WTA 250,Hard,32,20260201,19,R16,3,,6-4 6-2,Xinyu Wang,Rebeka Masarova,326376,322087,,,,,,,,,,,4,,,
wta,2026-2050,Cluj-Napoca,WTA 250,Hard,32,20260201,20,R16,3,,1-6 6-4 6-3,Anastasia Potapova,Anastasia Zakharova,325601,327367,,,,,,,,,,,5,,,
wta,2026-2050,Cluj-Napoca,WTA 250,Hard,32,20260201,21,R16,3,,6-1 1-6 6-2,Maja Chwalinska,Olga Danilovic,325639,324934,,,,,,,,,,,,7,,
wta,2026-2050,Cluj-Napoca,WTA 250,Hard,32,20260201,22,R16,3,,6-1 6-0,Daria Snigur,Jaqueline Cristian,327845,320319,,,,,,,,,,,,2,,
wta,2026-2050,Cluj-Napoca,WTA 250,Hard,32,20260201,23,R16,3,,6-1 6-0,Sorana Cirstea,Tamara Zidansek,312469,323079,,,,,,,,,,,3,,,
wta,2026-2050,Cluj-Napoca,WTA 250,Hard,32,20260201,24,R16,3,,7-5 6-1,Emma Raducanu,Kaja Juvan,328366,324702,,,,,,,,,,,1,,,
wta,2026-2050,Cluj-Napoca,WTA 250,Hard,32,20260201,25,QF,3,,6-4 6-4,Oleksandra Oliynykova,Xinyu Wang,327182,326376,,,,,,,,,,,,4,,
wta,2026-2050,Cluj-Napoca,WTA 250,Hard,32,20260201,26,QF,3,,6-0 6-4,Emma Raducanu,Maja Chwalinska,328366,325639,,,,,,,,,,,1,,,
wta,2026-2050,Cluj-Napoca,WTA 250,Hard,32,20260201,27,QF,3,,7-5 6-4,Sorana Cirstea,Anastasia Potapova,312469,325601,,,,,,,,,,,3,5,,
wta,2026-2050,Cluj-Napoca,WTA 250,Hard,32,20260201,28,QF,3,,4-6 6-0 7-5,Daria Snigur,Yue Yuan,327845,324325,,,,,,,,,,,,,,
wta,2026-2050,Cluj-Napoca,WTA 250,Hard,32,20260201,29,SF,3,,7-5 3-6 6-3,Emma Raducanu,Oleksandra Oliynykova,328366,327182,,,,,,,,,,,1,,,
wta,2026-2050,Cluj-Napoca,WTA 250,Hard,32,20260201,30,SF,3,,6-0 6-3,Sorana Cirstea,Daria Snigur,312469,327845,,,,,,,,,,,3,,,
wta,2026-2050,Cluj-Napoca,WTA 250,Hard,32,20260201,31,F,3,,6-0 6-2,Sorana Cirstea,Emma Raducanu,312469,328366,,,,,,,,,,,3,1,,
wta,2026-1154,Ostrava,WTA 250,Hard,30,20260201,1,R32,3,,6-3 2-6 6-3,Elina Avanesyan,Moyuka Uchijima,327620,327241,,,,,,,,,,,,7,,
wta,2026-1154,Ostrava,WTA 250,Hard,30,20260201,2,R32,3,,6-2 6-1,Katie Volynets,Linda Klimovicova,327391,329061,,,,,,,,,,,,,,
wta,2026-1154,Ostrava,WTA 250,Hard,30,20260201,3,R32,3,,2-6 6-3 7-5,Tereza Martincova,Dalma Galfi,318060,321106,,,,,,,,,,,,,,
wta,2026-1154,Ostrava,WTA 250,Hard,30,20260201,4,R32,3,,7-5 6-3,Panna Udvardy,Darja Vidmanova,325956,329057,,,,,,,,,,,8,,,
wta,2026-1154,Ostrava,WTA 250,Hard,30,20260201,5,R32,3,,6-3 7-5,Caty McNally,Suzan Lamens,325725,324898,,,,,,,,,,,6,,,
wta,2026-1154,Ostrava,WTA 250,Hard,30,20260201,6,R32,3,,6-1 6-4,Diane Parry,Oceane Dodin,327077,319436,,,,,,,,,,,,,,
wta,2026-1154,Ostrava,WTA 250,Hard,30,20260201,7,R32,3,,7-6(3) 6-2,Alycia Parks,Julia Grabher,326007,320316,,,,,,,,,,,,,,
wta,2026-1154,Ostrava,WTA 250,Hard,30,20260201,8,R32,3,,6-4 6-4,Tamara Korpatsch,Anna Siskova,319571,324995,,,,,,,,,,,,,,
wta,2026-1154,Ostrava,WTA 250,Hard,30,20260201,9,R32,3,,6-1 6-1,Fiona Ferro,Brenda Fruhvirtova,319969,331545,,,,,,,,,,,,,,
wta,2026-1154,Ostrava,WTA 250,Hard,30,20260201,10,R32,3,,6-4 6-4,Nikola Bartunkova,Anna Blinkova,330364,324267,,,,,,,,,,,,3,,
wta,2026-1154,Ostrava,WTA 250,Hard,30,20260201,11,R32,3,,7-6(4) 6-4,Linda Fruhvirtova,Mona Barthel,329627,315365,,,,,,,,,,,,,,
wta,2026-1154,Ostrava,WTA 250,Hard,30,20260201,12,R32,3,,6-2 6-3,Rebecca Sramkova,Vendula Valdmannova,320228,331847,,,,,,,,,,,4,,,
wta,2026-1154,Ostrava,WTA 250,Hard,30,20260201,13,R32,3,,6-4 3-6 6-1,Katie Boulter,Lucie Havlickova,319125,330147,,,,,,,,,,,,,,
wta,2026-1154,Ostrava,WTA 250,Hard,30,20260201,14,R32,3,,6-4 6-0,Viktorija Golubic,Sinja Kraus,316296,327061,,,,,,,,,,,5,,,
wta,2026-1154,Ostrava,WTA 250,Hard,30,20260201,15,R16,3,,7-5 6-1,Katie Volynets,Tatjana Maria,327391,310440,,,,,,,,,,,,1,,
wta,2026-1154,Ostrava,WTA 250,Hard,30,20260201,16,R16,3,,6-4 6-4,Caty McNally,Tereza Martincova,325725,318060,,,,,,,,,,,6,,,
wta,2026-1154,Ostrava,WTA 250,Hard,30,20260201,17,R16,3,,6-4 6-2,Alycia Parks,Elina Avanesyan,326007,327620,,,,,,,,,,,,,,
wta,2026-1154,Ostrava,WTA 250,Hard,30,20260201,18,R16,3,,6-3 6-4,Tamara Korpatsch,Emiliana Arango,319571,324789,,,,,,,,,,,,2,,
wta,2026-1154,Ostrava,WTA 250,Hard,30,20260201,19,R16,3,,6-2 6-2,Katie Boulter,Viktorija Golubic,319125,316296,,,,,,,,,,,,5,,
wta,2026-1154,Ostrava,WTA 250,Hard,30,20260201,20,R16,3,,6-3 6-1,Linda Fruhvirtova,Rebecca Sramkova,329627,320228,,,,,,,,,,,,4,,
wta,2026-1154,Ostrava,WTA 250,Hard,30,20260201,21,R16,3,,6-4 3-6 6-1,Nikola Bartunkova,Fiona Ferro,330364,319969,,,,,,,,,,,,,,
wta,2026-1154,Ostrava,WTA 250,Hard,30,20260201,22,R16,3,,6-1 6-2,Diane Parry,Panna Udvardy,327077,325956,,,,,,,,,,,,8,,
wta,2026-1154,Ostrava,WTA 250,Hard,30,20260201,23,QF,3,,5-7 6-4 6-2,Katie Volynets,Alycia Parks,327391,326007,,,,,,,,,,,,,,
wta,2026-1154,Ostrava,WTA 250,Hard,30,20260201,24,QF,3,,6-3 6-2,Katie Boulter,Linda Fruhvirtova,319125,329627,,,,,,,,,,,,,,
wta,2026-1154,Ostrava,WTA 250,Hard,30,20260201,25,QF,3,,6-1 6-3,Diane Parry,Nikola Bartunkova,327077,330364,,,,,,,,,,,,,,
wta,2026-1154,Ostrava,WTA 250,Hard,30,20260201,26,QF,3,,6-4 6-2,Tamara Korpatsch,Caty McNally,319571,325725,,,,,,,,,,,,6,,
wta,2026-1154,Ostrava,WTA 250,Hard,30,20260201,27,SF,3,,6-1 6-3,Katie Boulter,Katie Volynets,319125,327391,,,,,,,,,,,,,,
wta,2026-1154,Ostrava,WTA 250,Hard,30,20260201,28,SF,3,,6-4 6-4,Tamara Korpatsch,Diane Parry,319571,327077,,,,,,,,,,,,,,
wta,2026-1154,Ostrava,WTA 250,Hard,30,20260201,29,F,3,,5-7 6-2 6-1,Katie Boulter,Tamara Korpatsch,319125,319571,,,,,,,,,,,,,,
wta,2026-1100,Mumbai 125,WTA 125,Hard,32,20260202,1,R32,3,,6-1 6-4,Mai Hontama,Alevtina Ibragimova,324750,332575,,,,,,,,,,,,,,
wta,2026-1100,Mumbai 125,WTA 125,Hard,32,20260202,2,R32,3,,6-2 6-1,Mananchaya Sawangkaew,Viktoria Morvayova,326929,324465,,,,,,,,,,,,,,
wta,2026-1100,Mumbai 125,WTA 125,Hard,32,20260202,3,R32,3,,5-7 6-3 6-3,Mei Yamaguchi,Polina Iatcenko,325473,330466,,,,,,,,,,,,8,,
wta,2026-1100,Mumbai 125,WTA 125,Hard,32,20260202,4,R32,3,,6-4 6-0,Misaki Matsuda,Ankita Raina,326780,317164,,,,,,,,,,,,,,
wta,2026-1100,Mumbai 125,WTA 125,Hard,32,20260202,5,R32,3,,6-4 6-3,Miho Kuramochi,Nicole Fossa Huergo,331153,318001,,,,,,,,,,,,,,
wta,2026-1100,Mumbai 125,WTA 125,Hard,32,20260202,6,R32,3,,6-2 6-0,Leolia Jeanjean,Vaidehee Chaudhari,320313,322990,,,,,,,,,,,3,,,
wta,2026-1100,Mumbai 125,WTA 125,Hard,32,20260202,7,R32,3,,6-3 6-1,Darja Semenistaja,Diletta Cherubini,329457,328173,,,,,,,,,,,2,,,
wta,2026-1100,Mumbai 125,WTA 125,Hard,32,20260202,8,R32,3,,6-3 6-3,Yasmine Kabbaj,Peangtarn Plipuech,330733,316554,,,,,,,,,,,,,,
wta,2026-1100,Mumbai 125,WTA 125,Hard,32,20260202,9,R32,3,,7-5 6-2,Eri Shimizu,Sahaja Yamalapalli,325295,331152,,,,,,,,,,,,,,
wta,2026-1100,Mumbai 125,WTA 125,Hard,32,20260202,10,R32,3,,6-1 0-0 Ret'd,Sohyun Park,Mingge Xu,326561,331725,,,,,,,,,,,,,,
wta,2026-1100,Mumbai 125,WTA 125,Hard,32,20260202,11,R32,3,,6-0 6-3,Fangran Tian,Rina Saigo,329397,326049,,,,,,,,,,,,,,
wta,2026-1100,Mumbai 125,WTA 125,Hard,32,20260202,12,R32,3,,6-1 6-3,Kristiana Sidorova,Shrivalli Bhamidipaty,331986,328071,,,,,,,,,,,,,,
wta,2026-1100,Mumbai 125,WTA 125,Hard,32,20260202,13,R32,3,,6-2 6-1,Tatiana Prozorova,Priska Nugroho,330723,328797,,,,,,,,,,,9,,,
wta,2026-1100,Mumbai 125,WTA 125,Hard,32,20260202,14,R32,3,,7-5 6-4,Lilli Tagger,Vaishnavi Adkar,332150,333018,,,,,,,,,,,7,,,
wta,2026-1100,Mumbai 125,WTA 125,Hard,32,20260202,15,R32,3,,6-3 6-3,Hanne Vandewinkel,Zuzanna Pawlikowska,331102,333753,,,,,,,,,,,4,,,
wta,2026-1100,Mumbai 125,WTA 125,Hard,32,20260202,16,R32,3,,6-3 6-2,Lanlana Tararudee,Maaya Rajeshwaran Revathi,329651,334512,,,,,,,,,,,5,,,
wta,2026-1100,Mumbai 125,WTA 125,Hard,32,20260202,17,R16,3,,6-4 7-6(3),Darja Semenistaja,Mai Hontama,329457,324750,,,,,,,,,,,2,,,
wta,2026-1100,Mumbai 125,WTA 125,Hard,32,20260202,18,R16,3,,4-6 6-4 7-6(5),Mei Yamaguchi,Yasmine Kabbaj,325473,330733,,,,,,,,,,,,,,
wta,2026-1100,Mumbai 125,WTA 125,Hard,32,20260202,19,R16,3,,6-3 6-3,Leolia Jeanjean,Miho Kuramochi,320313,331153,,,,,,,,,,,3,,,
wta,2026-1100,Mumbai 125,WTA 125,Hard,32,20260202,20,R16,3,,6-4 6-1,Mananchaya Sawangkaew,Misaki Matsuda,326929,326780,,,,,,,,,,,,,,
wta,2026-1100,Mumbai 125,WTA 125,Hard,32,20260202,21,R16,3,,2-6 6-4 6-4,Fangran Tian,Hanne Vandewinkel,329397,331102,,,,,,,,,,,,4,,
wta,2026-1100,Mumbai 125,WTA 125,Hard,32,20260202,22,R16,3,,3-6 6-3 6-0,Lanlana Tararudee,Sohyun Park,329651,326561,,,,,,,,,,,5,,,
wta,2026-1100,Mumbai 125,WTA 125,Hard,32,20260202,23,R16,3,,6-2 6-2,Lilli Tagger,Eri Shimizu,332150,325295,,,,,,,,,,,7,,,
wta,2026-1100,Mumbai 125,WTA 125,Hard,32,20260202,24,R16,3,,6-4 6-1,Tatiana Prozorova,Kristiana Sidorova,330723,331986,,,,,,,,,,,9,,,
wta,2026-1100,Mumbai 125,WTA 125,Hard,32,20260202,25,QF,3,,6-1 6-4,Mananchaya Sawangkaew,Tatiana Prozorova,326929,330723,,,,,,,,,,,,9,,
wta,2026-1100,Mumbai 125,WTA 125,Hard,32,20260202,26,QF,3,,4-6 6-3 6-2,Lanlana Tararudee,Leolia Jeanjean,329651,320313,,,,,,,,,,,5,3,,
wta,2026-1100,Mumbai 125,WTA 125,Hard,32,20260202,27,QF,3,,4-6 6-4 6-2,Lilli Tagger,Darja Semenistaja,332150,329457,,,,,,,,,,,7,2,,
wta,2026-1100,Mumbai 125,WTA 125,Hard,32,20260202,28,QF,3,,6-2 2-6 6-2,Fangran Tian,Mei Yamaguchi,329397,325473,,,,,,,,,,,,,,
wta,2026-1100,Mumbai 125,WTA 125,Hard,32,20260202,29,SF,3,,6-2 3-6 6-1,Mananchaya Sawangkaew,Lanlana Tararudee,326929,329651,,,,,,,,,,,,5,,
wta,2026-1100,Mumbai 125,WTA 125,Hard,32,20260202,30,SF,3,,6-2 7-6(3),Lilli Tagger,Fangran Tian,332150,329397,,,,,,,,,,,7,,,
wta,2026-1100,Mumbai 125,WTA 125,Hard,32,20260202,31,F,3,,6-4 6-3,Mananchaya Sawangkaew,Lilli Tagger,326929,332150,,,,,,,,,,,,7,,
wta,2026-1155,Oeiras 125 Indoor #1,WTA 125,Hard,32,20260209,1,R32,3,,6-7(4) 7-6(6) 7-6(4),Lucrezia Stefanini,Angelina Voloshchuk,323149,331776,,,,,,,,,,,,,,
wta,2026-1155,Oeiras 125 Indoor #1,WTA 125,Hard,32,20260209,2,R32,3,,6-0 6-1,Darja Vidmanova,Gabriela Agra Amorim,329057,336892,,,,,,,,,,,,,,
wta,2026-1155,Oeiras 125 Indoor #1,WTA 125,Hard,32,20260209,3,R32,3,,5-7 6-2 6-2,Iryna Shymanovich,Carole Monnet,320759,325991,,,,,,,,,,,,,,
wta,2026-1155,Oeiras 125 Indoor #1,WTA 125,Hard,32,20260209,4,R32,3,,6-4 6-2,Suzan Lamens,Aliona Bolsova,324898,320735,,,,,,,,,,,3,,,
wta,2026-1155,Oeiras 125 Indoor #1,WTA 125,Hard,32,20260209,5,R32,3,,6-1 6-7(4) 6-4,Viktorija Golubic,Elina Avanesyan,316296,327620,,,,,,,,,,,1,,,
wta,2026-1155,Oeiras 125 Indoor #1,WTA 125,Hard,32,20260209,6,R32,3,,6-1 6-2,Francisca Jorge,Linda Klimovicova,324948,329061,,,,,,,,,,,,8,,
wta,2026-1155,Oeiras 125 Indoor #1,WTA 125,Hard,32,20260209,7,R32,3,,6-2 3-6 6-1,Maja Chwalinska,Noma Noha Akugue,325639,328631,,,,,,,,,,,,,,
wta,2026-1155,Oeiras 125 Indoor #1,WTA 125,Hard,32,20260209,8,R32,3,,6-4 6-3,Lola Radivojevic,Dominika Salkova,330751,330149,,,,,,,,,,,,,,
wta,2026-1155,Oeiras 125 Indoor #1,WTA 125,Hard,32,20260209,9,R32,3,,6-0 7-5,Matilde Jorge,Varvara Lepchenko,328730,120420,,,,,,,,,,,,,,
wta,2026-1155,Oeiras 125 Indoor #1,WTA 125,Hard,32,20260209,10,R32,3,,6-1 6-4,Anhelina Kalinina,En-Shuo Liang,320567,324830,,,,,,,,,,,,,,
wta,2026-1155,Oeiras 125 Indoor #1,WTA 125,Hard,32,20260209,11,R32,3,,6-7(4) 6-3 6-4,Nuria Parrizas Diaz,Tiantsoa Rakotomanga Rajaonah,314359,330970,,,,,,,,,,,,5,,
wta,2026-1155,Oeiras 125 Indoor #1,WTA 125,Hard,32,20260209,12,R32,3,,6-4 6-4,Leyre Romero Gormaz,Victoria Jimenez Kasintseva,326891,330352,,,,,,,,,,,,4,,
wta,2026-1155,Oeiras 125 Indoor #1,WTA 125,Hard,32,20260209,13,R32,3,,6-0 6-3,Dalma Galfi,Fiona Crawley,321106,327781,,,,,,,,,,,2,,,
wta,2026-1155,Oeiras 125 Indoor #1,WTA 125,Hard,32,20260209,14,R32,3,,3-6 6-0 6-0,Alina Korneeva,Anna-Lena Friedsam,331330,319091,,,,,,,,,,,,,,
wta,2026-1155,Oeiras 125 Indoor #1,WTA 125,Hard,32,20260209,15,R32,3,,6-0 6-3,Greet Minnen,Dalila Jakupovic,321454,315294,,,,,,,,,,,7,,,
wta,2026-1155,Oeiras 125 Indoor #1,WTA 125,Hard,32,20260209,16,R32,3,,6-0 6-1,Kaitlin Quevedo,Viktoriya Tomova,331742,317584,,,,,,,,,,,9,,,
wta,2026-1155,Oeiras 125 Indoor #1,WTA 125,Hard,32,20260209,17,R16,3,,6-4 6-0,Suzan Lamens,Iryna Shymanovich,324898,320759,,,,,,,,,,,3,,,
wta,2026-1155,Oeiras 125 Indoor #1,WTA 125,Hard,32,20260209,18,R16,3,,0-6 6-0 7-5,Darja Vidmanova,Francisca Jorge,329057,324948,,,,,,,,,,,,,,
wta,2026-1155,Oeiras 125 Indoor #1,WTA 125,Hard,32,20260209,19,R16,3,,6-1 6-2,Dalma Galfi,Anhelina Kalinina,321106,320567,,,,,,,,,,,2,,,
wta,2026-1155,Oeiras 125 Indoor #1,WTA 125,Hard,32,20260209,20,R16,3,,6-1 6-1,Maja Chwalinska,Nuria Parrizas Diaz,325639,314359,,,,,,,,,,,,,,
wta,2026-1155,Oeiras 125 Indoor #1,WTA 125,Hard,32,20260209,21,R16,3,,7-5 4-6 6-3,Matilde Jorge,Kaitlin Quevedo,328730,331742,,,,,,,,,,,,9,,
wta,2026-1155,Oeiras 125 Indoor #1,WTA 125,Hard,32,20260209,22,R16,3,,6-4 6-1,Leyre Romero Gormaz,Lola Radivojevic,326891,330751,,,,,,,,,,,,,,
wta,2026-1155,Oeiras 125 Indoor #1,WTA 125,Hard,32,20260209,23,R16,3,,3-6 6-2 6-4,Alina Korneeva,Greet Minnen,331330,321454,,,,,,,,,,,,7,,
wta,2026-1155,Oeiras 125 Indoor #1,WTA 125,Hard,32,20260209,24,R16,3,,6-0 5-7 7-5,Lucrezia Stefanini,Viktorija Golubic,323149,316296,,,,,,,,,,,,1,,
wta,2026-1155,Oeiras 125 Indoor #1,WTA 125,Hard,32,20260209,25,QF,3,,7-6(1) 7-6(4),Alina Korneeva,Leyre Romero Gormaz,331330,326891,,,,,,,,,,,,,,
wta,2026-1155,Oeiras 125 Indoor #1,WTA 125,Hard,32,20260209,26,QF,3,,2-6 6-1 7-6(6),Matilde Jorge,Lucrezia Stefanini,328730,323149,,,,,,,,,,,,,,
wta,2026-1155,Oeiras 125 Indoor #1,WTA 125,Hard,32,20260209,27,QF,3,,6-1 6-2,Maja Chwalinska,Suzan Lamens,325639,324898,,,,,,,,,,,,3,,
wta,2026-1155,Oeiras 125 Indoor #1,WTA 125,Hard,32,20260209,28,QF,3,,6-4 5-7 6-1,Darja Vidmanova,Dalma Galfi,329057,321106,,,,,,,,,,,,2,,
wta,2026-1155,Oeiras 125 Indoor #1,WTA 125,Hard,32,20260209,29,SF,3,,6-4 3-6 7-6(5),Darja Vidmanova,Maja Chwalinska,329057,325639,,,,,,,,,,,,,,
wta,2026-1155,Oeiras 125 Indoor #1,WTA 125,Hard,32,20260209,30,SF,3,,6-0 6-3,Alina Korneeva,Matilde Jorge,331330,328730,,,,,,,,,,,,,,
wta,2026-1155,Oeiras 125 Indoor #1,WTA 125,Hard,32,20260209,31,F,3,,7-5 6-1,Alina Korneeva,Darja Vidmanova,331330,329057,,,,,,,,,,,,,,
wta,2026-2051,Midland 125,WTA 125,Hard,32,20260216,1,R32,3,,6-3 6-2,Madison Brengle,Katrina Scott,312328,329115,,,,,,,,,,,,,,
wta,2026-2051,Midland 125,WTA 125,Hard,32,20260216,2,R32,3,,3-6 7-6(9) 6-2,Mary Stoiana,Hanna Chang,330265,321743,,,,,,,,,,,8,,,
wta,2026-2051,Midland 125,WTA 125,Hard,32,20260216,3,R32,3,,7-5 6-2,Anna Frey,Elizabeth Mandlik,333703,326379,,,,,,,,,,,,6,,
wta,2026-2051,Midland 125,WTA 125,Hard,32,20260216,4,R32,3,,7-5 2-6 7-5,Katherine Sebov,Ashlyn Krueger,322214,329409,,,,,,,,,,,,1,,
wta,2026-2051,Midland 125,WTA 125,Hard,32,20260216,5,R32,3,,6-2 6-3,Xiaodi You,Lia Karatancheva,322451,327773,,,,,,,,,,,,,,
wta,2026-2051,Midland 125,WTA 125,Hard,32,20260216,6,R32,3,,6-4 6-3,Whitney Osuigwe,Dalayna Hewitt,326101,325048,,,,,,,,,,,4,,,
wta,2026-2051,Midland 125,WTA 125,Hard,32,20260216,7,R32,3,,6-0 6-4,Alina Charaeva,Shilin Xu,329198,320329,,,,,,,,,,,5,,,
wta,2026-2051,Midland 125,WTA 125,Hard,32,20260216,8,R32,3,,6-2 6-3,Gabriela Lee,Lea Ma,319454,328878,,,,,,,,,,,,,,
wta,2026-2051,Midland 125,WTA 125,Hard,32,20260216,9,R32,3,,6-4 2-6 6-2,Katarina Jokic,Elizabeth Jones,321292,337068,,,,,,,,,,,,,,
wta,2026-2051,Midland 125,WTA 125,Hard,32,20260216,10,R32,3,,6-4 5-7 6-4,Kayla Cross,Cadence Brace,330960,330432,,,,,,,,,,,,,,
wta,2026-2051,Midland 125,WTA 125,Hard,32,20260216,11,R32,3,,6-4 6-2,Elvina Kalieva,Anna Rogers,327834,328647,,,,,,,,,,,3,,,
wta,2026-2051,Midland 125,WTA 125,Hard,32,20260216,12,R32,3,,3-6 6-4 6-2,Hanyu Guo,Louisa Chirico,323087,320218,,,,,,,,,,,,7,,
wta,2026-2051,Midland 125,WTA 125,Hard,32,20260216,13,R32,3,,3-6 6-1 6-3,Sakura Hosogi,Claire Liu,327398,323966,,,,,,,,,,,,,,
wta,2026-2051,Midland 125,WTA 125,Hard,32,20260216,14,R32,3,,6-4 6-2,Kayla Day,Elizabeth Coleman,322534,327833,,,,,,,,,,,,,,
wta,2026-2051,Midland 125,WTA 125,Hard,32,20260216,15,R32,3,,6-2 5-7 6-4,Nao Hibino,Carolyn Ansari,320238,331593,,,,,,,,,,,,,,
wta,2026-2051,Midland 125,WTA 125,Hard,32,20260216,16,R32,3,,6-2 6-1,Darja Vidmanova,Kanon Sawashiro,329057,333485,,,,,,,,,,,2,,,
wta,2026-2051,Midland 125,WTA 125,Hard,32,20260216,17,R16,3,,6-2 6-2,Katherine Sebov,Kayla Cross,322214,330960,,,,,,,,,,,,,,
wta,2026-2051,Midland 125,WTA 125,Hard,32,20260216,18,R16,3,,6-2 6-2,Mary Stoiana,Madison Brengle,330265,312328,,,,,,,,,,,8,,,
wta,2026-2051,Midland 125,WTA 125,Hard,32,20260216,19,R16,3,,6-4 7-6(4),Alina Charaeva,Xiaodi You,329198,322451,,,,,,,,,,,5,,,
wta,2026-2051,Midland 125,WTA 125,Hard,32,20260216,20,R16,3,,6-4 3-6 6-3,Anna Frey,Kayla Day,333703,322534,,,,,,,,,,,,,,
wta,2026-2051,Midland 125,WTA 125,Hard,32,20260216,21,R16,3,,6-2 6-2,Darja Vidmanova,Gabriela Lee,329057,319454,,,,,,,,,,,2,,,
wta,2026-2051,Midland 125,WTA 125,Hard,32,20260216,22,R16,3,,6-2 6-4,Nao Hibino,Whitney Osuigwe,320238,326101,,,,,,,,,,,,4,,
wta,2026-2051,Midland 125,WTA 125,Hard,32,20260216,23,R16,3,,6-1 1-0 Ret'd,Hanyu Guo,Katarina Jokic,323087,321292,,,,,,,,,,,,,,
wta,2026-2051,Midland 125,WTA 125,Hard,32,20260216,24,R16,3,,6-2 6-2,Elvina Kalieva,Sakura Hosogi,327834,327398,,,,,,,,,,,3,,,
wta,2026-2051,Midland 125,WTA 125,Hard,32,20260216,25,QF,3,,6-2 6-2,Darja Vidmanova,Anna Frey,329057,333703,,,,,,,,,,,2,,,
wta,2026-2051,Midland 125,WTA 125,Hard,32,20260216,26,QF,3,,7-6(5) 6-3,Alina Charaeva,Nao Hibino,329198,320238,,,,,,,,,,,5,,,
wta,2026-2051,Midland 125,WTA 125,Hard,32,20260216,27,QF,3,,6-3 6-4,Mary Stoiana,Katherine Sebov,330265,322214,,,,,,,,,,,8,,,
wta,2026-2051,Midland 125,WTA 125,Hard,32,20260216,28,QF,3,,6-2 2-6 7-6(8),Hanyu Guo,Elvina Kalieva,323087,327834,,,,,,,,,,,,3,,
wta,2026-2051,Midland 125,WTA 125,Hard,32,20260216,29,SF,3,,7-6(4) 6-7(2) 7-5,Hanyu Guo,Mary Stoiana,323087,330265,,,,,,,,,,,,8,,
wta,2026-2051,Midland 125,WTA 125,Hard,32,20260216,30,SF,3,,3-6 6-3 6-4,Alina Charaeva,Darja Vidmanova,329198,329057,,,,,,,,,,,5,2,,
wta,2026-2051,Midland 125,WTA 125,Hard,32,20260216,31,F,3,,6-4 7-6(4),Alina Charaeva,Hanyu Guo,329198,323087,,,,,,,,,,,5,,,
wta,2026-1157,Les Sables D'Olonne 125,WTA 125,Hard,32,20260216,1,R32,3,,6-3 6-3,Carol Young Suh Lee,Anna-Lena Friedsam,329383,319091,,,,,,,,,,,,,,
wta,2026-1157,Les Sables D'Olonne 125,WTA 125,Hard,32,20260216,2,R32,3,,6-1 6-4,Diana Martynov,Lisa Pigato,328625,328193,,,,,,,,,,,,,,
wta,2026-1157,Les Sables D'Olonne 125,WTA 125,Hard,32,20260216,3,R32,3,,6-4 6-2,Astrid Lew Yan Foon,Ekaterina Kazionova,330713,323244,,,,,,,,,,,,,,
wta,2026-1157,Les Sables D'Olonne 125,WTA 125,Hard,32,20260216,4,R32,3,,7-5 6-1,Dominika Salkova,Anastasiia Sobolieva,330149,329858,,,,,,,,,,,8,,,
wta,2026-1157,Les Sables D'Olonne 125,WTA 125,Hard,32,20260216,5,R32,3,,6-1 6-2,Sofia Costoulas,Chloe Paquet,330451,318839,,,,,,,,,,,6,,,
wta,2026-1157,Les Sables D'Olonne 125,WTA 125,Hard,32,20260216,6,R32,3,,4-6 6-0 6-0,Mona Barthel,Tiphanie Lemaitre,315365,324972,,,,,,,,,,,,,,
wta,2026-1157,Les Sables D'Olonne 125,WTA 125,Hard,32,20260216,7,R32,3,,7-6(2) 6-4,Manon Leonard,Raluka Serban,325794,321280,,,,,,,,,,,,,,
wta,2026-1157,Les Sables D'Olonne 125,WTA 125,Hard,32,20260216,8,R32,3,,6-4 3-6 6-3,Camilla Rosatello,Greet Minnen,318201,321454,,,,,,,,,,,,3,,
wta,2026-1157,Les Sables D'Olonne 125,WTA 125,Hard,32,20260216,9,R32,3,,6-3 3-1 Ret'd,Aliona Bolsova,Darja Semenistaja,320735,329457,,,,,,,,,,,,1,,
wta,2026-1157,Les Sables D'Olonne 125,WTA 125,Hard,32,20260216,10,R32,3,,6-3 6-3,Anna Siskova,Jessika Ponchet,324995,319421,,,,,,,,,,,,,,
wta,2026-1157,Les Sables D'Olonne 125,WTA 125,Hard,32,20260216,11,R32,3,,7-5 6-1,Andrea Lazaro Garcia,Lucia Bronzetti,318080,322280,,,,,,,,,,,,7,,
wta,2026-1157,Les Sables D'Olonne 125,WTA 125,Hard,32,20260216,12,R32,3,,6-1 4-1 Ret'd,Harmony Tan,Irene Burillo,320016,321157,,,,,,,,,,,,,,
wta,2026-1157,Les Sables D'Olonne 125,WTA 125,Hard,32,20260216,13,R32,3,,6-2 6-2,Oceane Dodin,Tamara Korpatsch,319436,319571,,,,,,,,,,,,2,,
wta,2026-1157,Les Sables D'Olonne 125,WTA 125,Hard,32,20260216,14,R32,3,,6-3 6-7(2) 7-6(2),Kristina Mladenovic,Yidi Yang,315616,324323,,,,,,,,,,,,,,
wta,2026-1157,Les Sables D'Olonne 125,WTA 125,Hard,32,20260216,15,R32,3,,6-2 6-4,Fiona Ferro,Lucrezia Stefanini,319969,323149,,,,,,,,,,,,4,,
wta,2026-1157,Les Sables D'Olonne 125,WTA 125,Hard,32,20260216,16,R32,3,,4-6 6-2 6-3,Alina Korneeva,Lola Radivojevic,331330,330751,,,,,,,,,,,,5,,
wta,2026-1157,Les Sables D'Olonne 125,WTA 125,Hard,32,20260216,17,R16,3,,6-1 6-7(5) 6-1,Mona Barthel,Camilla Rosatello,315365,318201,,,,,,,,,,,,,,
wta,2026-1157,Les Sables D'Olonne 125,WTA 125,Hard,32,20260216,18,R16,3,,6-1 7-6(3),Dominika Salkova,Anna Siskova,330149,324995,,,,,,,,,,,8,,,
wta,2026-1157,Les Sables D'Olonne 125,WTA 125,Hard,32,20260216,19,R16,3,,6-2 7-5,Carol Young Suh Lee,Aliona Bolsova,329383,320735,,,,,,,,,,,,,,
wta,2026-1157,Les Sables D'Olonne 125,WTA 125,Hard,32,20260216,20,R16,3,,6-2 6-2,Sofia Costoulas,Astrid Lew Yan Foon,330451,330713,,,,,,,,,,,6,,,
wta,2026-1157,Les Sables D'Olonne 125,WTA 125,Hard,32,20260216,21,R16,3,,4-6 6-0 7-5,Diana Martynov,Oceane Dodin,328625,319436,,,,,,,,,,,,,,
wta,2026-1157,Les Sables D'Olonne 125,WTA 125,Hard,32,20260216,22,R16,3,,6-3 6-0,Alina Korneeva,Harmony Tan,331330,320016,,,,,,,,,,,,,,
wta,2026-1157,Les Sables D'Olonne 125,WTA 125,Hard,32,20260216,23,R16,3,,6-1 3-2 Ret'd,Fiona Ferro,Kristina Mladenovic,319969,315616,,,,,,,,,,,,,,
wta,2026-1157,Les Sables D'Olonne 125,WTA 125,Hard,32,20260216,24,R16,3,,3-6 6-4 7-5,Andrea Lazaro Garcia,Manon Leonard,318080,325794,,,,,,,,,,,,,,
wta,2026-1157,Les Sables D'Olonne 125,WTA 125,Hard,32,20260216,25,QF,3,,6-1 6-2,Alina Korneeva,Carol Young Suh Lee,331330,329383,,,,,,,,,,,,,,
wta,2026-1157,Les Sables D'Olonne 125,WTA 125,Hard,32,20260216,26,QF,3,,6-4 6-3,Fiona Ferro,Sofia Costoulas,319969,330451,,,,,,,,,,,,6,,
wta,2026-1157,Les Sables D'Olonne 125,WTA 125,Hard,32,20260216,27,QF,3,,2-6 6-4 6-2,Dominika Salkova,Mona Barthel,330149,315365,,,,,,,,,,,8,,,
wta,2026-1157,Les Sables D'Olonne 125,WTA 125,Hard,32,20260216,28,QF,3,,6-4 6-3,Andrea Lazaro Garcia,Diana Martynov,318080,328625,,,,,,,,,,,,,,
wta,2026-1157,Les Sables D'Olonne 125,WTA 125,Hard,32,20260216,29,SF,3,,7-6(5) 6-2,Dominika Salkova,Alina Korneeva,330149,331330,,,,,,,,,,,8,,,
wta,2026-1157,Les Sables D'Olonne 125,WTA 125,Hard,32,20260216,30,SF,3,,6-2 6-2,Andrea Lazaro Garcia,Fiona Ferro,318080,319969,,,,,,,,,,,,,,
wta,2026-1157,Les Sables D'Olonne 125,WTA 125,Hard,32,20260216,31,F,3,,6-4 6-0,Dominika Salkova,Andrea Lazaro Garcia,330149,318080,,,,,,,,,,,8,,,
wta,2026-1156,Oeiras 125 Indoor #2,WTA 125,Hard,32,20260216,1,R32,3,,6-4 1-0 Ret'd,Ayana Akli,Gabriela Knutson,333700,321367,,,,,,,,,,,,,,
wta,2026-1156,Oeiras 125 Indoor #2,WTA 125,Hard,32,20260216,2,R32,3,,6-1 6-0,Viktorija Golubic,Ana Filipa Santos,316296,318790,,,,,,,,,,,1,,,
wta,2026-1156,Oeiras 125 Indoor #2,WTA 125,Hard,32,20260216,3,R32,3,,4-6 6-1 6-2,Suzan Lamens,Carole Monnet,324898,325991,,,,,,,,,,,3,,,
wta,2026-1156,Oeiras 125 Indoor #2,WTA 125,Hard,32,20260216,4,R32,3,,6-3 7-5,Kaitlin Quevedo,Emily Appleton,331742,323694,,,,,,,,,,,7,,,
wta,2026-1156,Oeiras 125 Indoor #2,WTA 125,Hard,32,20260216,5,R32,3,,6-0 6-1,Fiona Crawley,Madalena Matias,327781,336085,,,,,,,,,,,,,,
wta,2026-1156,Oeiras 125 Indoor #2,WTA 125,Hard,32,20260216,6,R32,3,,6-2 4-6 6-4,Angelina Voloshchuk,Elina Avanesyan,331776,327620,,,,,,,,,,,,,,
wta,2026-1156,Oeiras 125 Indoor #2,WTA 125,Hard,32,20260216,7,R32,3,,6-2 6-4,Viktoriya Tomova,Dalila Jakupovic,317584,315294,,,,,,,,,,,8,,,
wta,2026-1156,Oeiras 125 Indoor #2,WTA 125,Hard,32,20260216,8,R32,3,,6-1 6-4,En-Shuo Liang,Anastasia Tikhonova,324830,326961,,,,,,,,,,,,,,
wta,2026-1156,Oeiras 125 Indoor #2,WTA 125,Hard,32,20260216,9,R32,3,,6-3 7-5,Francisca Jorge,Linda Klimovicova,324948,329061,,,,,,,,,,,,6,,
wta,2026-1156,Oeiras 125 Indoor #2,WTA 125,Hard,32,20260216,10,R32,3,,6-4 6-1,Anouk Koevermans,Yue Yuan,328988,324325,,,,,,,,,,,,4,,
wta,2026-1156,Oeiras 125 Indoor #2,WTA 125,Hard,32,20260216,11,R32,3,,6-2 6-2,Naiktha Bains,Barbora Palicova,319962,330363,,,,,,,,,,,,,,
wta,2026-1156,Oeiras 125 Indoor #2,WTA 125,Hard,32,20260216,12,R32,3,,6-7(4) 6-3 6-4,Matilde Jorge,Yasmine Mansouri,328730,325188,,,,,,,,,,,,,,
wta,2026-1156,Oeiras 125 Indoor #2,WTA 125,Hard,32,20260216,13,R32,3,,4-6 6-3 7-5,Teodora Kostovic,Sara Sorribes Tormo,334791,318872,,,,,,,,,,,,,,
wta,2026-1156,Oeiras 125 Indoor #2,WTA 125,Hard,32,20260216,14,R32,3,,6-3 6-3,Sinja Kraus,Caroline Werner,327061,319444,,,,,,,,,,,2,,,
wta,2026-1156,Oeiras 125 Indoor #2,WTA 125,Hard,32,20260216,15,R32,3,,6-1 6-1,Daria Snigur,Viktoria Hruncakova,327845,322277,,,,,,,,,,,5,,,
wta,2026-1156,Oeiras 125 Indoor #2,WTA 125,Hard,32,20260216,16,R32,3,,7-5 7-6(4),Iryna Shymanovich,Nuria Parrizas Diaz,320759,314359,,,,,,,,,,,,,,
wta,2026-1156,Oeiras 125 Indoor #2,WTA 125,Hard,32,20260216,17,R16,3,,2-6 7-6(4) 6-2,Viktoriya Tomova,En-Shuo Liang,317584,324830,,,,,,,,,,,8,,,
wta,2026-1156,Oeiras 125 Indoor #2,WTA 125,Hard,32,20260216,18,R16,3,,6-3 6-1,Kaitlin Quevedo,Ayana Akli,331742,333700,,,,,,,,,,,7,,,
wta,2026-1156,Oeiras 125 Indoor #2,WTA 125,Hard,32,20260216,19,R16,3,,6-1 6-4,Suzan Lamens,Angelina Voloshchuk,324898,331776,,,,,,,,,,,3,,,
wta,2026-1156,Oeiras 125 Indoor #2,WTA 125,Hard,32,20260216,20,R16,3,,6-1 1-6 6-4,Viktorija Golubic,Fiona Crawley,316296,327781,,,,,,,,,,,1,,,
wta,2026-1156,Oeiras 125 Indoor #2,WTA 125,Hard,32,20260216,21,R16,3,,6-2 6-3,Sinja Kraus,Iryna Shymanovich,327061,320759,,,,,,,,,,,2,,,
wta,2026-1156,Oeiras 125 Indoor #2,WTA 125,Hard,32,20260216,22,R16,3,,6-2 6-0,Daria Snigur,Naiktha Bains,327845,319962,,,,,,,,,,,5,,,
wta,2026-1156,Oeiras 125 Indoor #2,WTA 125,Hard,32,20260216,23,R16,3,,6-0 0-0 Ret'd,Francisca Jorge,Matilde Jorge,324948,328730,,,,,,,,,,,,,,
wta,2026-1156,Oeiras 125 Indoor #2,WTA 125,Hard,32,20260216,24,R16,3,,6-3 6-3,Teodora Kostovic,Anouk Koevermans,334791,328988,,,,,,,,,,,,,,
wta,2026-1156,Oeiras 125 Indoor #2,WTA 125,Hard,32,20260216,25,QF,3,,6-4 6-4,Suzan Lamens,Viktoriya Tomova,324898,317584,,,,,,,,,,,3,8,,
wta,2026-1156,Oeiras 125 Indoor #2,WTA 125,Hard,32,20260216,26,QF,3,,6-1 6-0,Daria Snigur,Sinja Kraus,327845,327061,,,,,,,,,,,5,2,,
wta,2026-1156,Oeiras 125 Indoor #2,WTA 125,Hard,32,20260216,27,QF,3,,6-4 7-6(13),Teodora Kostovic,Francisca Jorge,334791,324948,,,,,,,,,,,,,,
wta,2026-1156,Oeiras 125 Indoor #2,WTA 125,Hard,32,20260216,28,QF,3,,6-1 6-3,Viktorija Golubic,Kaitlin Quevedo,316296,331742,,,,,,,,,,,1,7,,
wta,2026-1156,Oeiras 125 Indoor #2,WTA 125,Hard,32,20260216,29,SF,3,,6-3 6-3,Daria Snigur,Suzan Lamens,327845,324898,,,,,,,,,,,5,3,,
wta,2026-1156,Oeiras 125 Indoor #2,WTA 125,Hard,32,20260216,30,SF,3,,7-5 1-6 6-2,Viktorija Golubic,Teodora Kostovic,316296,334791,,,,,,,,,,,1,,,
wta,2026-1156,Oeiras 125 Indoor #2,WTA 125,Hard,32,20260216,31,F,3,,6-3 6-3,Daria Snigur,Viktorija Golubic,327845,316296,,,,,,,,,,,5,1,,
wta,2026-2082,Austin,WTA 250,Hard,32,20260223,1,R32,3,,6-4 3-6 6-3,Oksana Selekhmeteva,Alycia Parks,329199,326007,,,,,,,,,,,,,,
wta,2026-2082,Austin,WTA 250,Hard,32,20260223,2,R32,3,,6-3 7-5,Kamilla Rakhimova,Anna Bondar,325936,322942,,,,,,,,,,,,6,,
wta,2026-2082,Austin,WTA 250,Hard,32,20260223,3,R32,3,,6-4 7-5,Nikola Bartunkova,Katie Volynets,330364,327391,,,,,,,,,,,,,,
wta,2026-2082,Austin,WTA 250,Hard,32,20260223,4,R32,3,,4-6 7-6(3) 7-5,Taylor Townsend,Linda Fruhvirtova,318609,329627,,,,,,,,,,,,,,
wta,2026-2082,Austin,WTA 250,Hard,32,20260223,5,R32,3,,2-6 6-3 6-1,Whitney Osuigwe,Elizabeth Mandlik,326101,326379,,,,,,,,,,,,,,
wta,2026-2082,Austin,WTA 250,Hard,32,20260223,6,R32,3,,6-3 6-2,Rebeka Masarova,Xinyu Wang,322087,326376,,,,,,,,,,,,3,,
wta,2026-2082,Austin,WTA 250,Hard,32,20260223,7,R32,3,,6-3 6-4,Iva Jovic,Anna Blinkova,332285,324267,,,,,,,,,,,2,,,
wta,2026-2082,Austin,WTA 250,Hard,32,20260223,8,R32,3,,6-3 5-7 6-4,Dalma Galfi,Bianca Andreescu,321106,325088,,,,,,,,,,,,,,
wta,2026-2082,Austin,WTA 250,Hard,32,20260223,9,R32,3,,6-4 7-6(1),Kaja Juvan,Claire Liu,324702,323966,,,,,,,,,,,,,,
wta,2026-2082,Austin,WTA 250,Hard,32,20260223,10,R32,3,,6-4 6-1,Ajla Tomljanovic,Venus Williams,315232,230220,,,,,,,,,,,,,,
wta,2026-2082,Austin,WTA 250,Hard,32,20260223,11,R32,3,,0-6 6-3 6-4,Kimberly Birrell,Petra Marcinko,320728,330799,,,,,,,,,,,,8,,
wta,2026-2082,Austin,WTA 250,Hard,32,20260223,12,R32,3,,6-1 7-6(5),Ashlyn Krueger,Caty McNally,329409,325725,,,,,,,,,,,,7,,
wta,2026-2082,Austin,WTA 250,Hard,32,20260223,13,R32,3,,4-6 7-5 6-1,Yue Yuan,Rebecca Sramkova,324325,320228,,,,,,,,,,,,,,
wta,2026-2082,Austin,WTA 250,Hard,32,20260223,14,R32,3,,3-6 6-3 6-2,Peyton Stearns,Francesca Jones,327573,324479,,,,,,,,,,,4,,,
wta,2026-2082,Austin,WTA 250,Hard,32,20260223,15,R32,3,,3-6 6-2 6-4,Anastasia Zakharova,Mary Stoiana,327367,330265,,,,,,,,,,,,,,
wta,2026-2082,Austin,WTA 250,Hard,32,20260223,16,R32,3,,6-2 6-3,Caroline Dolehide,Lulu Sun,322052,324576,,,,,,,,,,,,,,
wta,2026-2082,Austin,WTA 250,Hard,32,20260223,17,R16,3,,7-6(2) 6-3,Rebeka Masarova,Whitney Osuigwe,322087,326101,,,,,,,,,,,,,,
wta,2026-2082,Austin,WTA 250,Hard,32,20260223,18,R16,3,,6-2 7-5,Oksana Selekhmeteva,Kamilla Rakhimova,329199,325936,,,,,,,,,,,,,,
wta,2026-2082,Austin,WTA 250,Hard,32,20260223,19,R16,3,,6-1 6-4,Taylor Townsend,Nikola Bartunkova,318609,330364,,,,,,,,,,,,,,
wta,2026-2082,Austin,WTA 250,Hard,32,20260223,20,R16,3,,6-3 6-2,Yue Yuan,Dalma Galfi,324325,321106,,,,,,,,,,,,,,
wta,2026-2082,Austin,WTA 250,Hard,32,20260223,21,R16,3,,7-5 6-3,Ashlyn Krueger,Anastasia Zakharova,329409,327367,,,,,,,,,,,,,,
wta,2026-2082,Austin,WTA 250,Hard,32,20260223,22,R16,3,,6-0 6-2,Peyton Stearns,Kaja Juvan,327573,324702,,,,,,,,,,,4,,,
wta,2026-2082,Austin,WTA 250,Hard,32,20260223,23,R16,3,,6-4 6-2,Kimberly Birrell,Caroline Dolehide,320728,322052,,,,,,,,,,,,,,
wta,2026-2082,Austin,WTA 250,Hard,32,20260223,24,R16,3,,4-6 6-4 6-4,Ajla Tomljanovic,Iva Jovic,315232,332285,,,,,,,,,,,,2,,
wta,2026-2082,Austin,WTA 250,Hard,32,20260223,25,QF,3,,6-3 6-3,Kimberly Birrell,Ajla Tomljanovic,320728,315232,,,,,,,,,,,,,,
wta,2026-2082,Austin,WTA 250,Hard,32,20260223,26,QF,3,,5-7 6-2 6-2,Taylor Townsend,Rebeka Masarova,318609,322087,,,,,,,,,,,,,,
wta,2026-2082,Austin,WTA 250,Hard,32,20260223,27,QF,3,,6-1 5-7 7-5,Peyton Stearns,Oksana Selekhmeteva,327573,329199,,,,,,,,,,,4,,,
wta,2026-2082,Austin,WTA 250,Hard,32,20260223,28,QF,3,,7-6(5) 6-4,Ashlyn Krueger,Yue Yuan,329409,324325,,,,,,,,,,,,,,
wta,2026-2082,Austin,WTA 250,Hard,32,20260223,29,SF,3,,6-3 3-6 6-2,Peyton Stearns,Kimberly Birrell,327573,320728,,,,,,,,,,,4,,,
wta,2026-2082,Austin,WTA 250,Hard,32,20260223,30,SF,3,,7-6(6) 6-3,Taylor Townsend,Ashlyn Krueger,318609,329409,,,,,,,,,,,,,,
wta,2026-2082,Austin,WTA 250,Hard,32,20260223,31,F,3,,7-6(8) 7-5,Peyton Stearns,Taylor Townsend,327573,318609,,,,,,,,,,,4,,,
wta,2026-2085,Mérida,WTA 500,Hard,28,20260223,1,R32,3,,6-4 6-3,Marina Stakusic,Dayana Yastremska,329614,324261,,,,,,,,,,,,5,,
wta,2026-2085,Mérida,WTA 500,Hard,28,20260223,2,R32,3,,6-4 1-6 6-4,Victoria Jimenez Kasintseva,Yulia Putintseva,330352,317683,,,,,,,,,,,,,,
wta,2026-2085,Mérida,WTA 500,Hard,28,20260223,3,R32,3,,6-4 6-4,Katie Boulter,Beatriz Haddad Maia,319125,318176,,,,,,,,,,,,,,
wta,2026-2085,Mérida,WTA 500,Hard,28,20260223,4,R32,3,,7-6(0) 6-2,Emiliana Arango,Anastasia Potapova,324789,325601,,,,,,,,,,,,,,
wta,2026-2085,Mérida,WTA 500,Hard,28,20260223,5,R32,3,,6-4 6-3,Camila Osorio,Janice Tjen,325898,328818,,,,,,,,,,,,6,,
wta,2026-2085,Mérida,WTA 500,Hard,28,20260223,6,R32,3,,7-6(3) 6-3,Magda Linette,Tatjana Maria,315130,310440,,,,,,,,,,,8,,,
wta,2026-2085,Mérida,WTA 500,Hard,28,20260223,7,R32,3,,6-3 6-2,Cristina Bucsa,Donna Vekic,321158,318516,,,,,,,,,,,,,,
wta,2026-2085,Mérida,WTA 500,Hard,28,20260223,8,R32,3,,6-3 6-1,Jessica Bouzas Maneiro,Heather Watson,328139,316981,,,,,,,,,,,7,,,
wta,2026-2085,Mérida,WTA 500,Hard,28,20260223,9,R32,3,,6-4 7-6(6),Magdalena Frech,Maria Timofeeva,320277,328896,,,,,,,,,,,,,,
wta,2026-2085,Mérida,WTA 500,Hard,28,20260223,10,R32,3,,6-2 6-0,Zeynep Sonmez,Cadence Brace,326907,330432,,,,,,,,,,,,,,
wta,2026-2085,Mérida,WTA 500,Hard,28,20260223,11,R32,3,,6-2 2-6 6-4,Priscilla Hon,Renata Zarazua,320543,320716,,,,,,,,,,,,,,
wta,2026-2085,Mérida,WTA 500,Hard,28,20260223,12,R32,3,,6-2 6-1,Shuai Zhang,Varvara Lepchenko,311779,120420,,,,,,,,,,,,,,
wta,2026-2085,Mérida,WTA 500,Hard,28,20260223,13,R16,3,,5-7 7-6(5) 7-5,Victoria Jimenez Kasintseva,Magda Linette,330352,315130,,,,,,,,,,,,8,,
wta,2026-2085,Mérida,WTA 500,Hard,28,20260223,14,R16,3,,2-6 6-1 2-0 Ret'd,Marie Bouzkova,Emiliana Arango,320983,324789,,,,,,,,,,,4,,,
wta,2026-2085,Mérida,WTA 500,Hard,28,20260223,15,R16,3,,6-3 0-0 Ret'd,Katie Boulter,Camila Osorio,319125,325898,,,,,,,,,,,,,,
wta,2026-2085,Mérida,WTA 500,Hard,28,20260223,16,R16,3,,7-6(1) 6-3,Cristina Bucsa,Marina Stakusic,321158,329614,,,,,,,,,,,,,,
wta,2026-2085,Mérida,WTA 500,Hard,28,20260223,17,R16,3,,6-0 6-3,Magdalena Frech,Jessica Bouzas Maneiro,320277,328139,,,,,,,,,,,,7,,
wta,2026-2085,Mérida,WTA 500,Hard,28,20260223,18,R16,3,,3-6 7-6(7) 6-4,Zeynep Sonmez,Ann Li,326907,326096,,,,,,,,,,,,3,,
wta,2026-2085,Mérida,WTA 500,Hard,28,20260223,19,R16,3,,6-0 6-2,Jasmine Paolini,Priscilla Hon,319280,320543,,,,,,,,,,,1,,,
wta,2026-2085,Mérida,WTA 500,Hard,28,20260223,20,R16,3,,6-4 6-4,Shuai Zhang,Emma Navarro,311779,325410,,,,,,,,,,,,2,,
wta,2026-2085,Mérida,WTA 500,Hard,28,20260223,21,QF,3,,6-3 4-6 6-3,Magdalena Frech,Marie Bouzkova,320277,320983,,,,,,,,,,,,4,,
wta,2026-2085,Mérida,WTA 500,Hard,28,20260223,22,QF,3,,6-3 6-4,Cristina Bucsa,Zeynep Sonmez,321158,326907,,,,,,,,,,,,,,
wta,2026-2085,Mérida,WTA 500,Hard,28,20260223,23,QF,3,,6-1 6-3,Shuai Zhang,Victoria Jimenez Kasintseva,311779,330352,,,,,,,,,,,,,,
wta,2026-2085,Mérida,WTA 500,Hard,28,20260223,24,QF,3,,0-6 6-3 6-3,Jasmine Paolini,Katie Boulter,319280,319125,,,,,,,,,,,1,,,
wta,2026-2085,Mérida,WTA 500,Hard,28,20260223,25,SF,3,,6-2 6-7(6) 6-3,Magdalena Frech,Shuai Zhang,320277,311779,,,,,,,,,,,,,,
wta,2026-2085,Mérida,WTA 500,Hard,28,20260223,26,SF,3,,7-5 6-4,Cristina Bucsa,Jasmine Paolini,321158,319280,,,,,,,,,,,,1,,
wta,2026-2085,Mérida,WTA 500,Hard,28,20260223,27,F,3,,6-1 4-6 6-4,Cristina Bucsa,Magdalena Frech,321158,320277,,,,,,,,,,,,,,
wta,2026-1124,Antalya 125 #1,WTA 125,Clay,32,20260224,1,R32,3,,6-3 6-3,Moyuka Uchijima,Katarzyna Kawa,327241,315806,,,,,,,,,,,3,,,
wta,2026-1124,Antalya 125 #1,WTA 125,Clay,32,20260224,2,R32,3,,6-1 7-6(3),Mayar Sherif,Guiomar Maristany Zuleta De Reales,318711,324786,,,,,,,,,,,5,,,
wta,2026-1124,Antalya 125 #1,WTA 125,Clay,32,20260224,3,R32,3,,5-7 7-6(4) 6-3,Anastasia Zolotareva,Julia Riera,328466,327287,,,,,,,,,,,,,,
wta,2026-1124,Antalya 125 #1,WTA 125,Clay,32,20260224,4,R32,3,,6-1 3-6 6-2,Leyre Romero Gormaz,Dalila Spiteri,326891,322510,,,,,,,,,,,,,,
wta,2026-1124,Antalya 125 #1,WTA 125,Clay,32,20260224,5,R32,3,,6-2 6-2,Nuria Brancaccio,Ada Kumru,325433,333126,,,,,,,,,,,,,,
wta,2026-1124,Antalya 125 #1,WTA 125,Clay,32,20260224,6,R32,3,,0-6 6-1 6-3,Iryna Shymanovich,Laura Pigossi,320759,317155,,,,,,,,,,,,,,
wta,2026-1124,Antalya 125 #1,WTA 125,Clay,32,20260224,7,R32,3,,6-1 6-1,Veronika Erjavec,Ilay Yoruk,327655,325737,,,,,,,,,,,6,,,
wta,2026-1124,Antalya 125 #1,WTA 125,Clay,32,20260224,8,R32,3,,2-6 6-1 3-2 Ret'd,Amarissa Toth,Alice Rame,328131,322478,,,,,,,,,,,,,,
wta,2026-1124,Antalya 125 #1,WTA 125,Clay,32,20260224,9,R32,3,,6-3 6-2,Ekaterine Gorgodze,Adelina Lachinova,314660,333812,,,,,,,,,,,,,,
wta,2026-1124,Antalya 125 #1,WTA 125,Clay,32,20260224,10,R32,3,,6-2 6-1,Panna Udvardy,Carole Monnet,325956,325991,,,,,,,,,,,4,,,
wta,2026-1124,Antalya 125 #1,WTA 125,Clay,32,20260224,11,R32,3,,6-4 7-6(3),Selena Janicijevic,Arantxa Rus,329090,313349,,,,,,,,,,,,7,,
wta,2026-1124,Antalya 125 #1,WTA 125,Clay,32,20260224,12,R32,3,,2-1 Ret'd,Katarina Zavatska,Julia Grabher,324584,320316,,,,,,,,,,,,2,,
wta,2026-1124,Antalya 125 #1,WTA 125,Clay,32,20260224,13,R32,3,,6-3 6-4,Anastasia Gasanova,Ipek Oz,322333,321834,,,,,,,,,,,,,,
wta,2026-1124,Antalya 125 #1,WTA 125,Clay,32,20260224,14,R32,3,,6-3 6-1,Despina Papamichail,Lucia Bronzetti,316009,322280,,,,,,,,,,,,8,,
wta,2026-1124,Antalya 125 #1,WTA 125,Clay,32,20260224,15,R32,3,,6-4 4-6 6-1,Anhelina Kalinina,Alevtina Ibragimova,320567,332575,,,,,,,,,,,,,,
wta,2026-1124,Antalya 125 #1,WTA 125,Clay,32,20260224,16,R32,3,,1-6 6-2 6-3,Oleksandra Oliynykova,Polina Kudermetova,327182,328897,,,,,,,,,,,1,,,
wta,2026-1124,Antalya 125 #1,WTA 125,Clay,32,20260224,17,R16,3,,6-3 6-2,Moyuka Uchijima,Anastasia Gasanova,327241,322333,,,,,,,,,,,3,,,
wta,2026-1124,Antalya 125 #1,WTA 125,Clay,32,20260224,18,R16,3,,3-6 6-2 6-1,Despina Papamichail,Iryna Shymanovich,316009,320759,,,,,,,,,,,,,,
wta,2026-1124,Antalya 125 #1,WTA 125,Clay,32,20260224,19,R16,3,,6-4 6-2,Veronika Erjavec,Leyre Romero Gormaz,327655,326891,,,,,,,,,,,6,,,
wta,2026-1124,Antalya 125 #1,WTA 125,Clay,32,20260224,20,R16,3,,6-7(9) 6-2 7-5,Nuria Brancaccio,Panna Udvardy,325433,325956,,,,,,,,,,,,4,,
wta,2026-1124,Antalya 125 #1,WTA 125,Clay,32,20260224,21,R16,3,,6-3 6-3,Ekaterine Gorgodze,Selena Janicijevic,314660,329090,,,,,,,,,,,,,,
wta,2026-1124,Antalya 125 #1,WTA 125,Clay,32,20260224,22,R16,3,,6-4 6-2,Mayar Sherif,Anastasia Zolotareva,318711,328466,,,,,,,,,,,5,,,
wta,2026-1124,Antalya 125 #1,WTA 125,Clay,32,20260224,23,R16,3,,1-6 6-4 6-2,Amarissa Toth,Oleksandra Oliynykova,328131,327182,,,,,,,,,,,,1,,
wta,2026-1124,Antalya 125 #1,WTA 125,Clay,32,20260224,24,R16,3,,6-1 6-2,Anhelina Kalinina,Katarina Zavatska,320567,324584,,,,,,,,,,,,,,
wta,2026-1124,Antalya 125 #1,WTA 125,Clay,32,20260224,25,QF,3,,6-4 6-1,Anhelina Kalinina,Ekaterine Gorgodze,320567,314660,,,,,,,,,,,,,,
wta,2026-1124,Antalya 125 #1,WTA 125,Clay,32,20260224,26,QF,3,,6-2 6-3,Moyuka Uchijima,Despina Papamichail,327241,316009,,,,,,,,,,,3,,,
wta,2026-1124,Antalya 125 #1,WTA 125,Clay,32,20260224,27,QF,3,,7-6(4) 0-6 6-2,Veronika Erjavec,Nuria Brancaccio,327655,325433,,,,,,,,,,,6,,,
wta,2026-1124,Antalya 125 #1,WTA 125,Clay,32,20260224,28,QF,3,,4-6 6-4 6-4,Mayar Sherif,Amarissa Toth,318711,328131,,,,,,,,,,,5,,,
wta,2026-1124,Antalya 125 #1,WTA 125,Clay,32,20260224,29,SF,3,,4-6 7-5 7-5,Moyuka Uchijima,Mayar Sherif,327241,318711,,,,,,,,,,,3,5,,
wta,2026-1124,Antalya 125 #1,WTA 125,Clay,32,20260224,30,SF,3,,6-3 6-1,Anhelina Kalinina,Veronika Erjavec,320567,327655,,,,,,,,,,,,6,,
wta,2026-1124,Antalya 125 #1,WTA 125,Clay,32,20260224,31,F,3,,7-5 7-5,Moyuka Uchijima,Anhelina Kalinina,327241,320567,,,,,,,,,,,3,,,
wta,2026-1107,Antalya 125 #2,WTA 125,Clay,32,20260303,1,R32,3,,6-1 6-3,Maja Chwalinska,Adelina Lachinova,325639,333812,,,,,,,,,,,7,,,
wta,2026-1107,Antalya 125 #2,WTA 125,Clay,32,20260303,2,R32,3,,6-3 1-6 6-2,Katarzyna Kawa,Mayar Sherif,315806,318711,,,,,,,,,,,,5,,
wta,2026-1107,Antalya 125 #2,WTA 125,Clay,32,20260303,3,R32,3,,6-0 4-6 6-4,Leyre Romero Gormaz,Carole Monnet,326891,325991,,,,,,,,,,,,,,
wta,2026-1107,Antalya 125 #2,WTA 125,Clay,32,20260303,4,R32,3,,6-4 6-2,Despina Papamichail,Mia Ristic,316009,330926,,,,,,,,,,,,,,
wta,2026-1107,Antalya 125 #2,WTA 125,Clay,32,20260303,5,R32,3,,2-6 6-3 6-0,Oleksandra Oliynykova,Nuria Brancaccio,327182,325433,,,,,,,,,,,1,,,
wta,2026-1107,Antalya 125 #2,WTA 125,Clay,32,20260303,6,R32,3,,7-6 4-6 6-3,Julia Riera,Teodora Kostovic,327287,334791,,,,,,,,,,,,,,
wta,2026-1107,Antalya 125 #2,WTA 125,Clay,32,20260303,7,R32,3,,6-2 6-4,Iryna Shymanovich,Lisa Pigato,320759,328193,,,,,,,,,,,,,,
wta,2026-1107,Antalya 125 #2,WTA 125,Clay,32,20260303,8,R32,3,,6-3 6-3,Panna Udvardy,Anastasia Gasanova,325956,322333,,,,,,,,,,,2,,,
wta,2026-1107,Antalya 125 #2,WTA 125,Clay,32,20260303,9,R32,3,,6-1 7-5,Guiomar Maristany Zuleta De Reales,Arantxa Rus,324786,313349,,,,,,,,,,,,8,,
wta,2026-1107,Antalya 125 #2,WTA 125,Clay,32,20260303,10,R32,3,,6-3 4-6 6-3,Anhelina Kalinina,Ekaterine Gorgodze,320567,314660,,,,,,,,,,,,,,
wta,2026-1107,Antalya 125 #2,WTA 125,Clay,32,20260303,11,R32,3,,6-4 6-0,Moyuka Uchijima,Ada Kumru,327241,333126,,,,,,,,,,,3,,,
wta,2026-1107,Antalya 125 #2,WTA 125,Clay,32,20260303,12,R32,3,,7-5 4-6 7-6(3),Tamara Zidansek,Veronika Erjavec,323079,327655,,,,,,,,,,,,4,,
wta,2026-1107,Antalya 125 #2,WTA 125,Clay,32,20260303,13,R32,3,,6-4 6-4,Lucia Bronzetti,Berfu Cengiz,322280,322450,,,,,,,,,,,,,,
wta,2026-1107,Antalya 125 #2,WTA 125,Clay,32,20260303,14,R32,3,,6-0 6-1,Ipek Oz,Katarina Zavatska,321834,324584,,,,,,,,,,,,,,
wta,2026-1107,Antalya 125 #2,WTA 125,Clay,32,20260303,15,R32,3,,6-1 6-4,Elina Avanesyan,Dominika Salkova,327620,330149,,,,,,,,,,,,6,,
wta,2026-1107,Antalya 125 #2,WTA 125,Clay,32,20260303,16,R32,3,,7-5 6-4,Polina Kudermetova,Alina Charaeva,328897,329198,,,,,,,,,,,,,,
wta,2026-1107,Antalya 125 #2,WTA 125,Clay,32,20260303,17,R16,3,,6-4 6-4,Moyuka Uchijima,Lucia Bronzetti,327241,322280,,,,,,,,,,,3,,,
wta,2026-1107,Antalya 125 #2,WTA 125,Clay,32,20260303,18,R16,3,,6-1 7-6(5),Anhelina Kalinina,Elina Avanesyan,320567,327620,,,,,,,,,,,,,,
wta,2026-1107,Antalya 125 #2,WTA 125,Clay,32,20260303,19,R16,3,,6-4 6-0,Katarzyna Kawa,Ipek Oz,315806,321834,,,,,,,,,,,,,,
wta,2026-1107,Antalya 125 #2,WTA 125,Clay,32,20260303,20,R16,3,,7-5 6-1,Oleksandra Oliynykova,Iryna Shymanovich,327182,320759,,,,,,,,,,,1,,,
wta,2026-1107,Antalya 125 #2,WTA 125,Clay,32,20260303,21,R16,3,,7-5 1-6 6-3,Guiomar Maristany Zuleta De Reales,Julia Riera,324786,327287,,,,,,,,,,,,,,
wta,2026-1107,Antalya 125 #2,WTA 125,Clay,32,20260303,22,R16,3,,6-2 6-0,Maja Chwalinska,Despina Papamichail,325639,316009,,,,,,,,,,,7,,,
wta,2026-1107,Antalya 125 #2,WTA 125,Clay,32,20260303,23,R16,3,,6-3 7-5,Tamara Zidansek,Leyre Romero Gormaz,323079,326891,,,,,,,,,,,,,,
wta,2026-1107,Antalya 125 #2,WTA 125,Clay,32,20260303,24,R16,3,,6-4 7-6(4),Panna Udvardy,Polina Kudermetova,325956,328897,,,,,,,,,,,2,,,
wta,2026-1107,Antalya 125 #2,WTA 125,Clay,32,20260303,25,QF,3,,1-6 6-0 7-5,Oleksandra Oliynykova,Guiomar Maristany Zuleta De Reales,327182,324786,,,,,,,,,,,1,,,
wta,2026-1107,Antalya 125 #2,WTA 125,Clay,32,20260303,26,QF,3,,7-6(3) 7-5,Anhelina Kalinina,Panna Udvardy,320567,325956,,,,,,,,,,,,2,,
wta,2026-1107,Antalya 125 #2,WTA 125,Clay,32,20260303,27,QF,3,,2-6 6-3 7-5,Moyuka Uchijima,Maja Chwalinska,327241,325639,,,,,,,,,,,3,7,,
wta,2026-1107,Antalya 125 #2,WTA 125,Clay,32,20260303,28,QF,3,,6-1 6-4,Katarzyna Kawa,Tamara Zidansek,315806,323079,,,,,,,,,,,,,,
wta,2026-1107,Antalya 125 #2,WTA 125,Clay,32,20260303,29,SF,3,,7-5 6-2,Anhelina Kalinina,Katarzyna Kawa,320567,315806,,,,,,,,,,,,,,
wta,2026-1107,Antalya 125 #2,WTA 125,Clay,32,20260303,30,SF,3,,6-4 6-4,Oleksandra Oliynykova,Moyuka Uchijima,327182,327241,,,,,,,,,,,1,3,,
wta,2026-1107,Antalya 125 #2,WTA 125,Clay,32,20260303,31,F,3,,6-3 3-6 6-2,Anhelina Kalinina,Oleksandra Oliynykova,320567,327182,,,,,,,,,,,,1,,
wta,2026-1161,Austin 125 #1,WTA 125,Hard,32,20260309,1,R32,3,,6-3 6-7(4) 6-4,Linda Fruhvirtova,Beatriz Haddad Maia,329627,318176,,,,,,,,,,,,4,,
wta,2026-1161,Austin 125 #1,WTA 125,Hard,32,20260309,2,R32,3,,6-4 6-3,Oksana Selekhmeteva,Yue Yuan,329199,324325,,,,,,,,,,,7,,,
wta,2026-1161,Austin 125 #1,WTA 125,Hard,32,20260309,3,R32,3,,5-7 6-1 6-4,Kamilla Rakhimova,Suzan Lamens,325936,324898,,,,,,,,,,,,,,
wta,2026-1161,Austin 125 #1,WTA 125,Hard,32,20260309,4,R32,3,,7-5 4-6 6-4,Caty McNally,Yuliia Starodubtseva,325725,325338,,,,,,,,,,,5,,,
wta,2026-1161,Austin 125 #1,WTA 125,Hard,32,20260309,5,R32,3,,6-3 6-7(4) 6-4,Renata Zarazua,Anna Blinkova,320716,324267,,,,,,,,,,,,,,
wta,2026-1161,Austin 125 #1,WTA 125,Hard,32,20260309,6,R32,3,,7-6(6) 6-3,McCartney Kessler,Simona Waltert,326678,325771,,,,,,,,,,,2,,,
wta,2026-1161,Austin 125 #1,WTA 125,Hard,32,20260309,7,R32,3,,6-3 2-6 6-3,Bianca Andreescu,Solana Sierra,325088,329081,,,,,,,,,,,,3,,
wta,2026-1161,Austin 125 #1,WTA 125,Hard,32,20260309,8,R32,3,,6-4 7-6(5),Lanlana Tararudee,Dalma Galfi,329651,321106,,,,,,,,,,,,,,
wta,2026-1161,Austin 125 #1,WTA 125,Hard,32,20260309,9,R32,3,,7-5 7-5,Anastasia Zakharova,Viktorija Golubic,327367,316296,,,,,,,,,,,,,,
wta,2026-1161,Austin 125 #1,WTA 125,Hard,32,20260309,10,R32,3,,6-3 6-4,Sinja Kraus,Lucrezia Stefanini,327061,323149,,,,,,,,,,,,,,
wta,2026-1161,Austin 125 #1,WTA 125,Hard,32,20260309,11,R32,3,,6-4 6-1,Emerson Jones,Maddison Inglis,333111,321179,,,,,,,,,,,,,,
wta,2026-1161,Austin 125 #1,WTA 125,Hard,32,20260309,12,R32,3,,6-3 6-4,Donna Vekic,Petra Marcinko,318516,330799,,,,,,,,,,,,8,,
wta,2026-1161,Austin 125 #1,WTA 125,Hard,32,20260309,13,R32,3,,2-6 6-2 7-5,Paula Badosa,Elena-Gabriela Ruse,320124,320408,,,,,,,,,,,,,,
wta,2026-1161,Austin 125 #1,WTA 125,Hard,32,20260309,14,R32,3,,6-4 6-4,Kaja Juvan,Himeno Sakatsume,324702,326568,,,,,,,,,,,,,,
wta,2026-1161,Austin 125 #1,WTA 125,Hard,32,20260309,15,R32,3,,7-6(7) 6-1,Kimberly Birrell,Ella Seidel,320728,330548,,,,,,,,,,,6,,,
wta,2026-1161,Austin 125 #1,WTA 125,Hard,32,20260309,16,R32,3,,6-4 6-4,Lulu Sun,Emma Navarro,324576,325410,,,,,,,,,,,,1,,
wta,2026-1161,Austin 125 #1,WTA 125,Hard,32,20260309,17,R16,3,,6-0 6-2,Anastasia Zakharova,Linda Fruhvirtova,327367,329627,,,,,,,,,,,,,,
wta,2026-1161,Austin 125 #1,WTA 125,Hard,32,20260309,18,R16,3,,6-3 7-5,Bianca Andreescu,Renata Zarazua,325088,320716,,,,,,,,,,,,,,
wta,2026-1161,Austin 125 #1,WTA 125,Hard,32,20260309,19,R16,3,,6-3 4-6 6-3,Lanlana Tararudee,Caty McNally,329651,325725,,,,,,,,,,,,5,,
wta,2026-1161,Austin 125 #1,WTA 125,Hard,32,20260309,20,R16,3,,6-3 7-6(4),Emerson Jones,Donna Vekic,333111,318516,,,,,,,,,,,,,,
wta,2026-1161,Austin 125 #1,WTA 125,Hard,32,20260309,21,R16,3,,5-7 6-4 6-2,McCartney Kessler,Kaja Juvan,326678,324702,,,,,,,,,,,2,,,
wta,2026-1161,Austin 125 #1,WTA 125,Hard,32,20260309,22,R16,3,,6-2 1-6 6-4,Sinja Kraus,Oksana Selekhmeteva,327061,329199,,,,,,,,,,,,7,,
wta,2026-1161,Austin 125 #1,WTA 125,Hard,32,20260309,23,R16,3,,6-2 1-6 6-2,Kimberly Birrell,Kamilla Rakhimova,320728,325936,,,,,,,,,,,6,,,
wta,2026-1161,Austin 125 #1,WTA 125,Hard,32,20260309,24,R16,3,,6-1 7-6(6),Paula Badosa,Lulu Sun,320124,324576,,,,,,,,,,,,,,
wta,2026-1161,Austin 125 #1,WTA 125,Hard,32,20260309,25,QF,3,,6-3 6-4,Lanlana Tararudee,Anastasia Zakharova,329651,327367,,,,,,,,,,,,,,
wta,2026-1161,Austin 125 #1,WTA 125,Hard,32,20260309,26,QF,3,,6-7(3) 7-6(3) 6-0,Kimberly Birrell,McCartney Kessler,320728,326678,,,,,,,,,,,6,2,,
wta,2026-1161,Austin 125 #1,WTA 125,Hard,32,20260309,27,QF,3,,7-5 6-1,Paula Badosa,Sinja Kraus,320124,327061,,,,,,,,,,,,,,
wta,2026-1125,Antalya 125 #3,WTA 125,Clay,32,20260310,1,R32,3,,7-6(3) 3-6 6-4,Ekaterine Gorgodze,Arantxa Rus,314660,313349,,,,,,,,,,,,9,,
wta,2026-1125,Antalya 125 #3,WTA 125,Clay,32,20260310,2,R32,3,,7-5 6-7(6) 7-5,Dominika Salkova,Berfu Cengiz,330149,322450,,,,,,,,,,,7,,,
wta,2026-1125,Antalya 125 #3,WTA 125,Clay,32,20260310,3,R32,3,,6-3 6-3,Elina Avanesyan,Tiantsoa Rakotomanga Rajaonah,327620,330970,,,,,,,,,,,,6,,
wta,2026-1125,Antalya 125 #3,WTA 125,Clay,32,20260310,4,R32,3,,6-1 6-3,Katarzyna Kawa,Despina Papamichail,315806,316009,,,,,,,,,,,,,,
wta,2026-1125,Antalya 125 #3,WTA 125,Clay,32,20260310,5,R32,3,,6-0 6-3,Carole Monnet,Iryna Shymanovich,325991,320759,,,,,,,,,,,,,,
wta,2026-1125,Antalya 125 #3,WTA 125,Clay,32,20260310,6,R32,3,,4-6 6-4 7-6(3),Teodora Kostovic,Lisa Pigato,334791,328193,,,,,,,,,,,,,,
wta,2026-1125,Antalya 125 #3,WTA 125,Clay,32,20260310,7,R32,3,,6-2 6-4,Moyuka Uchijima,Maria Lourdes Carle,327241,322638,,,,,,,,,,,2,,,
wta,2026-1125,Antalya 125 #3,WTA 125,Clay,32,20260310,8,R32,3,,6-4 3-6 6-3,Tamara Zidansek,Maria Sara Popa,323079,330059,,,,,,,,,,,,,,
wta,2026-1125,Antalya 125 #3,WTA 125,Clay,32,20260310,9,R32,3,,6-4 6-1,Polina Kudermetova,Guiomar Maristany Zuleta De Reales,328897,324786,,,,,,,,,,,,,,
wta,2026-1125,Antalya 125 #3,WTA 125,Clay,32,20260310,10,R32,3,,6-0 6-0,Maja Chwalinska,Ada Kumru,325639,333126,,,,,,,,,,,8,,,
wta,2026-1125,Antalya 125 #3,WTA 125,Clay,32,20260310,11,R32,3,,6-4 6-2,Julia Grabher,Mai Hontama,320316,324750,,,,,,,,,,,3,,,
wta,2026-1125,Antalya 125 #3,WTA 125,Clay,32,20260310,12,R32,3,,6-3 6-4,Leyre Romero Gormaz,Panna Udvardy,326891,325956,,,,,,,,,,,,4,,
wta,2026-1125,Antalya 125 #3,WTA 125,Clay,32,20260310,13,R32,3,,6-2 6-4,Alina Charaeva,Lia Karatancheva,329198,327773,,,,,,,,,,,,,,
wta,2026-1125,Antalya 125 #3,WTA 125,Clay,32,20260310,14,R32,3,,6-2 6-1,Anhelina Kalinina,Elena Pridankina,320567,330905,,,,,,,,,,,,,,
wta,2026-1125,Antalya 125 #3,WTA 125,Clay,32,20260310,15,R32,3,,6-1 7-5,Nuria Brancaccio,Lucia Bronzetti,325433,322280,,,,,,,,,,,,,,
wta,2026-1125,Antalya 125 #3,WTA 125,Clay,32,20260310,16,R32,3,,6-1 6-1,Veronika Erjavec,Ipek Oz,327655,321834,,,,,,,,,,,5,,,
wta,2026-1125,Antalya 125 #3,WTA 125,Clay,32,20260310,17,R16,3,,6-3 6-3,Anhelina Kalinina,Ekaterine Gorgodze,320567,314660,,,,,,,,,,,,,,
wta,2026-1125,Antalya 125 #3,WTA 125,Clay,32,20260310,18,R16,3,,6-4 6-1,Alina Charaeva,Elina Avanesyan,329198,327620,,,,,,,,,,,,,,
wta,2026-1125,Antalya 125 #3,WTA 125,Clay,32,20260310,19,R16,3,,6-7(1) 6-3 7-6(7),Tamara Zidansek,Maja Chwalinska,323079,325639,,,,,,,,,,,,8,,
wta,2026-1125,Antalya 125 #3,WTA 125,Clay,32,20260310,20,R16,3,,6-3 7-6(3),Carole Monnet,Dominika Salkova,325991,330149,,,,,,,,,,,,7,,
wta,2026-1125,Antalya 125 #3,WTA 125,Clay,32,20260310,21,R16,3,,7-6(4) 6-2,Polina Kudermetova,Moyuka Uchijima,328897,327241,,,,,,,,,,,,2,,
wta,2026-1125,Antalya 125 #3,WTA 125,Clay,32,20260310,22,R16,3,,6-3 6-3,Katarzyna Kawa,Leyre Romero Gormaz,315806,326891,,,,,,,,,,,,,,
wta,2026-1125,Antalya 125 #3,WTA 125,Clay,32,20260310,23,R16,3,,3-6 6-3 6-1,Nuria Brancaccio,Julia Grabher,325433,320316,,,,,,,,,,,,3,,
wta,2026-1125,Antalya 125 #3,WTA 125,Clay,32,20260310,24,R16,3,,6-2 4-6 6-4,Veronika Erjavec,Teodora Kostovic,327655,334791,,,,,,,,,,,5,,,
