event_year,tour,player_a,player_b,source_event_id,scheduled_match_start,snapshot_timestamp,bookmaker_last_update,snapshot_before_start,bookmaker_update_before_start,snapshot_gap_minutes
2022,atp,Federico Delbonis,Pedro Martinez,675ab7e2b04706280b5789704e87e3db,2022-01-17 00:00:00+00:00,2022-01-16 17:55:00+00:00,2022-01-16 17:48:58+00:00,True,True,365.0
2022,atp,Cristian Garin,Facundo Bagnis,929bb81dc735e60b8204ae5d3db8c9ef,2022-01-17 00:00:00+00:00,2022-01-16 17:55:00+00:00,2022-01-16 17:48:58+00:00,True,True,365.0
2022,atp,Dusan Lajovic,Marton Fucsovics,22f36cc2cca518d50e6ecdc536488a5f,2022-01-17 00:00:00+00:00,2022-01-16 17:55:00+00:00,2022-01-16 17:48:58+00:00,True,True,365.0
2022,atp,Radu Albot,Yoshihito Nishioka,f15513c1029dddda820dde9e03a6f2bf,2022-01-17 00:00:00+00:00,2022-01-16 17:55:00+00:00,2022-01-16 17:48:58+00:00,True,True,365.0
2022,atp,Aleksandar Vukic,Lloyd Harris,a89cccc826dfd00e5cea51cbfc28f03c,2022-01-17 00:00:00+00:00,2022-01-16 17:55:00+00:00,2022-01-16 17:48:58+00:00,True,True,365.0
2022,atp,Holger Rune,Soon Woo Kwon,395d27dba5e95456e8f80bc631ac61c5,2022-01-17 00:00:00+00:00,2022-01-16 17:55:00+00:00,2022-01-16 17:48:58+00:00,True,True,365.0
2022,atp,Denis Shapovalov,Laslo Djere,9197c59164a595c83aed6adb70a70df8,2022-01-17 00:00:00+00:00,2022-01-16 17:55:00+00:00,2022-01-16 17:48:58+00:00,True,True,365.0
2022,atp,Benjamin Bonzi,Peter Gojowczyk,85851a12343c73c4a5ae9c42564330d9,2022-01-17 00:00:00+00:00,2022-01-16 17:55:00+00:00,2022-01-16 17:48:58+00:00,True,True,365.0
2022,atp,Federico Coria,Gael Monfils,048ecc087c992a67858fbc2b678d0c99,2022-01-17 01:15:00+00:00,2022-01-16 17:55:00+00:00,2022-01-16 17:48:58+00:00,True,True,440.0
2022,atp,Jiri Vesely,Stefan Kozlov,a159ede9540aca8481f65402fdd6ad42,2022-01-17 01:15:00+00:00,2022-01-16 17:55:00+00:00,2022-01-16 17:48:58+00:00,True,True,440.0
2022,atp,Brandon Nakashima,Matteo Berrettini,feebe6d7e4451cd7afc4e7e3bac58ed7,2022-01-17 01:15:00+00:00,2022-01-16 17:55:00+00:00,2022-01-16 17:48:58+00:00,True,True,440.0
2022,atp,Denis Kudla,Karen Khachanov,a7dccd2058645032064639302fbc361c,2022-01-17 01:15:00+00:00,2022-01-16 17:55:00+00:00,2022-01-16 17:48:58+00:00,True,True,440.0
2022,atp,Egor Gerasimov,Hubert Hurkacz,3a1d8686181da850686364658518015a,2022-01-17 02:00:00+00:00,2022-01-16 17:55:00+00:00,2022-01-16 17:48:58+00:00,True,True,485.0
2022,atp,Adrian Mannarino,James Duckworth,742066d40c884b0e0112d41d3c3ccf5b,2022-01-17 02:00:00+00:00,2022-01-16 17:55:00+00:00,2022-01-16 17:48:58+00:00,True,True,485.0
2022,atp,Corentin Moutet,Lucas Pouille,63e779fdf51f009d0b11188dc3fe7337,2022-01-17 02:30:00+00:00,2022-01-16 17:55:00+00:00,2022-01-16 17:48:58+00:00,True,True,515.0
2022,atp,Pablo Carreno Busta,Tomas Martin Etcheverry,7eaa0a16a0930f2c60d44ad1f81541e6,2022-01-17 02:30:00+00:00,2022-01-16 17:55:00+00:00,2022-01-16 17:48:58+00:00,True,True,515.0
2022,atp,Marcos Giron,Rafael Nadal,99d27200f1c2858dbbf94579e0755ce1,2022-01-17 03:00:00+00:00,2022-01-16 17:55:00+00:00,2022-01-16 17:48:58+00:00,True,True,545.0
2022,atp,Cameron Norrie,Sebastian Korda,11ab6dd3e32c4681de07f021ca211725,2022-01-17 03:15:00+00:00,2022-01-16 17:55:00+00:00,2022-01-16 17:48:58+00:00,True,True,560.0
2022,atp,Carlos Taberner,Dominik Koepfer,e4c8f6b965461e4b9a40be650eac5fab,2022-01-17 03:15:00+00:00,2022-01-16 17:55:00+00:00,2022-01-16 17:48:58+00:00,True,True,560.0
2022,atp,Mackenzie Mcdonald,Nikola Milojevic,8f4ee991ceaf601f08ead23f42b22bc2,2022-01-17 03:15:00+00:00,2022-01-16 17:55:00+00:00,2022-01-16 17:48:58+00:00,True,True,560.0
2022,atp,Mikhail Kukushkin,Tommy Paul,0fc0f15d1b96e1d46afe4c22b03c678d,2022-01-17 04:30:00+00:00,2022-01-16 17:55:00+00:00,2022-01-16 17:48:58+00:00,True,True,635.0
2022,atp,Lorenzo Sonego,Sam Querrey,5d3da8ceac59cf928e737c00543195e0,2022-01-17 04:30:00+00:00,2022-01-16 17:55:00+00:00,2022-01-16 17:48:58+00:00,True,True,635.0
2022,atp,Chun Hsin Tseng,Oscar Otte,03d2bce094f16d4fbc3e19e169587085,2022-01-17 05:00:00+00:00,2022-01-16 17:55:00+00:00,2022-01-16 17:48:58+00:00,True,True,665.0
2022,atp,Fabio Fognini,Tallon Griekspoor,2f404720e475f2fd2a771b97f3c7974a,2022-01-17 05:00:00+00:00,2022-01-16 17:55:00+00:00,2022-01-16 17:48:58+00:00,True,True,665.0
2022,atp,Miomir Kecmanovic,Salvatore Caruso,780b5aa50ac95b6e1501a79bfadf4d9c,2022-01-17 06:00:00+00:00,2022-01-16 17:55:00+00:00,2022-01-16 17:48:58+00:00,True,True,725.0
2022,atp,Kevin Anderson,Reilly Opelka,5e610fb90d1ce7aa2c25335847ce8711,2022-01-17 06:00:00+00:00,2022-01-16 17:55:00+00:00,2022-01-16 17:48:58+00:00,True,True,725.0
2022,atp,Thanasi Kokkinakis,Yannick Hanfmann,9f13b3282a956f0c9fcf7594b399f16e,2022-01-17 06:00:00+00:00,2022-01-16 17:55:00+00:00,2022-01-16 17:48:58+00:00,True,True,725.0
2022,atp,Aslan Karatsev,Jaume Munar,d775970e5f7e6434a3d1f4255581a032,2022-01-17 07:15:00+00:00,2022-01-16 17:55:00+00:00,2022-01-16 17:48:58+00:00,True,True,800.0
2022,atp,Feliciano Lopez,John Millman,49b22cd6ffc6c3da18f2b5f46cdc82eb,2022-01-17 08:00:00+00:00,2022-01-16 17:55:00+00:00,2022-01-16 17:48:58+00:00,True,True,845.0
2022,atp,Alexander Zverev,Daniel Altmaier,4f8315ecb1546f4b3b7797c432d5fc8e,2022-01-17 09:15:00+00:00,2022-01-16 17:55:00+00:00,2022-01-16 17:48:58+00:00,True,True,920.0
2022,atp,Andreas Seppi,Kamil Majchrzak,e76c61d751ada585f9fefb949e6788f8,2022-01-18 00:00:00+00:00,2022-01-16 17:55:00+00:00,2022-01-16 17:48:58+00:00,True,True,1805.0
2022,atp,Alex De Minaur,Lorenzo Musetti,5debf4049acd916e2dfcf0107dbeff78,2022-01-18 00:00:00+00:00,2022-01-16 17:55:00+00:00,2022-01-16 17:48:58+00:00,True,True,1805.0
2022,atp,Andy Murray,Nikoloz Basilashvili,7a8424b55e57e7501058a0c74ec87eab,2022-01-18 00:00:00+00:00,2022-01-16 17:55:00+00:00,2022-01-16 17:48:58+00:00,True,True,1805.0
2022,atp,Jordan Thompson,Steve Johnson,ab577468eaf691a46bcf2f2fe679bcbb,2022-01-18 00:00:00+00:00,2022-01-16 17:55:00+00:00,2022-01-16 17:48:58+00:00,True,True,1805.0
2022,atp,Jannik Sinner,Joao Sousa,0ae97d8dc7bf9a46a880995429be789c,2022-01-18 00:00:00+00:00,2022-01-16 17:55:00+00:00,2022-01-16 17:48:58+00:00,True,True,1805.0
2022,atp,Roberto Bautista Agut,Stefano Travaglia,13808c32bdcd5d88a7c8b15e5ed2acc1,2022-01-18 00:00:00+00:00,2022-01-16 17:55:00+00:00,2022-01-16 17:48:58+00:00,True,True,1805.0
2022,atp,Marco Cecchinato,Philipp Kohlschreiber,fdba2adf6bc8cea932e2cdc9eb169c88,2022-01-18 00:00:00+00:00,2022-01-16 17:55:00+00:00,2022-01-16 17:48:58+00:00,True,True,1805.0
2022,atp,Frances Tiafoe,Marco Trungelliti,2793d011e8d26fde700f4fc664e6c370,2022-01-18 00:00:00+00:00,2022-01-16 17:55:00+00:00,2022-01-16 17:48:58+00:00,True,True,1805.0
2022,atp,Maximilian Marterer,Taylor Fritz,d980092ba0c5b3845bd4aedab981f1ee,2022-01-18 00:00:00+00:00,2022-01-16 17:55:00+00:00,2022-01-16 17:48:58+00:00,True,True,1805.0
2022,atp,Grigor Dimitrov,Jiri Lehecka,3613170bf6b339eac407d387117e14b7,2022-01-18 00:00:00+00:00,2022-01-16 17:55:00+00:00,2022-01-16 17:48:58+00:00,True,True,1805.0
2022,atp,Benoit Paire,Thiago Monteiro,7c42ab145aaf990cfcc9a10ffb6cb1fe,2022-01-18 00:00:00+00:00,2022-01-16 17:55:00+00:00,2022-01-16 17:48:58+00:00,True,True,1805.0
2022,atp,Mikael Ymer,Stefanos Tsitsipas,92173f49f5f21bddb36c3c0b22f78f17,2022-01-18 00:00:00+00:00,2022-01-16 17:55:00+00:00,2022-01-16 17:48:58+00:00,True,True,1805.0
2022,atp,Andrey Rublev,Gianluca Mager,78f50695234511875a7c289a4406226c,2022-01-18 00:00:00+00:00,2022-01-16 17:55:00+00:00,2022-01-16 17:48:58+00:00,True,True,1805.0
2022,atp,Ricardas Berankis,Roberto Carballes Baena,04b2b69bc1a1fba4119c84ae0835f759,2022-01-18 00:00:00+00:00,2022-01-16 17:55:00+00:00,2022-01-16 17:48:58+00:00,True,True,1805.0
2022,atp,Norbert Gombos,Timofey Skatov,3036eb6aad36155fa4dbde12e2e05cd7,2022-01-18 00:00:00+00:00,2022-01-16 17:55:00+00:00,2022-01-16 17:48:58+00:00,True,True,1805.0
2022,atp,Emilio Gomez,Marin Cilic,b258c3e3ffeaa5683e4d75b417068fae,2022-01-18 00:00:00+00:00,2022-01-16 17:55:00+00:00,2022-01-16 17:48:58+00:00,True,True,1805.0
2022,atp,Daniel Evans,David Goffin,2ee77b9263535219e305d8321408ede7,2022-01-18 00:00:00+00:00,2022-01-16 17:55:00+00:00,2022-01-16 17:48:58+00:00,True,True,1805.0
2022,atp,Alexei Popyrin,Arthur Rinderknech,f6f2610eedf639027da1f56bcd805359,2022-01-18 00:00:00+00:00,2022-01-16 17:55:00+00:00,2022-01-16 17:48:58+00:00,True,True,1805.0
2022,atp,Alejandro Davidovich Fokina,Alex Bolt,88a871c19a8bc731631e08a2a5fe5f0b,2022-01-18 00:00:00+00:00,2022-01-16 17:55:00+00:00,2022-01-16 17:48:58+00:00,True,True,1805.0
2022,atp,Emil Ruusuvuori,Felix Auger Aliassime,d9ad178af2c6cc287e58a3e530cb4475,2022-01-18 00:00:00+00:00,2022-01-16 17:55:00+00:00,2022-01-16 17:48:58+00:00,True,True,1805.0
2022,atp,Diego Schwartzman,Filip Krajinovic,23b06d8c2206a592f2b1beb29dcd8715,2022-01-18 00:00:00+00:00,2022-01-16 17:55:00+00:00,2022-01-16 17:48:58+00:00,True,True,1805.0
2022,atp,Christopher Oconnell,Hugo Gaston,e58c2dc28baf7349d6fbec43697d9823,2022-01-18 00:00:00+00:00,2022-01-16 17:55:00+00:00,2022-01-16 17:48:58+00:00,True,True,1805.0
2022,atp,Juan Manuel Cerundolo,Tomas Machac,8c616a303ba9d64284e54b960d1f6963,2022-01-18 00:00:00+00:00,2022-01-16 17:55:00+00:00,2022-01-16 17:48:58+00:00,True,True,1805.0
2022,atp,John Isner,Maxime Cressy,8172948ef98a5bd4a745d4b876edc966,2022-01-18 00:00:00+00:00,2022-01-16 17:55:00+00:00,2022-01-16 17:48:58+00:00,True,True,1805.0
2022,atp,Richard Gasquet,Ugo Humbert,e79fe84ed5f186ef15455c2877b43bfb,2022-01-18 00:00:00+00:00,2022-01-16 17:55:00+00:00,2022-01-16 17:48:58+00:00,True,True,1805.0
2022,atp,Botic Van De Zandschulp,Jan Lennard Struff,bd9e8aa2930dfce1e86b443c9ce838ce,2022-01-18 00:00:00+00:00,2022-01-16 17:55:00+00:00,2022-01-16 17:48:58+00:00,True,True,1805.0
2022,atp,Liam Broady,Nick Kyrgios,24c1ac76dc303438eb081565d2eae4b3,2022-01-18 00:00:00+00:00,2022-01-16 17:55:00+00:00,2022-01-16 17:48:58+00:00,True,True,1805.0
2022,atp,Daniil Medvedev,Henri Laaksonen,511b55bdbc4ee88ea786a42ba5379fcc,2022-01-18 00:00:00+00:00,2022-01-16 17:55:00+00:00,2022-01-16 17:48:58+00:00,True,True,1805.0
2022,wta,Anastasia Potapova,Camila Giorgi,6da0bd5ea636484919feac5029846850,2022-01-17 00:00:00+00:00,2022-01-16 17:55:00+00:00,2022-01-16 17:48:55+00:00,True,True,365.0
2022,wta,Belinda Bencic,Kristina Mladenovic,e23b47c4c4d8e3e2ae6512b30871caa5,2022-01-17 00:00:00+00:00,2022-01-16 17:55:00+00:00,2022-01-16 17:48:55+00:00,True,True,365.0
2022,wta,Amanda Anisimova,Arianne Hartono,6a53a3c5ef8bffce1466e980303996d2,2022-01-17 00:00:00+00:00,2022-01-16 17:55:00+00:00,2022-01-16 17:48:55+00:00,True,True,365.0
2022,wta,Aliaksandra Sasnovich,Qinwen Zheng,886e933a6e13e0b62ffcf2dbf9af14ce,2022-01-17 00:00:00+00:00,2022-01-16 17:55:00+00:00,2022-01-16 17:48:55+00:00,True,True,365.0
2022,wta,Maria Sakkari,Tatjana Maria,55a3f4d6b5a138131290dd2a915e643c,2022-01-17 00:00:00+00:00,2022-01-16 17:55:00+00:00,2022-01-16 17:48:55+00:00,True,True,365.0
2022,wta,Elina Svitolina,Fiona Ferro,8775f5aa892457ef0de556ac0fbcbfb8,2022-01-17 00:00:00+00:00,2022-01-16 17:55:00+00:00,2022-01-16 17:48:55+00:00,True,True,365.0
2022,wta,Kirsten Flipkens,Sara Sorribes Tormo,78bb2ef7575f14996b46f1aa65e5b300,2022-01-17 01:15:00+00:00,2022-01-16 17:55:00+00:00,2022-01-16 17:48:55+00:00,True,True,440.0
2022,wta,Diane Parry,Marta Kostyuk,3a4bd905508095c6804383f9f52913fe,2022-01-17 01:15:00+00:00,2022-01-16 17:55:00+00:00,2022-01-16 17:48:55+00:00,True,True,440.0
2022,wta,Lauren Davis,Tereza Martincova,94710402e6977bb118e3be7597dedf49,2022-01-17 02:00:00+00:00,2022-01-16 17:55:00+00:00,2022-01-16 17:48:55+00:00,True,True,485.0
2022,wta,Kaja Juvan,Maryna Zanevska,ecef108849cbb590a02bcca3d3b19652,2022-01-17 02:00:00+00:00,2022-01-16 17:55:00+00:00,2022-01-16 17:48:55+00:00,True,True,485.0
2022,wta,Bernarda Pera,Ekaterina Alexandrova,5341f99f9d0e1f934e10b31bd9c03f1f,2022-01-17 02:00:00+00:00,2022-01-16 17:55:00+00:00,2022-01-16 17:48:55+00:00,True,True,485.0
2022,wta,Claire Liu,Veronika Kudermetova,f7827bf153277d4f351e6abe16159f13,2022-01-17 02:00:00+00:00,2022-01-16 17:55:00+00:00,2022-01-16 17:48:55+00:00,True,True,485.0
2022,wta,Alison Van Uytvanck,Cristina Bucsa,ab6df1e2efe8471fbc92dc0e73103851,2022-01-17 02:00:00+00:00,2022-01-16 17:55:00+00:00,2022-01-16 17:48:55+00:00,True,True,485.0
2022,wta,Lucia Bronzetti,Varvara Gracheva,7d26c593e89552076a25e7ae26639155,2022-01-17 03:15:00+00:00,2022-01-16 17:55:00+00:00,2022-01-16 17:48:55+00:00,True,True,560.0
2022,wta,Anhelina Kalinina,Jessica Pegula,b95fd50c09bb660756e45389a387f7c9,2022-01-17 03:15:00+00:00,2022-01-16 17:55:00+00:00,2022-01-16 17:48:55+00:00,True,True,560.0
2022,wta,Anna Karolina Schmiedlova,Jelena Ostapenko,5270d1c8f303c0a75d477ab64bf55b03,2022-01-17 03:15:00+00:00,2022-01-16 17:55:00+00:00,2022-01-16 17:48:55+00:00,True,True,560.0
2022,wta,Coco Gauff,Qiang Wang,395e0ac4d717f4a02a3c73297d453968,2022-01-17 03:15:00+00:00,2022-01-16 17:55:00+00:00,2022-01-16 17:48:55+00:00,True,True,560.0
2022,wta,Elena Gabriela Ruse,Jasmine Paolini,54ba47df7f1eef373544a45cb18da9b8,2022-01-17 04:00:00+00:00,2022-01-16 17:55:00+00:00,2022-01-16 17:48:55+00:00,True,True,605.0
2022,wta,Panna Udvardy,Victoria Azarenka,fec95057d5381a9904fde1bfc363e1a4,2022-01-17 04:00:00+00:00,2022-01-16 17:55:00+00:00,2022-01-16 17:48:55+00:00,True,True,605.0
2022,wta,Jil Teichmann,Petra Martic,3555f49ca7ab441efd5c50b0e6a0a12b,2022-01-17 04:30:00+00:00,2022-01-16 17:55:00+00:00,2022-01-16 17:48:55+00:00,True,True,635.0
2022,wta,Greet Minnen,Jaqueline Cristian,ac90fa7ad36ffd432a7f06798f22e1c9,2022-01-17 05:15:00+00:00,2022-01-16 17:55:00+00:00,2022-01-16 17:48:55+00:00,True,True,680.0
2022,wta,Andrea Petkovic,Barbora Krejcikova,eecaf0812d78b2abb90de78a2dbc057f,2022-01-17 06:00:00+00:00,2022-01-16 17:55:00+00:00,2022-01-16 17:48:55+00:00,True,True,725.0
2022,wta,Madison Keys,Sofia Kenin,139384fa42843d14b5391198d9d0d13c,2022-01-17 06:00:00+00:00,2022-01-16 17:55:00+00:00,2022-01-16 17:48:55+00:00,True,True,725.0
2022,wta,Ashleigh Barty,Lesia Tsurenko,74a86fb5cdf937c3144e823155f1a6bc,2022-01-17 08:00:00+00:00,2022-01-16 17:55:00+00:00,2022-01-16 17:48:55+00:00,True,True,845.0
2022,wta,Ajla Tomljanovic,Paula Badosa,722a0c4faf24a1de798c83e01be3cdaf,2022-01-17 10:00:00+00:00,2022-01-16 17:55:00+00:00,2022-01-16 17:48:55+00:00,True,True,965.0
2022,wta,Anett Kontaveit,Katerina Siniakova,5de548d2ba595076ce23aad264aeddab,2022-01-18 00:00:00+00:00,2022-01-16 17:55:00+00:00,2022-01-16 17:48:55+00:00,True,True,1805.0
2022,wta,Astra Sharma,Clara Tauson,3dfd3466eaf836176259c939f372ae26,2022-01-18 00:00:00+00:00,2022-01-16 17:55:00+00:00,2022-01-16 17:48:55+00:00,True,True,1805.0
2022,wta,Ana Konjuh,Shelby Rogers,0747c91f6ffb6df267fe598704d0d218,2022-01-18 00:00:00+00:00,2022-01-16 17:55:00+00:00,2022-01-16 17:48:55+00:00,True,True,1805.0
2022,wta,Elise Mertens,Vera Zvonareva,f70f43e379655e21c0f06ccc9c3e5c20,2022-01-18 00:00:00+00:00,2022-01-16 17:55:00+00:00,2022-01-16 17:48:55+00:00,True,True,1805.0
2022,wta,Irina Camelia Begu,Oceane Dodin,dd12eee7fc4df81458989bf5fd5b84d6,2022-01-18 00:00:00+00:00,2022-01-16 17:55:00+00:00,2022-01-16 17:48:55+00:00,True,True,1805.0
2022,wta,Shuai Zhang,Viktorija Golubic,966330318b2810ed07e13aa32d1c7360,2022-01-18 00:00:00+00:00,2022-01-16 17:55:00+00:00,2022-01-16 17:48:55+00:00,True,True,1805.0
2022,wta,Elena Rybakina,Zarina Diyas,a5026273cac0ddac5830860256944d02,2022-01-18 00:00:00+00:00,2022-01-16 17:55:00+00:00,2022-01-16 17:48:55+00:00,True,True,1805.0
2022,wta,Magdalena Frech,Simona Halep,2626351c328af82f6be97d6ee2e30f9d,2022-01-18 00:00:00+00:00,2022-01-16 17:55:00+00:00,2022-01-16 17:48:55+00:00,True,True,1805.0
2022,wta,Beatriz Haddad Maia,Katie Volynets,fb3e7ef77c35f6b34bdb850dd2fbf567,2022-01-18 00:00:00+00:00,2022-01-16 17:55:00+00:00,2022-01-16 17:48:55+00:00,True,True,1805.0
2022,wta,Danka Kovinic,Su Jeong Jang,6a86e897c0ad7d25daf5f47c203facfa,2022-01-18 00:00:00+00:00,2022-01-16 17:55:00+00:00,2022-01-16 17:48:55+00:00,True,True,1805.0
2022,wta,Emma Raducanu,Sloane Stephens,ac5be1a9e58569e1c76b0d61c5a7efce,2022-01-18 00:00:00+00:00,2022-01-16 17:55:00+00:00,2022-01-16 17:48:55+00:00,True,True,1805.0
2022,wta,Arantxa Rus,Tamara Zidansek,735b657a216310fecbed361adcfb385b,2022-01-18 00:00:00+00:00,2022-01-16 17:55:00+00:00,2022-01-16 17:48:55+00:00,True,True,1805.0
2022,wta,Heather Watson,Mayar Sherif,106b75240b3fe587740c58b09c524770,2022-01-18 00:00:00+00:00,2022-01-16 17:55:00+00:00,2022-01-16 17:48:55+00:00,True,True,1805.0
2022,wta,Clara Burel,Garbine Muguruza,f2032151561563cd47f1bb7587160402,2022-01-18 00:00:00+00:00,2022-01-16 17:55:00+00:00,2022-01-16 17:48:55+00:00,True,True,1805.0
2022,wta,Harriet Dart,Iga Swiatek,feaa7bcd66d9dea5adae213fcfa95b81,2022-01-18 00:00:00+00:00,2022-01-16 17:55:00+00:00,2022-01-16 17:48:55+00:00,True,True,1805.0
2022,wta,Daria Saville,Rebecca Peterson,507854c048fb0be8649fd9b0a61ddc05,2022-01-18 00:00:00+00:00,2022-01-16 17:55:00+00:00,2022-01-16 17:48:55+00:00,True,True,1805.0
2022,wta,Anastasija Sevastova,Magda Linette,5362d203769e25cf25501b8440a92065,2022-01-18 00:00:00+00:00,2022-01-16 17:55:00+00:00,2022-01-16 17:48:55+00:00,True,True,1805.0
2022,wta,Daria Kasatkina,Stefanie Voegele,171908ce2548d4d53829279ffe9a49cb,2022-01-18 00:00:00+00:00,2022-01-16 17:55:00+00:00,2022-01-16 17:48:55+00:00,True,True,1805.0
2022,wta,Petra Kvitova,Sorana Cirstea,e0da62239ae3cf34775467f7ec2a3473,2022-01-18 00:00:00+00:00,2022-01-16 17:55:00+00:00,2022-01-16 17:48:55+00:00,True,True,1805.0
2022,wta,Kristina Kucova,Misaki Doi,1314cf088d6f55a33be48704ca347cea,2022-01-18 00:00:00+00:00,2022-01-16 17:55:00+00:00,2022-01-16 17:48:55+00:00,True,True,1805.0
2022,wta,Robin Anderson,Samantha Stosur,a296605995c32adbd86ea146ccabd1a8,2022-01-18 00:00:00+00:00,2022-01-16 17:55:00+00:00,2022-01-16 17:48:55+00:00,True,True,1805.0
2022,wta,Anastasia Pavlyuchenkova,Anna Bondar,5ad27fe5cd14ae20fab47c01ff0bbc27,2022-01-18 00:00:00+00:00,2022-01-16 17:55:00+00:00,2022-01-16 17:48:55+00:00,True,True,1805.0
2022,wta,Angelique Kerber,Kaia Kanepi,f9f6e62d3729cd1099cfecba436931b4,2022-01-18 00:00:00+00:00,2022-01-16 17:55:00+00:00,2022-01-16 17:48:55+00:00,True,True,1805.0
2022,wta,Marie Bouzkova,Rebecca Marino,57687690e777bb2330d4bd7f585e4ec2,2022-01-18 00:00:00+00:00,2022-01-16 17:55:00+00:00,2022-01-16 17:48:55+00:00,True,True,1805.0
2022,wta,Caroline Garcia,Hailey Baptiste,b62a9ac814ce7e1b1a07ace69265d36f,2022-01-18 00:00:00+00:00,2022-01-16 17:55:00+00:00,2022-01-16 17:48:55+00:00,True,True,1805.0
2022,wta,Leylah Fernandez,Maddison Inglis,d83fde6aa23e28acfebe1bd8d2cff0d0,2022-01-18 00:00:00+00:00,2022-01-16 17:55:00+00:00,2022-01-16 17:48:55+00:00,True,True,1805.0
2022,wta,Marketa Vondrousova,Priscilla Hon,a7703d654adf72736ed0b65077e0245e,2022-01-18 00:00:00+00:00,2022-01-16 17:55:00+00:00,2022-01-16 17:48:55+00:00,True,True,1805.0
2022,wta,Emina Bektas,Liudmila Samsonova,cff9c65a4177f3c7266a22246cc465a4,2022-01-18 00:00:00+00:00,2022-01-16 17:55:00+00:00,2022-01-16 17:48:55+00:00,True,True,1805.0
2023,atp,Juncheng Shang,Oscar Otte,d2d17dba0e9b63f212819b9e9bf59bfe,2023-01-16 00:00:00+00:00,2023-01-15 17:55:38+00:00,2023-01-15 17:55:35+00:00,True,True,364.37
2023,atp,Arthur Rinderknech,Yosuke Watanuki,78a27cbd45278dff757f6b1c56f5fbe3,2023-01-16 00:00:00+00:00,2023-01-15 17:55:38+00:00,2023-01-15 17:55:35+00:00,True,True,364.37
2023,atp,Botic Van De Zandschulp,Ilya Ivashka,a7ca1ce4bea1448b50b3a75ad39e3bf8,2023-01-16 00:00:00+00:00,2023-01-15 17:55:38+00:00,2023-01-15 17:55:35+00:00,True,True,364.37
2023,atp,Gregoire Barrere,Tomas Martin Etcheverry,0d08076109a1c17196c3157564a51d60,2023-01-16 00:00:00+00:00,2023-01-15 17:55:38+00:00,2023-01-15 17:55:35+00:00,True,True,364.37
2023,atp,Jannik Sinner,Kyle Edmund,0c6ea71d1123a9390ddb92ff5a5f7371,2023-01-16 00:00:00+00:00,2023-01-15 17:55:38+00:00,2023-01-15 17:55:35+00:00,True,True,364.37
2023,atp,Francisco Cerundolo,Guido Pella,b6b12d1cf96c36301552fa4ffbfda098,2023-01-16 00:00:00+00:00,2023-01-15 17:55:38+00:00,2023-01-15 17:55:35+00:00,True,True,364.37
2023,atp,Corentin Moutet,Yibing Wu,f358035b8251325461d0cb39d8ab9342,2023-01-16 00:00:00+00:00,2023-01-15 17:55:38+00:00,2023-01-15 17:55:35+00:00,True,True,364.37
2023,atp,Brandon Nakashima,Mackenzie Mcdonald,0f734a231fa15b84d5a9e69f3c6b6a47,2023-01-16 01:30:00+00:00,2023-01-15 17:55:38+00:00,2023-01-15 17:55:35+00:00,True,True,454.37
2023,atp,Mikael Ymer,Yoshihito Nishioka,df7347a23292fb5668616c6eab41e34d,2023-01-16 01:30:00+00:00,2023-01-15 17:55:38+00:00,2023-01-15 17:55:35+00:00,True,True,454.37
2023,atp,Daniel Altmaier,Frances Tiafoe,53cdab8004f7f48537fe4b2bd79b9eb7,2023-01-16 01:30:00+00:00,2023-01-15 17:55:38+00:00,2023-01-15 17:55:35+00:00,True,True,454.37
2023,atp,Hubert Hurkacz,Pedro Martinez,becdd1ef0b8339c2fd36e590ab7f14eb,2023-01-16 01:30:00+00:00,2023-01-15 17:55:38+00:00,2023-01-15 17:55:35+00:00,True,True,454.37
2023,atp,Denis Shapovalov,Dusan Lajovic,9559c2a3eb773328251f3fa5383210e0,2023-01-16 01:30:00+00:00,2023-01-15 17:55:38+00:00,2023-01-15 17:55:35+00:00,True,True,454.37
2023,atp,Cristian Garin,Sebastian Korda,7b261f7792441a38e4d5d865a95815a1,2023-01-16 01:30:00+00:00,2023-01-15 17:55:38+00:00,2023-01-15 17:55:35+00:00,True,True,454.37
2023,atp,Pavel Kotov,Tallon Griekspoor,bffd1dc26ad4114339401a17a5f955f9,2023-01-16 01:30:00+00:00,2023-01-15 17:55:38+00:00,2023-01-15 17:55:35+00:00,True,True,454.37
2023,atp,Bernabe Zapata Miralles,Karen Khachanov,5c122f4f00a7735ef34eea10ed2d8f37,2023-01-16 02:00:00+00:00,2023-01-15 17:55:38+00:00,2023-01-15 17:55:35+00:00,True,True,484.37
2023,atp,Ernesto Escobedo,Taro Daniel,4349f31569759c16c919ab3aaf4a1345,2023-01-16 03:15:00+00:00,2023-01-15 17:55:38+00:00,2023-01-15 17:55:35+00:00,True,True,559.37
2023,atp,Jack Draper,Rafael Nadal,1cf8a29c9502fe131943a37cea59b061,2023-01-16 03:30:00+00:00,2023-01-15 17:55:38+00:00,2023-01-15 17:55:35+00:00,True,True,574.37
2023,atp,Dalibor Svrcina,Jaume Munar,4e0fa14401c6698f8f60caeeae1de006,2023-01-16 03:30:00+00:00,2023-01-15 17:55:38+00:00,2023-01-15 17:55:35+00:00,True,True,574.37
2023,atp,Lorenzo Sonego,Nuno Borges,30bd2cf9118884e01b45bbecc4355164,2023-01-16 03:30:00+00:00,2023-01-15 17:55:38+00:00,2023-01-15 17:55:35+00:00,True,True,574.37
2023,atp,Federico Coria,Marton Fucsovics,f42e693960f27d5a237778c35325e8ec,2023-01-16 03:30:00+00:00,2023-01-15 17:55:38+00:00,2023-01-15 17:55:35+00:00,True,True,574.37
2023,atp,Cameron Norrie,Luca Van Assche,a157f0ce7dddb70cae678724005accc4,2023-01-16 03:30:00+00:00,2023-01-15 17:55:38+00:00,2023-01-15 17:55:35+00:00,True,True,574.37
2023,atp,Borna Coric,Jiri Lehecka,b2c4f07cca4d7ca1205c7c976f28051c,2023-01-16 03:30:00+00:00,2023-01-15 17:55:38+00:00,2023-01-15 17:55:35+00:00,True,True,574.37
2023,atp,Jason Kubler,Sebastian Baez,620a5d7c7796cb19b9103531d41fa66e,2023-01-16 04:30:00+00:00,2023-01-15 17:55:38+00:00,2023-01-15 17:55:35+00:00,True,True,634.37
2023,atp,John Millman,Marc Andrea Huesler,78c29061bb473adff10dca62ba8c178c,2023-01-16 04:30:00+00:00,2023-01-15 17:55:38+00:00,2023-01-15 17:55:35+00:00,True,True,634.37
2023,atp,Constant Lestienne,Thiago Monteiro,fee8b30d963342d2ed48822f623f5dd8,2023-01-16 04:30:00+00:00,2023-01-15 17:55:38+00:00,2023-01-15 17:55:35+00:00,True,True,634.37
2023,atp,Rinky Hijikata,Yannick Hanfmann,ac2c4d668fa2ab50398f24737d3a5965,2023-01-16 05:00:00+00:00,2023-01-15 17:55:38+00:00,2023-01-15 17:55:35+00:00,True,True,664.37
2023,atp,Lloyd Harris,Lorenzo Musetti,65b4177f6b07f5182978589884a99a5d,2023-01-16 05:00:00+00:00,2023-01-15 17:55:38+00:00,2023-01-15 17:55:35+00:00,True,True,664.37
2023,atp,Alex Molcan,Stan Wawrinka,546921525d31345c4b17f574901346c8,2023-01-16 05:00:00+00:00,2023-01-15 17:55:38+00:00,2023-01-15 17:55:35+00:00,True,True,664.37
2023,atp,Felix Auger Aliassime,Vasek Pospisil,73b6e306a44f6444241175f1d1879977,2023-01-16 07:00:00+00:00,2023-01-15 17:55:38+00:00,2023-01-15 17:55:35+00:00,True,True,784.37
2023,atp,Quentin Halys,Stefanos Tsitsipas,2d07a9a4662cb120e280945a4438f280,2023-01-16 08:00:00+00:00,2023-01-15 17:55:38+00:00,2023-01-15 17:55:35+00:00,True,True,844.37
2023,atp,Daniil Medvedev,Marcos Giron,5f619701eb32b33387c08a29559dd840,2023-01-16 09:30:00+00:00,2023-01-15 17:55:38+00:00,2023-01-15 17:55:35+00:00,True,True,934.37
2023,atp,Andrey Rublev,Dominic Thiem,d7252b690108b839da1360e4caca042c,2023-01-17 00:00:00+00:00,2023-01-15 17:55:38+00:00,2023-01-15 17:55:35+00:00,True,True,1804.37
2023,atp,Daniel Elahi Galan,Jeremy Chardy,1366b757e9465743d799a943495872d3,2023-01-17 00:00:00+00:00,2023-01-15 17:55:38+00:00,2023-01-15 17:55:35+00:00,True,True,1804.37
2023,atp,Daniel Evans,Facundo Bagnis,0bb0a708244e5993ec4c17410b7270b6,2023-01-17 00:00:00+00:00,2023-01-15 17:55:38+00:00,2023-01-15 17:55:35+00:00,True,True,1804.37
2023,atp,Benjamin Bonzi,Mattia Bellucci,abd851d13fbf9486725f48242de20fd6,2023-01-17 00:00:00+00:00,2023-01-15 17:55:38+00:00,2023-01-15 17:55:35+00:00,True,True,1804.37
2023,atp,Aslan Karatsev,Grigor Dimitrov,db1fdfbbbcbbfa8173fd7db1c63a16e6,2023-01-17 00:00:00+00:00,2023-01-15 17:55:38+00:00,2023-01-15 17:55:35+00:00,True,True,1804.37
2023,atp,Laslo Djere,Zizou Bergs,cffa948d52ef643ff3424ba7707299b4,2023-01-17 00:00:00+00:00,2023-01-15 17:55:38+00:00,2023-01-15 17:55:35+00:00,True,True,1804.37
2023,atp,Diego Schwartzman,Oleksii Krutykh,c5d66b48789fb15fa2183515feb75957,2023-01-17 00:00:00+00:00,2023-01-15 17:55:38+00:00,2023-01-15 17:55:35+00:00,True,True,1804.37
2023,atp,Filip Krajinovic,Holger Rune,48aaeb5fb2a0a861d3163965533f4262,2023-01-17 01:30:00+00:00,2023-01-15 17:55:38+00:00,2023-01-15 17:55:35+00:00,True,True,1894.37
2023,atp,Pablo Carreno Busta,Pedro Cachin,1446854b70749a6a0d595cc19259052d,2023-01-17 01:30:00+00:00,2023-01-15 17:55:38+00:00,2023-01-15 17:55:35+00:00,True,True,1894.37
2023,atp,Miomir Kecmanovic,Nicolas Jarry,f76cec60ae67cc74beb1734694c07401,2023-01-17 01:30:00+00:00,2023-01-15 17:55:38+00:00,2023-01-15 17:55:35+00:00,True,True,1894.37
2023,atp,J J Wolf,Jordan Thompson,d3e184e2c38eebd11454327ccc668e99,2023-01-17 01:30:00+00:00,2023-01-15 17:55:38+00:00,2023-01-15 17:55:35+00:00,True,True,1894.37
2023,atp,Alejandro Davidovich Fokina,Alexander Bublik,1fff2d12731f9f6124585fedb657d490,2023-01-17 01:30:00+00:00,2023-01-15 17:55:38+00:00,2023-01-15 17:55:35+00:00,True,True,1894.37
2023,atp,Emil Ruusuvuori,Max Purcell,cf0b296777c6d1307780dba89ef82ea1,2023-01-17 02:00:00+00:00,2023-01-15 17:55:38+00:00,2023-01-15 17:55:35+00:00,True,True,1924.37
2023,atp,Nikoloz Basilashvili,Taylor Fritz,e0fa7180a20ab934e1870861a64b7cfb,2023-01-17 02:00:00+00:00,2023-01-15 17:55:38+00:00,2023-01-15 17:55:35+00:00,True,True,1924.37
2023,atp,Ben Shelton,Zhizhen Zhang,a3355dec8b6481d98cda36c85e4ef9f8,2023-01-17 02:00:00+00:00,2023-01-15 17:55:38+00:00,2023-01-15 17:55:35+00:00,True,True,1924.37
2023,atp,Andy Murray,Matteo Berrettini,dc042603d1b78e7bcb7de2d743799881,2023-01-17 03:00:00+00:00,2023-01-15 17:55:38+00:00,2023-01-15 17:55:35+00:00,True,True,1984.37
2023,atp,Jan Lennard Struff,Tommy Paul,4cea64b6769711262ec79b0473ad6bf2,2023-01-17 03:00:00+00:00,2023-01-15 17:55:38+00:00,2023-01-15 17:55:35+00:00,True,True,1984.37
2023,atp,Casper Ruud,Tomas Machac,09f6dd6902ce3411801f7d6cd52e88a0,2023-01-17 03:00:00+00:00,2023-01-15 17:55:38+00:00,2023-01-15 17:55:35+00:00,True,True,1984.37
2023,atp,Adrian Mannarino,John Isner,c1d50302f5d68cbdd5f529b19e4a4a27,2023-01-17 03:30:00+00:00,2023-01-15 17:55:38+00:00,2023-01-15 17:55:35+00:00,True,True,2014.37
2023,atp,Alexei Popyrin,Chun Hsin Tseng,b34f4a8702c253bc2bbc29b44c590515,2023-01-17 03:30:00+00:00,2023-01-15 17:55:38+00:00,2023-01-15 17:55:35+00:00,True,True,2014.37
2023,atp,Fabio Fognini,Thanasi Kokkinakis,fcbad208be5ea6488d6196939caeea69,2023-01-17 03:30:00+00:00,2023-01-15 17:55:38+00:00,2023-01-15 17:55:35+00:00,True,True,2014.37
2023,atp,Christopher Oconnell,Jenson Brooksby,7643089a6b9c33761fca83b88d383b9a,2023-01-17 03:30:00+00:00,2023-01-15 17:55:38+00:00,2023-01-15 17:55:35+00:00,True,True,2014.37
2023,atp,Joao Sousa,Roberto Bautista Agut,ff3abe69fdf6e9fb4844bfdcfaf41e0e,2023-01-17 04:30:00+00:00,2023-01-15 17:55:38+00:00,2023-01-15 17:55:35+00:00,True,True,2074.37
2023,atp,Richard Gasquet,Ugo Humbert,c7b84c8120fd406f1b7ae61cbd5e5a7e,2023-01-17 05:00:00+00:00,2023-01-15 17:55:38+00:00,2023-01-15 17:55:35+00:00,True,True,2104.37
2023,atp,Enzo Couacaud,Hugo Dellien,42c2eb7d332d4f806973f393e8649545,2023-01-17 05:00:00+00:00,2023-01-15 17:55:38+00:00,2023-01-15 17:55:35+00:00,True,True,2104.37
2023,atp,Alexander Zverev,Juan Pablo Varillas,893faebd6d651ae03cf32f31f993044f,2023-01-17 06:00:00+00:00,2023-01-15 17:55:38+00:00,2023-01-15 17:55:35+00:00,True,True,2164.37
2023,atp,Alex De Minaur,Yu Hsiou Hsu,89ce5b6b9959db28828f75222d815454,2023-01-17 09:30:00+00:00,2023-01-15 17:55:38+00:00,2023-01-15 17:55:35+00:00,True,True,2374.37
2023,atp,Novak Djokovic,Roberto Carballes Baena,87a8ddcafabf2afc65bec2783b785bad,2023-01-17 09:30:00+00:00,2023-01-15 17:55:38+00:00,2023-01-15 17:55:35+00:00,True,True,2374.37
2023,wta,Cristina Bucsa,Eva Lys,c37ae2118a140073d9d9335a239fcf73,2023-01-16 00:00:00+00:00,2023-01-15 17:55:38+00:00,2023-01-15 17:55:35+00:00,True,True,364.37
2023,wta,Bianca Andreescu,Marie Bouzkova,280c77842800f61e3c346b82bb5a5189,2023-01-16 00:00:00+00:00,2023-01-15 17:55:38+00:00,2023-01-15 17:55:35+00:00,True,True,364.37
2023,wta,Anna Kalinskaya,Danielle Collins,612cf165723ce6a08850b47baa61ff29,2023-01-16 00:00:00+00:00,2023-01-15 17:55:38+00:00,2023-01-15 17:55:35+00:00,True,True,364.37
2023,wta,Emma Raducanu,Tamara Korpatsch,173bae070f4ee6ce981837fd77f5f857,2023-01-16 00:00:00+00:00,2023-01-15 17:55:38+00:00,2023-01-15 17:55:35+00:00,True,True,364.37
2023,wta,Coco Gauff,Katerina Siniakova,dda3cdbde45a7a834badb6cb2c080e4a,2023-01-16 00:00:00+00:00,2023-01-15 17:55:38+00:00,2023-01-15 17:55:35+00:00,True,True,364.37
2023,wta,Jaqueline Cristian,Jessica Pegula,46a2030c592cf4299019b8cc367c3160,2023-01-16 00:00:00+00:00,2023-01-15 17:55:38+00:00,2023-01-15 17:55:35+00:00,True,True,364.37
2023,wta,Olivia Gadecki,Polina Kudermetova,e95b7a6f15b5eb23ef810cbfe53f8b2d,2023-01-16 00:00:00+00:00,2023-01-15 17:55:38+00:00,2023-01-15 17:55:35+00:00,True,True,364.37
2023,wta,Amanda Anisimova,Marta Kostyuk,5f677be12abc393ec042af4208291fda,2023-01-16 00:00:00+00:00,2023-01-15 17:55:38+00:00,2023-01-15 17:55:35+00:00,True,True,364.37
2023,wta,Diana Shnaider,Kristina Kucova,63f6ad6265cc5a53099bb82f06b5058e,2023-01-16 00:00:00+00:00,2023-01-15 17:55:38+00:00,2023-01-15 17:55:35+00:00,True,True,364.37
2023,wta,Clara Burel,Talia Gibson,c5427484f639b2f36b13de6d5493449e,2023-01-16 01:15:00+00:00,2023-01-15 17:55:38+00:00,2023-01-15 17:55:35+00:00,True,True,439.37
2023,wta,Maria Sakkari,Yue Yuan,d4ba4d39377570f6e2a1d94cf9aa4259,2023-01-16 01:15:00+00:00,2023-01-15 17:55:38+00:00,2023-01-15 17:55:35+00:00,True,True,439.37
2023,wta,Karolina Muchova,Lesia Tsurenko,459801aa3990fd212762d3abc7772d13,2023-01-16 02:00:00+00:00,2023-01-15 17:55:38+00:00,2023-01-15 17:55:35+00:00,True,True,484.37
2023,wta,Kamilla Rakhimova,Kateryna Baindl,fb1cb90d44ef06644bc5ec8529792756,2023-01-16 02:00:00+00:00,2023-01-15 17:55:38+00:00,2023-01-15 17:55:35+00:00,True,True,484.37
2023,wta,Bernarda Pera,Moyuka Uchijima,b574a548bc486de394e6f5ac076a9677,2023-01-16 02:00:00+00:00,2023-01-15 17:55:38+00:00,2023-01-15 17:55:35+00:00,True,True,484.37
2023,wta,Aliaksandra Sasnovich,Brenda Fruhvirtova,b9cf64da0a3037e271aa12e3082fe4ca,2023-01-16 02:00:00+00:00,2023-01-15 17:55:38+00:00,2023-01-15 17:55:35+00:00,True,True,484.37
2023,wta,Anhelina Kalinina,Coco Vandeweghe,53ce860f209664c3bb0705f57f9bbf03,2023-01-16 02:00:00+00:00,2023-01-15 17:55:38+00:00,2023-01-15 17:55:35+00:00,True,True,484.37
2023,wta,Alison Van Uytvanck,Petra Kvitova,8adc6051f86e391bb47b203d126effcf,2023-01-16 02:00:00+00:00,2023-01-15 17:55:38+00:00,2023-01-15 17:55:35+00:00,True,True,484.37
2023,wta,Dayana Yastremska,Jelena Ostapenko,3e2b660f9a03106380625b13f029db6b,2023-01-16 03:00:00+00:00,2023-01-15 17:55:38+00:00,2023-01-15 17:55:35+00:00,True,True,544.37
2023,wta,Ana Bogdan,Anna Bondar,ea2068ba3262f431681b5a579028a298,2023-01-16 03:15:00+00:00,2023-01-15 17:55:38+00:00,2023-01-15 17:55:35+00:00,True,True,559.37
2023,wta,Dalma Galfi,Qinwen Zheng,a5999dedaea35777bafed1dcc394a04c,2023-01-16 03:15:00+00:00,2023-01-15 17:55:38+00:00,2023-01-15 17:55:35+00:00,True,True,559.37
2023,wta,Barbora Krejcikova,Sara Bejlek,8836f62b36dfc9004458b23ce2309c44,2023-01-16 03:30:00+00:00,2023-01-15 17:55:38+00:00,2023-01-15 17:55:35+00:00,True,True,574.37
2023,wta,Sofia Kenin,Victoria Azarenka,263af66755b608363110879b23862de7,2023-01-16 03:30:00+00:00,2023-01-15 17:55:38+00:00,2023-01-15 17:55:35+00:00,True,True,574.37
2023,wta,Lin Zhu,Rebecca Marino,6a7ca3d5b14e29cbbcfd5ea747b044f5,2023-01-16 03:30:00+00:00,2023-01-15 17:55:38+00:00,2023-01-15 17:55:35+00:00,True,True,574.37
2023,wta,Caty Mcnally,Laura Pigossi,078f00aeab398ea07fc622c0865e3cb6,2023-01-16 04:30:00+00:00,2023-01-15 17:55:38+00:00,2023-01-15 17:55:35+00:00,True,True,634.37
2023,wta,Elena Rybakina,Elisabetta Cocciaretto,b85968b35f28792ef1f8e18468c9d24b,2023-01-16 05:00:00+00:00,2023-01-15 17:55:38+00:00,2023-01-15 17:55:35+00:00,True,True,664.37
2023,wta,Kaja Juvan,Selena Janicijevic,dfaa0affbfb172c2275a00916485ddd9,2023-01-16 05:15:00+00:00,2023-01-15 17:55:38+00:00,2023-01-15 17:55:35+00:00,True,True,679.37
2023,wta,Storm Hunter,Xin Yu Wang,b05e72a809e089586379a67be8b09306,2023-01-16 05:15:00+00:00,2023-01-15 17:55:38+00:00,2023-01-15 17:55:35+00:00,True,True,679.37
2023,wta,Harriet Dart,Jil Teichmann,e5a3057580df59e2d9ca76bf8ef0c5e3,2023-01-16 05:30:00+00:00,2023-01-15 17:55:38+00:00,2023-01-15 17:55:35+00:00,True,True,694.37
2023,wta,Leolia Jeanjean,Nadia Podoroska,1c4067aa3235186995b391cf1fab672a,2023-01-16 06:00:00+00:00,2023-01-15 17:55:38+00:00,2023-01-15 17:55:35+00:00,True,True,724.37
2023,wta,Iga Swiatek,Jule Niemeier,e924a9731a6ef968235e4dbb059ab0e1,2023-01-16 08:00:00+00:00,2023-01-15 17:55:38+00:00,2023-01-15 17:55:35+00:00,True,True,844.37
