fight_key,pair_key,event_key,event_id,event_title,event_url,event_date,scheduled_start_utc,fighter_a,fighter_a_id,fighter_a_athlete_url,fighter_b,fighter_b_id,fighter_b_athlete_url,weight_class,identity_status,status,observed_at_utc
586455306bfc4801fabd6132fc3b1d99d8c38f5f59f987389d05f6340f9eb860,unresolved:fabia sintes|michael aljarouj,url:ufc.com/event/ufc-fight-night-september-05-2026,,UFC Fight Night: Hooker vs Parnasse,https://www.ufc.com/event/ufc-fight-night-september-05-2026,2026-09-05,,Michael Aljarouj,,https://www.ufc.com/athlete/michael-aljarouj,Fabia Sintes,,https://www.ufc.com/athlete/fabia-sintes,Flyweight Bout,unresolved,active,2026-08-30T10:46:30.454644Z
7ed3fd78aaf7dfcbed4bbebe46ae7472478ab11248b6300cf3ee984a07b93c3b,unresolved:delphine benouaich|sofia montenegro,url:ufc.com/event/ufc-fight-night-september-05-2026,,UFC Fight Night: Hooker vs Parnasse,https://www.ufc.com/event/ufc-fight-night-september-05-2026,2026-09-05,,Delphine Benouaich,,https://www.ufc.com/athlete/delphine-benouaich,Sofia Montenegro,8b1b051038354655,https://www.ufc.com/athlete/sofia-montenegro,Women's Strawweight Bout,unresolved,active,2026-08-30T10:46:30.454644Z
8d6daefa636724723720f969fe69e33f5a7c96001db5bc401e861edab1d414c8,unresolved:michael venom page|nursulton ruziboev,url:ufc.com/event/ufc-fight-night-september-05-2026,,UFC Fight Night: Hooker vs Parnasse,https://www.ufc.com/event/ufc-fight-night-september-05-2026,2026-09-05,,Michael Venom Page,,https://www.ufc.com/athlete/michael-page,Nursulton Ruziboev,49d2a08964c5eb11,https://www.ufc.com/athlete/nursulton-ruziboev,Middleweight Bout,unresolved,active,2026-08-30T10:46:30.454644Z
cbbf65c7277412a042fa6ae0ef2fff6887c1aef0ebac759df4ed612118481de7,unresolved:losene keita|muhammad naimov,url:ufc.com/event/ufc-fight-night-september-05-2026,,UFC Fight Night: Hooker vs Parnasse,https://www.ufc.com/event/ufc-fight-night-september-05-2026,2026-09-05,,Losene Keita,,https://www.ufc.com/athlete/losene-keita,Muhammad Naimov,8d11d9c13e2ccdf7,https://www.ufc.com/athlete/Muhammad-Naimov,Featherweight Bout,unresolved,active,2026-08-30T10:46:30.454644Z
e60256fe75e0036f467fd2eb88cf1aaa802e2d244840b91a93b6290bc3fbcd70,unresolved:luis felipe dias|matthieu letho duclos,url:ufc.com/event/ufc-fight-night-september-05-2026,,UFC Fight Night: Hooker vs Parnasse,https://www.ufc.com/event/ufc-fight-night-september-05-2026,2026-09-05,,Matthieu Letho Duclos,,https://www.ufc.com/athlete/matthieu-letho-duclos,Luis Felipe Dias,33a86e839ad202d8,https://www.ufc.com/athlete/luis-dias-de-assis,Middleweight Bout,unresolved,active,2026-08-30T10:46:30.454644Z
url:ufc.com/event/ufc-fight-night-september-05-2026|fighters:0bc697c5936a2d0a:9d51798e61f2e0c7,ufcstats:0bc697c5936a2d0a|9d51798e61f2e0c7,url:ufc.com/event/ufc-fight-night-september-05-2026,,UFC Fight Night: Hooker vs Parnasse,https://www.ufc.com/event/ufc-fight-night-september-05-2026,2026-09-05,,Kurtis Campbell,9d51798e61f2e0c7,https://www.ufc.com/athlete/kurtis-campbell,Trevor Peek,0bc697c5936a2d0a,https://www.ufc.com/athlete/trevor-peek,Featherweight Bout,resolved,active,2026-08-30T10:46:30.454644Z
url:ufc.com/event/ufc-fight-night-september-05-2026|fighters:193b9d1858bc4df3:b3cb9dfccff3be76,ufcstats:193b9d1858bc4df3|b3cb9dfccff3be76,url:ufc.com/event/ufc-fight-night-september-05-2026,,UFC Fight Night: Hooker vs Parnasse,https://www.ufc.com/event/ufc-fight-night-september-05-2026,2026-09-05,,Dan Hooker,193b9d1858bc4df3,https://www.ufc.com/athlete/dan-hooker,Salahdine Parnasse,b3cb9dfccff3be76,https://www.ufc.com/athlete/salahdine-parnasse,Lightweight Bout,resolved,active,2026-08-30T10:46:30.454644Z
url:ufc.com/event/ufc-fight-night-september-05-2026|fighters:1d2d98ddd05b38fb:1e4f273069fb9e85,ufcstats:1d2d98ddd05b38fb|1e4f273069fb9e85,url:ufc.com/event/ufc-fight-night-september-05-2026,,UFC Fight Night: Hooker vs Parnasse,https://www.ufc.com/event/ufc-fight-night-september-05-2026,2026-09-05,,Farès Ziam,1e4f273069fb9e85,https://www.ufc.com/athlete/fares-ziam,Axel Sola,1d2d98ddd05b38fb,https://www.ufc.com/athlete/axel-sola,Lightweight Bout,resolved,active,2026-08-30T10:46:30.454644Z
url:ufc.com/event/ufc-fight-night-september-05-2026|fighters:329e403448756217:480779d7f9a424d3,ufcstats:329e403448756217|480779d7f9a424d3,url:ufc.com/event/ufc-fight-night-september-05-2026,,UFC Fight Night: Hooker vs Parnasse,https://www.ufc.com/event/ufc-fight-night-september-05-2026,2026-09-05,,Nathaniel Wood,329e403448756217,https://www.ufc.com/athlete/nathaniel-wood,Mairon Santos,480779d7f9a424d3,https://www.ufc.com/athlete/mairon-santos-alves,Featherweight Bout,resolved,active,2026-08-30T10:46:30.454644Z
url:ufc.com/event/ufc-fight-night-september-05-2026|fighters:39d309957c5c210d:a67f5afa8d6a1b80,ufcstats:39d309957c5c210d|a67f5afa8d6a1b80,url:ufc.com/event/ufc-fight-night-september-05-2026,,UFC Fight Night: Hooker vs Parnasse,https://www.ufc.com/event/ufc-fight-night-september-05-2026,2026-09-05,,Mario Pinto,39d309957c5c210d,https://www.ufc.com/athlete/mario-pinto,Ryan Spann,a67f5afa8d6a1b80,https://www.ufc.com/athlete/ryan-spann,Heavyweight Bout,resolved,active,2026-08-30T10:46:30.454644Z
url:ufc.com/event/ufc-fight-night-september-05-2026|fighters:46e2011d92463b7e:476fe566d2df676e,ufcstats:46e2011d92463b7e|476fe566d2df676e,url:ufc.com/event/ufc-fight-night-september-05-2026,,UFC Fight Night: Hooker vs Parnasse,https://www.ufc.com/event/ufc-fight-night-september-05-2026,2026-09-05,,Oumar Sy,46e2011d92463b7e,https://www.ufc.com/athlete/oumar-sy,Modestas Bukauskas,476fe566d2df676e,https://www.ufc.com/athlete/modestas-bukauskas,Light Heavyweight Bout,resolved,active,2026-08-30T10:46:30.454644Z
url:ufc.com/event/ufc-fight-night-september-05-2026|fighters:5b03b61f9d90125e:9256f591b30c073e,ufcstats:5b03b61f9d90125e|9256f591b30c073e,url:ufc.com/event/ufc-fight-night-september-05-2026,,UFC Fight Night: Hooker vs Parnasse,https://www.ufc.com/event/ufc-fight-night-september-05-2026,2026-09-05,,Morgan Charriere,5b03b61f9d90125e,https://www.ufc.com/athlete/morgan-charriere,Felipe Lima,9256f591b30c073e,https://www.ufc.com/athlete/felipe-lima,Featherweight Bout,resolved,active,2026-08-30T10:46:30.454644Z
url:ufc.com/event/ufc-fight-night-september-05-2026|fighters:64facb6cc564262d:70dd69b6a703257e,ufcstats:64facb6cc564262d|70dd69b6a703257e,url:ufc.com/event/ufc-fight-night-september-05-2026,,UFC Fight Night: Hooker vs Parnasse,https://www.ufc.com/event/ufc-fight-night-september-05-2026,2026-09-05,,Daniil Donchenko,70dd69b6a703257e,https://www.ufc.com/athlete/daniil-donchenko,Punahele Soriano,64facb6cc564262d,https://www.ufc.com/athlete/punahele-soriano,Welterweight Bout,resolved,active,2026-08-30T10:46:30.454644Z
url:ufc.com/event/ufc-fight-night-september-05-2026|fighters:9f5e3c20ce40b344:f2b3f4ef3f780168,ufcstats:9f5e3c20ce40b344|f2b3f4ef3f780168,url:ufc.com/event/ufc-fight-night-september-05-2026,,UFC Fight Night: Hooker vs Parnasse,https://www.ufc.com/event/ufc-fight-night-september-05-2026,2026-09-05,,Nora Cornolle,f2b3f4ef3f780168,https://www.ufc.com/athlete/nora-cornolle,Klaudia Sygula,9f5e3c20ce40b344,https://www.ufc.com/athlete/klaudia-sygula,Women's Bantamweight Bout,resolved,active,2026-08-30T10:46:30.454644Z
url:ufc.com/event/ufc-fight-night-september-12-2026|fighters:1c02b964466c10e4:2b266e623e20737a,ufcstats:1c02b964466c10e4|2b266e623e20737a,url:ufc.com/event/ufc-fight-night-september-12-2026,,UFC Fight Night: Silva vs Delgado,https://www.ufc.com/event/ufc-fight-night-september-12-2026,2026-09-12,,Ramiro Jimenez,1c02b964466c10e4,https://www.ufc.com/athlete/ramiro-jimenez,Rodrigo Vera,2b266e623e20737a,https://www.ufc.com/athlete/rodrigo-vera,Featherweight Bout,resolved,active,2026-08-30T10:46:30.454644Z
url:ufc.com/event/ufc-fight-night-september-12-2026|fighters:2fe9032955c2e013:792be9a24df82ed6,ufcstats:2fe9032955c2e013|792be9a24df82ed6,url:ufc.com/event/ufc-fight-night-september-12-2026,,UFC Fight Night: Silva vs Delgado,https://www.ufc.com/event/ufc-fight-night-september-12-2026,2026-09-12,,Brandon Moreno,792be9a24df82ed6,https://www.ufc.com/athlete/brandon-moreno,Joseph Morales,2fe9032955c2e013,https://www.ufc.com/athlete/joseph-morales,Flyweight Bout,resolved,active,2026-08-30T10:46:30.454644Z
url:ufc.com/event/ufc-fight-night-september-12-2026|fighters:312f7d7b2b2f7de4:7674b836ce0698a0,ufcstats:312f7d7b2b2f7de4|7674b836ce0698a0,url:ufc.com/event/ufc-fight-night-september-12-2026,,UFC Fight Night: Silva vs Delgado,https://www.ufc.com/event/ufc-fight-night-september-12-2026,2026-09-12,,Yousri Belgaroui,7674b836ce0698a0,https://www.ufc.com/athlete/yousri-belgaroui,Djorden Santos,312f7d7b2b2f7de4,https://www.ufc.com/athlete/djorden-santos,Middleweight Bout,resolved,active,2026-08-30T10:46:30.454644Z
url:ufc.com/event/ufc-fight-night-september-12-2026|fighters:34ff304266360297:e8b731feff72294b,ufcstats:34ff304266360297|e8b731feff72294b,url:ufc.com/event/ufc-fight-night-september-12-2026,,UFC Fight Night: Silva vs Delgado,https://www.ufc.com/event/ufc-fight-night-september-12-2026,2026-09-12,,Manon Fiorot,34ff304266360297,https://www.ufc.com/athlete/manon-fiorot,Alexa Grasso,e8b731feff72294b,https://www.ufc.com/athlete/alexa-grasso,Women's Flyweight Bout,resolved,active,2026-08-30T10:46:30.454644Z
url:ufc.com/event/ufc-fight-night-september-12-2026|fighters:447f9858ae78f921:e4a47b07044ddd72,ufcstats:447f9858ae78f921|e4a47b07044ddd72,url:ufc.com/event/ufc-fight-night-september-12-2026,,UFC Fight Night: Silva vs Delgado,https://www.ufc.com/event/ufc-fight-night-september-12-2026,2026-09-12,,Ignacio Bahamondes,e4a47b07044ddd72,https://www.ufc.com/athlete/ignacio-bahamondes,Muslim Salikhov,447f9858ae78f921,https://www.ufc.com/athlete/muslim-salikhov,Welterweight Bout,resolved,active,2026-08-30T10:46:30.454644Z
url:ufc.com/event/ufc-fight-night-september-12-2026|fighters:5ef94841c4bc3f86:c96d9178c9ed9e62,ufcstats:5ef94841c4bc3f86|c96d9178c9ed9e62,url:ufc.com/event/ufc-fight-night-september-12-2026,,UFC Fight Night: Silva vs Delgado,https://www.ufc.com/event/ufc-fight-night-september-12-2026,2026-09-12,,Tim Elliott,c96d9178c9ed9e62,https://www.ufc.com/athlete/tim-elliott,Edgar Chairez,5ef94841c4bc3f86,https://www.ufc.com/athlete/edgar-chairez,Flyweight Bout,resolved,active,2026-08-30T10:46:30.454644Z
url:ufc.com/event/ufc-fight-night-september-12-2026|fighters:6b0a6def604de298:6eedb757f13b9978,ufcstats:6b0a6def604de298|6eedb757f13b9978,url:ufc.com/event/ufc-fight-night-september-12-2026,,UFC Fight Night: Silva vs Delgado,https://www.ufc.com/event/ufc-fight-night-september-12-2026,2026-09-12,,Tommy McMillen,6b0a6def604de298,https://www.ufc.com/athlete/tommy-mcmillen,Marwan Rahiki,6eedb757f13b9978,https://www.ufc.com/athlete/marwan-rahiki,Featherweight Bout,resolved,active,2026-08-30T10:46:30.454644Z
url:ufc.com/event/ufc-fight-night-september-12-2026|fighters:6fd953151d981979:9f5609dba6584ab2,ufcstats:6fd953151d981979|9f5609dba6584ab2,url:ufc.com/event/ufc-fight-night-september-12-2026,,UFC Fight Night: Silva vs Delgado,https://www.ufc.com/event/ufc-fight-night-september-12-2026,2026-09-12,,JJ Aldrich,6fd953151d981979,https://www.ufc.com/athlete/jj-aldrich,Regina Tarin,9f5609dba6584ab2,https://www.ufc.com/athlete/regina-malpica-rivera,Women's Flyweight Bout,resolved,active,2026-08-30T10:46:30.454644Z
url:ufc.com/event/ufc-fight-night-september-12-2026|fighters:7d6ceff6747f2de2:9211aae062b799d6,ufcstats:7d6ceff6747f2de2|9211aae062b799d6,url:ufc.com/event/ufc-fight-night-september-12-2026,,UFC Fight Night: Silva vs Delgado,https://www.ufc.com/event/ufc-fight-night-september-12-2026,2026-09-12,,Jean Silva,9211aae062b799d6,https://www.ufc.com/athlete/jean-silva,Jose Miguel Delgado,7d6ceff6747f2de2,https://www.ufc.com/athlete/jose-miguel-delgado,Featherweight Bout,resolved,active,2026-08-30T10:46:30.454644Z
url:ufc.com/event/ufc-fight-night-september-12-2026|fighters:82a5152216251682:9a97acbfd5a08bfa,ufcstats:82a5152216251682|9a97acbfd5a08bfa,url:ufc.com/event/ufc-fight-night-september-12-2026,,UFC Fight Night: Silva vs Delgado,https://www.ufc.com/event/ufc-fight-night-september-12-2026,2026-09-12,,David Martinez,9a97acbfd5a08bfa,https://www.ufc.com/athlete/david-martinez,Dan Ige,82a5152216251682,https://www.ufc.com/athlete/dan-ige,Bantamweight Bout,resolved,active,2026-08-30T10:46:30.454644Z
url:ufc.com/event/ufc-fight-night-september-12-2026|fighters:a13d755965a4ec9f:e132d47bd9efbbe0,ufcstats:a13d755965a4ec9f|e132d47bd9efbbe0,url:ufc.com/event/ufc-fight-night-september-12-2026,,UFC Fight Night: Silva vs Delgado,https://www.ufc.com/event/ufc-fight-night-september-12-2026,2026-09-12,,Rafa Garcia,e132d47bd9efbbe0,https://www.ufc.com/athlete/rafa-garcia,Rongzhu,a13d755965a4ec9f,https://www.ufc.com/athlete/zhu-rong,Lightweight Bout,resolved,active,2026-08-30T10:46:30.454644Z
url:ufc.com/event/ufc-fight-night-september-12-2026|fighters:fa6796c55d6c5440:fc08099550072fe4,ufcstats:fa6796c55d6c5440|fc08099550072fe4,url:ufc.com/event/ufc-fight-night-september-12-2026,,UFC Fight Night: Silva vs Delgado,https://www.ufc.com/event/ufc-fight-night-september-12-2026,2026-09-12,,Waldo Cortes Acosta,fc08099550072fe4,https://www.ufc.com/athlete/waldo-cortes-acosta,Curtis Blaydes,fa6796c55d6c5440,https://www.ufc.com/athlete/curtis-blaydes,Heavyweight Bout,resolved,active,2026-08-30T10:46:30.454644Z
63af4910b991ca0fca296705add69d8967399594b7248f9108ff43a96625e014,unresolved:joosang yoo|michael aswell,url:ufc.com/event/cryptocom-ufc-331,,Van vs Pantoja 2,https://www.ufc.com/event/cryptocom-ufc-331,2026-09-19,,Michael Aswell Jr.,01c9e4013afce141,https://www.ufc.com/athlete/michael-aswell,JooSang Yoo,,https://www.ufc.com/athlete/joosang-yoo,Featherweight Bout,unresolved,active,2026-08-30T10:46:30.454644Z
url:ufc.com/event/cryptocom-ufc-331|fighters:04835018f90b118c:de594b35c45c2e9a,ufcstats:04835018f90b118c|de594b35c45c2e9a,url:ufc.com/event/cryptocom-ufc-331,,Van vs Pantoja 2,https://www.ufc.com/event/cryptocom-ufc-331,2026-09-19,,Casey O'Neill,04835018f90b118c,https://www.ufc.com/athlete/casey-oneill,Eduarda Moura,de594b35c45c2e9a,https://www.ufc.com/athlete/eduarda-moura,Women's Flyweight Bout,resolved,active,2026-08-30T10:46:30.454644Z
url:ufc.com/event/cryptocom-ufc-331|fighters:0f3a990526c5e706:f7e856a73c96048e,ufcstats:0f3a990526c5e706|f7e856a73c96048e,url:ufc.com/event/cryptocom-ufc-331,,Van vs Pantoja 2,https://www.ufc.com/event/cryptocom-ufc-331,2026-09-19,,Gable Steveson,f7e856a73c96048e,https://www.ufc.com/athlete/gable-steveson,Sean Sharaf,0f3a990526c5e706,https://www.ufc.com/athlete/sean-sharaf,Heavyweight Bout,resolved,active,2026-08-30T10:46:30.454644Z
url:ufc.com/event/cryptocom-ufc-331|fighters:140567899d98978a:c62fbc117d57b943,ufcstats:140567899d98978a|c62fbc117d57b943,url:ufc.com/event/cryptocom-ufc-331,,Van vs Pantoja 2,https://www.ufc.com/event/cryptocom-ufc-331,2026-09-19,,Tai Tuivasa,c62fbc117d57b943,https://www.ufc.com/athlete/tai-tuivasa,Robelis Despaigne,140567899d98978a,https://www.ufc.com/athlete/robelis-despaigne,Heavyweight Bout,resolved,active,2026-08-30T10:46:30.454644Z
url:ufc.com/event/cryptocom-ufc-331|fighters:17e97649403ba428:a0f0004aadf10b71,ufcstats:17e97649403ba428|a0f0004aadf10b71,url:ufc.com/event/cryptocom-ufc-331,,Van vs Pantoja 2,https://www.ufc.com/event/cryptocom-ufc-331,2026-09-19,,Joshua Van,17e97649403ba428,https://www.ufc.com/athlete/joshua-van,Alexandre Pantoja,a0f0004aadf10b71,https://www.ufc.com/athlete/alexandre-pantoja,Flyweight Title Bout,resolved,active,2026-08-30T10:46:30.454644Z
url:ufc.com/event/cryptocom-ufc-331|fighters:1c23ec2f1b71be40:a495f599e787614f,ufcstats:1c23ec2f1b71be40|a495f599e787614f,url:ufc.com/event/cryptocom-ufc-331,,Van vs Pantoja 2,https://www.ufc.com/event/cryptocom-ufc-331,2026-09-19,,Alonzo Menifield,a495f599e787614f,https://www.ufc.com/athlete/alonzo-menifield,Iwo Baraniewski,1c23ec2f1b71be40,https://www.ufc.com/athlete/iwo-baraniewski,Light Heavyweight Bout,resolved,active,2026-08-30T10:46:30.454644Z
url:ufc.com/event/cryptocom-ufc-331|fighters:1e719d4b676dc19a:4144798612ef96e5,ufcstats:1e719d4b676dc19a|4144798612ef96e5,url:ufc.com/event/cryptocom-ufc-331,,Van vs Pantoja 2,https://www.ufc.com/event/cryptocom-ufc-331,2026-09-19,,Edmen Shahbazyan,4144798612ef96e5,https://www.ufc.com/athlete/edmen-shahbazyan,Brunno Ferreira,1e719d4b676dc19a,https://www.ufc.com/athlete/brunno-ferreira,Middleweight Bout,resolved,active,2026-08-30T10:46:30.454644Z
url:ufc.com/event/cryptocom-ufc-331|fighters:6967153c7edb4d87:e463ce0a2ca474f4,ufcstats:6967153c7edb4d87|e463ce0a2ca474f4,url:ufc.com/event/cryptocom-ufc-331,,Van vs Pantoja 2,https://www.ufc.com/event/cryptocom-ufc-331,2026-09-19,,Ryan Gandra,e463ce0a2ca474f4,https://www.ufc.com/athlete/ryan-gandra,Ozzy Diaz,6967153c7edb4d87,https://www.ufc.com/athlete/ozzy-diaz,Middleweight Bout,resolved,active,2026-08-30T10:46:30.454644Z
url:ufc.com/event/cryptocom-ufc-331|fighters:791c8437b341fba5:9560ff14eb3129f7,ufcstats:791c8437b341fba5|9560ff14eb3129f7,url:ufc.com/event/cryptocom-ufc-331,,Van vs Pantoja 2,https://www.ufc.com/event/cryptocom-ufc-331,2026-09-19,,Giga Chikadze,9560ff14eb3129f7,https://www.ufc.com/athlete/giga-chikadze,Joanderson Brito,791c8437b341fba5,https://www.ufc.com/athlete/joanderson-brito,Featherweight Bout,resolved,active,2026-08-30T10:46:30.454644Z
url:ufc.com/event/cryptocom-ufc-331|fighters:7c7332319c14094c:f1d64ae34e088832,ufcstats:7c7332319c14094c|f1d64ae34e088832,url:ufc.com/event/cryptocom-ufc-331,,Van vs Pantoja 2,https://www.ufc.com/event/cryptocom-ufc-331,2026-09-19,,Marlon Vera,7c7332319c14094c,https://www.ufc.com/athlete/marlon-vera,Charles Jourdain,f1d64ae34e088832,https://www.ufc.com/athlete/charles-jourdain,Bantamweight Bout,resolved,active,2026-08-30T10:46:30.454644Z
url:ufc.com/event/cryptocom-ufc-331|fighters:98a58c26c5b1ed17:e93b04e308913c2e,ufcstats:98a58c26c5b1ed17|e93b04e308913c2e,url:ufc.com/event/cryptocom-ufc-331,,Van vs Pantoja 2,https://www.ufc.com/event/cryptocom-ufc-331,2026-09-19,,Patricio Pitbull,98a58c26c5b1ed17,https://www.ufc.com/athlete/patricio-freire,Dooho Choi,e93b04e308913c2e,https://www.ufc.com/athlete/dooho-choi,Featherweight Bout,resolved,active,2026-08-30T10:46:30.454644Z
url:ufc.com/event/cryptocom-ufc-331|fighters:9c393e836a852f30:eae48ff31db420c2,ufcstats:9c393e836a852f30|eae48ff31db420c2,url:ufc.com/event/cryptocom-ufc-331,,Van vs Pantoja 2,https://www.ufc.com/event/cryptocom-ufc-331,2026-09-19,,Arman Tsarukyan,eae48ff31db420c2,https://www.ufc.com/athlete/arman-tsarukyan,Mauricio Ruffy,9c393e836a852f30,https://www.ufc.com/athlete/mauricio-ruffy,Lightweight Bout,resolved,active,2026-08-30T10:46:30.454644Z
url:ufc.com/event/cryptocom-ufc-331|fighters:b6452706b373eea1:def8166ff24bd237,ufcstats:b6452706b373eea1|def8166ff24bd237,url:ufc.com/event/cryptocom-ufc-331,,Van vs Pantoja 2,https://www.ufc.com/event/cryptocom-ufc-331,2026-09-19,,Renato Moicano,b6452706b373eea1,https://www.ufc.com/athlete/renato-moicano,Brian Ortega,def8166ff24bd237,https://www.ufc.com/athlete/brian-ortega,Lightweight Bout,resolved,active,2026-08-30T10:46:30.454644Z
8e75e2633fb77cafb460487384339cc6a4cccd96e3c5605d7ee23eee8329f4d6,unresolved:ilimbek akylbek uulu|mehemmedeli osmanli,url:ufc.com/event/ufc-fight-night-september-26-2026,,UFC Fight Night: Rosas Jr. vs Barcelos,https://www.ufc.com/event/ufc-fight-night-september-26-2026,2026-09-26,,Mehemmedeli Osmanli,,https://www.ufc.com/athlete/mehemmedeli-osmanli,Ilimbek Akylbek Uulu,,https://www.ufc.com/athlete/ilimbek-akylbek-uulu,Bantamweight Bout,unresolved,active,2026-08-30T10:46:30.454644Z
c35c7b86fd65f78c3f5048bf3afa7e5521dfddfa8de669e7bbeca43230cc1c13,unresolved:melissa amaya|valesca machado,url:ufc.com/event/ufc-fight-night-september-26-2026,,UFC Fight Night: Rosas Jr. vs Barcelos,https://www.ufc.com/event/ufc-fight-night-september-26-2026,2026-09-26,,Melissa Amaya,,https://www.ufc.com/athlete/melissa-amaya,Valesca Machado,,https://www.ufc.com/athlete/valesca-machado,Women's Strawweight Bout,unresolved,active,2026-08-30T10:46:30.454644Z
url:ufc.com/event/ufc-fight-night-september-26-2026|fighters:06e4245d16fc5315:d3f5d33d61cd00c9,ufcstats:06e4245d16fc5315|d3f5d33d61cd00c9,url:ufc.com/event/ufc-fight-night-september-26-2026,,UFC Fight Night: Rosas Jr. vs Barcelos,https://www.ufc.com/event/ufc-fight-night-september-26-2026,2026-09-26,,Norma Dumont,d3f5d33d61cd00c9,https://www.ufc.com/athlete/norma-dumont,Ailin Perez,06e4245d16fc5315,https://www.ufc.com/athlete/ailin-perez,Women's Bantamweight Bout,resolved,active,2026-08-30T10:46:30.454644Z
url:ufc.com/event/ufc-fight-night-september-26-2026|fighters:1897b7b913736a7c:5fa2974cbd18e05c,ufcstats:1897b7b913736a7c|5fa2974cbd18e05c,url:ufc.com/event/ufc-fight-night-september-26-2026,,UFC Fight Night: Rosas Jr. vs Barcelos,https://www.ufc.com/event/ufc-fight-night-september-26-2026,2026-09-26,,John Castaneda,5fa2974cbd18e05c,https://www.ufc.com/athlete/john-castaneda,Alatengheili,1897b7b913736a7c,https://www.ufc.com/athlete/heili-alateng,Bantamweight Bout,resolved,active,2026-08-30T10:46:30.454644Z
url:ufc.com/event/ufc-fight-night-september-26-2026|fighters:260e9e0d4954aea6:f96856f9d69fd7e4,ufcstats:260e9e0d4954aea6|f96856f9d69fd7e4,url:ufc.com/event/ufc-fight-night-september-26-2026,,UFC Fight Night: Rosas Jr. vs Barcelos,https://www.ufc.com/event/ufc-fight-night-september-26-2026,2026-09-26,,Rodolfo Vieira,260e9e0d4954aea6,https://www.ufc.com/athlete/rodolfo-vieira,Robert Bryczek,f96856f9d69fd7e4,https://www.ufc.com/athlete/robert-bryczek,Middleweight Bout,resolved,active,2026-08-30T10:46:30.454644Z
url:ufc.com/event/ufc-fight-night-september-26-2026|fighters:2c483cf443f38ece:40cb680ae1cd331f,ufcstats:2c483cf443f38ece|40cb680ae1cd331f,url:ufc.com/event/ufc-fight-night-september-26-2026,,UFC Fight Night: Rosas Jr. vs Barcelos,https://www.ufc.com/event/ufc-fight-night-september-26-2026,2026-09-26,,Vanessa Demopoulos,2c483cf443f38ece,https://www.ufc.com/athlete/vanessa-demopoulos,Yazmin Jauregui,40cb680ae1cd331f,https://www.ufc.com/athlete/yazmin-jauregui,Women's Strawweight Bout,resolved,active,2026-08-30T10:46:30.454644Z
url:ufc.com/event/ufc-fight-night-september-26-2026|fighters:48a9a128784d53d1:e5864a42c80294f6,ufcstats:48a9a128784d53d1|e5864a42c80294f6,url:ufc.com/event/ufc-fight-night-september-26-2026,,UFC Fight Night: Rosas Jr. vs Barcelos,https://www.ufc.com/event/ufc-fight-night-september-26-2026,2026-09-26,,Josiah Harrell,e5864a42c80294f6,https://www.ufc.com/athlete/josiah-harrell,Elves Brener,48a9a128784d53d1,https://www.ufc.com/athlete/elves-brener,Lightweight Bout,resolved,active,2026-08-30T10:46:30.454644Z
url:ufc.com/event/ufc-fight-night-september-26-2026|fighters:5987b2458f4b5290:cc1a8b4b38b92c6d,ufcstats:5987b2458f4b5290|cc1a8b4b38b92c6d,url:ufc.com/event/ufc-fight-night-september-26-2026,,UFC Fight Night: Rosas Jr. vs Barcelos,https://www.ufc.com/event/ufc-fight-night-september-26-2026,2026-09-26,,Montel Jackson,cc1a8b4b38b92c6d,https://www.ufc.com/athlete/montel-jackson,Ricky Simon,5987b2458f4b5290,https://www.ufc.com/athlete/ricky-simon,Bantamweight Bout,resolved,active,2026-08-30T10:46:30.454644Z
url:ufc.com/event/ufc-fight-night-september-26-2026|fighters:69898645d600abdb:f5d82eccdea4e2dd,ufcstats:69898645d600abdb|f5d82eccdea4e2dd,url:ufc.com/event/ufc-fight-night-september-26-2026,,UFC Fight Night: Rosas Jr. vs Barcelos,https://www.ufc.com/event/ufc-fight-night-september-26-2026,2026-09-26,,Rodolfo Bellato,69898645d600abdb,https://www.ufc.com/athlete/rodolfo-bellato,Christian Edwards,f5d82eccdea4e2dd,https://www.ufc.com/athlete/christian-edwards,Light Heavyweight Bout,resolved,active,2026-08-30T10:46:30.454644Z
url:ufc.com/event/ufc-fight-night-september-26-2026|fighters:7af33fc4435017f1:d8c811df0386d5e8,ufcstats:7af33fc4435017f1|d8c811df0386d5e8,url:ufc.com/event/ufc-fight-night-september-26-2026,,UFC Fight Night: Rosas Jr. vs Barcelos,https://www.ufc.com/event/ufc-fight-night-september-26-2026,2026-09-26,,Brady Hiestand,7af33fc4435017f1,https://www.ufc.com/athlete/brady-hiestand,Rinya Nakamura,d8c811df0386d5e8,https://www.ufc.com/athlete/rinya-nakamura,Bantamweight Bout,resolved,active,2026-08-30T10:46:30.454644Z
url:ufc.com/event/ufc-fight-night-september-26-2026|fighters:b9f28e7045fdfce7:fe2babf95de24fb1,ufcstats:b9f28e7045fdfce7|fe2babf95de24fb1,url:ufc.com/event/ufc-fight-night-september-26-2026,,UFC Fight Night: Rosas Jr. vs Barcelos,https://www.ufc.com/event/ufc-fight-night-september-26-2026,2026-09-26,,Raul Rosas Jr.,fe2babf95de24fb1,https://www.ufc.com/athlete/raul-rosas-jr,Raoni Barcelos,b9f28e7045fdfce7,https://www.ufc.com/athlete/raoni-barcelos,Bantamweight Bout,resolved,active,2026-08-30T10:46:30.454644Z
url:ufc.com/event/ufc-332|fighters:0d5cc0170c1a7e71:c21f26bbde777573,ufcstats:0d5cc0170c1a7e71|c21f26bbde777573,url:ufc.com/event/ufc-332,,UFC 332: TBD vs TBD,https://www.ufc.com/event/ufc-332,2026-10-03,,Johnny Walker,c21f26bbde777573,https://www.ufc.com/athlete/johnny-walker,Mick Parkin,0d5cc0170c1a7e71,https://www.ufc.com/athlete/mick-parkin,Heavyweight Bout,resolved,active,2026-08-30T10:46:30.454644Z
url:ufc.com/event/ufc-332|fighters:22e07d3da1aa3475:fdd22e895a70e4a8,ufcstats:22e07d3da1aa3475|fdd22e895a70e4a8,url:ufc.com/event/ufc-332,,UFC 332: TBD vs TBD,https://www.ufc.com/event/ufc-332,2026-10-03,,Damian Pinas,fdd22e895a70e4a8,https://www.ufc.com/athlete/damian-pinas,Andrey Pulyaev,22e07d3da1aa3475,https://www.ufc.com/athlete/andrey-pulyaev,Middleweight Bout,resolved,active,2026-08-30T10:46:30.454644Z
url:ufc.com/event/ufc-332|fighters:2f815ed5f8278ba6:9d83f6da776ff7d6,ufcstats:2f815ed5f8278ba6|9d83f6da776ff7d6,url:ufc.com/event/ufc-332,,UFC 332: TBD vs TBD,https://www.ufc.com/event/ufc-332,2026-10-03,,Ateba Gautier,2f815ed5f8278ba6,https://www.ufc.com/athlete/ateba-gautier,Roman Kopylov,9d83f6da776ff7d6,https://www.ufc.com/athlete/roman-kopylov,Middleweight Bout,resolved,active,2026-08-30T10:46:30.454644Z
url:ufc.com/event/ufc-332|fighters:523fa774700d7d3f:64b12fe31be7560c,ufcstats:523fa774700d7d3f|64b12fe31be7560c,url:ufc.com/event/ufc-332,,UFC 332: TBD vs TBD,https://www.ufc.com/event/ufc-332,2026-10-03,,Court McGee,523fa774700d7d3f,https://www.ufc.com/athlete/court-mcgee,Eric Nolan,64b12fe31be7560c,https://www.ufc.com/athlete/eric-nolan,Welterweight Bout,resolved,active,2026-08-30T10:46:30.454644Z
url:ufc.com/event/ufc-332|fighters:5e9ca8dd7d783a75:6e8349a0a0476d60,ufcstats:5e9ca8dd7d783a75|6e8349a0a0476d60,url:ufc.com/event/ufc-332,,UFC 332: TBD vs TBD,https://www.ufc.com/event/ufc-332,2026-10-03,,Imanol Rodriguez,6e8349a0a0476d60,https://www.ufc.com/athlete/imanol-rodriguez,Alden Coria,5e9ca8dd7d783a75,https://www.ufc.com/athlete/alden-coria,Flyweight Bout,resolved,active,2026-08-30T10:46:30.454644Z
url:ufc.com/event/ufc-332|fighters:6a96ad1bc34fb113:7acbb0972e75281a,ufcstats:6a96ad1bc34fb113|7acbb0972e75281a,url:ufc.com/event/ufc-332,,UFC 332: TBD vs TBD,https://www.ufc.com/event/ufc-332,2026-10-03,,Marvin Vettori,7acbb0972e75281a,https://www.ufc.com/athlete/marvin-vettori,Ismail Naurdiev,6a96ad1bc34fb113,https://www.ufc.com/athlete/ismail-naurdiev,Middleweight Bout,resolved,active,2026-08-30T10:46:30.454644Z
url:ufc.com/event/ufc-332|fighters:6e743a33d56bdaa4:aa72b0f831d0bfe5,ufcstats:6e743a33d56bdaa4|aa72b0f831d0bfe5,url:ufc.com/event/ufc-332,,UFC 332: TBD vs TBD,https://www.ufc.com/event/ufc-332,2026-10-03,,Deiveson Figueiredo,aa72b0f831d0bfe5,https://www.ufc.com/athlete/deiveson-figueiredo,Payton Talbott,6e743a33d56bdaa4,https://www.ufc.com/athlete/payton-talbott,Bantamweight Bout,resolved,active,2026-08-30T10:46:30.454644Z
url:ufc.com/event/ufc-fight-night-october-17-2026|fighters:04c8b08b16a5b99e:25f9a5f3e8a52618,ufcstats:04c8b08b16a5b99e|25f9a5f3e8a52618,url:ufc.com/event/ufc-fight-night-october-17-2026,,UFC Fight Night: Buckley vs Malott,https://www.ufc.com/event/ufc-fight-night-october-17-2026,2026-10-17,,Tanner Boser,04c8b08b16a5b99e,https://www.ufc.com/athlete/tanner-boser,Jhonata Diniz,25f9a5f3e8a52618,https://www.ufc.com/athlete/jhonata-diniz,Heavyweight Bout,resolved,active,2026-08-30T10:46:30.454644Z
url:ufc.com/event/ufc-fight-night-october-17-2026|fighters:0e46690e55a8df75:91cd52cb92dfdd52,ufcstats:0e46690e55a8df75|91cd52cb92dfdd52,url:ufc.com/event/ufc-fight-night-october-17-2026,,UFC Fight Night: Buckley vs Malott,https://www.ufc.com/event/ufc-fight-night-october-17-2026,2026-10-17,,Louis Jourdain,91cd52cb92dfdd52,https://www.ufc.com/athlete/louis-jourdain,Timmy Cuamba,0e46690e55a8df75,https://www.ufc.com/athlete/timothy-cuamba,Bantamweight Bout,resolved,active,2026-08-30T10:46:30.454644Z
url:ufc.com/event/ufc-fight-night-october-17-2026|fighters:51e2f44a8dbf6984:af9efbfd63d39734,ufcstats:51e2f44a8dbf6984|af9efbfd63d39734,url:ufc.com/event/ufc-fight-night-october-17-2026,,UFC Fight Night: Buckley vs Malott,https://www.ufc.com/event/ufc-fight-night-october-17-2026,2026-10-17,,Melissa Croden,51e2f44a8dbf6984,https://www.ufc.com/athlete/melissa-croden,Chelsea Chandler,af9efbfd63d39734,https://www.ufc.com/athlete/chelsea-chandler,Women's Bantamweight Bout,resolved,active,2026-08-30T10:46:30.454644Z
url:ufc.com/event/ufc-fight-night-october-17-2026|fighters:583ee11abddfc581:8f4528c10bd34fab,ufcstats:583ee11abddfc581|8f4528c10bd34fab,url:ufc.com/event/ufc-fight-night-october-17-2026,,UFC Fight Night: Buckley vs Malott,https://www.ufc.com/event/ufc-fight-night-october-17-2026,2026-10-17,,Mandel Nallo,8f4528c10bd34fab,https://www.ufc.com/athlete/mandel-nallo,Nate Landwehr,583ee11abddfc581,https://www.ufc.com/athlete/nate-landwehr,Lightweight Bout,resolved,active,2026-08-30T10:46:30.454644Z
url:ufc.com/event/ufc-fight-night-october-17-2026|fighters:5c637af9472ae7cc:e872e9a9a902c045,ufcstats:5c637af9472ae7cc|e872e9a9a902c045,url:ufc.com/event/ufc-fight-night-october-17-2026,,UFC Fight Night: Buckley vs Malott,https://www.ufc.com/event/ufc-fight-night-october-17-2026,2026-10-17,,Jamey-Lyn Horth,5c637af9472ae7cc,https://www.ufc.com/athlete/jamey-lyn-horth,Katlyn Cerminara,e872e9a9a902c045,https://www.ufc.com/athlete/katlyn-cerminara,Women's Flyweight Bout,resolved,active,2026-08-30T10:46:30.454644Z
url:ufc.com/event/ufc-fight-night-october-17-2026|fighters:669970f7feba8ecd:a9e260472d321361,ufcstats:669970f7feba8ecd|a9e260472d321361,url:ufc.com/event/ufc-fight-night-october-17-2026,,UFC Fight Night: Buckley vs Malott,https://www.ufc.com/event/ufc-fight-night-october-17-2026,2026-10-17,,Erin Blanchfield,669970f7feba8ecd,https://www.ufc.com/athlete/erin-blanchfield,Jasmine Jasudavicius,a9e260472d321361,https://www.ufc.com/athlete/jasmine-jasudavicius,Women's Flyweight Bout,resolved,active,2026-08-30T10:46:30.454644Z
url:ufc.com/event/ufc-fight-night-october-17-2026|fighters:8e9eb3fc86db0f7d:d6c0cdd7e467c440,ufcstats:8e9eb3fc86db0f7d|d6c0cdd7e467c440,url:ufc.com/event/ufc-fight-night-october-17-2026,,UFC Fight Night: Buckley vs Malott,https://www.ufc.com/event/ufc-fight-night-october-17-2026,2026-10-17,,Marc-Andre Barriault,8e9eb3fc86db0f7d,https://www.ufc.com/athlete/marc-andre-barriault,Kyle Daukaus,d6c0cdd7e467c440,https://www.ufc.com/athlete/kyle-daukaus,Middleweight Bout,resolved,active,2026-08-30T10:46:30.454644Z
url:ufc.com/event/ufc-fight-night-october-17-2026|fighters:b12fb759e02378de:cd0dfd9846bd03b9,ufcstats:b12fb759e02378de|cd0dfd9846bd03b9,url:ufc.com/event/ufc-fight-night-october-17-2026,,UFC Fight Night: Buckley vs Malott,https://www.ufc.com/event/ufc-fight-night-october-17-2026,2026-10-17,,Julien Leblanc,cd0dfd9846bd03b9,https://www.ufc.com/athlete/julien-leblanc,Gilbert Urbina,b12fb759e02378de,https://www.ufc.com/athlete/gilbert-urbina,Middleweight Bout,resolved,active,2026-08-30T10:46:30.454644Z
url:ufc.com/event/ufc-fight-night-october-17-2026|fighters:b9437600497350f3:dd6103dd7127db1d,ufcstats:b9437600497350f3|dd6103dd7127db1d,url:ufc.com/event/ufc-fight-night-october-17-2026,,UFC Fight Night: Buckley vs Malott,https://www.ufc.com/event/ufc-fight-night-october-17-2026,2026-10-17,,Joaquin Buckley,b9437600497350f3,https://www.ufc.com/athlete/joaquin-buckley,Mike Malott,dd6103dd7127db1d,https://www.ufc.com/athlete/mike-malott,Welterweight Bout,resolved,active,2026-08-30T10:46:30.454644Z
url:ufc.com/event/ufc-333|fighters:040a74bb0a465c54:5537efc6e496dd84,ufcstats:040a74bb0a465c54|5537efc6e496dd84,url:ufc.com/event/ufc-333,,UFC 333: Volkanovski vs Evloev,https://www.ufc.com/event/ufc-333,2026-10-24,,Arnold Allen,040a74bb0a465c54,https://www.ufc.com/athlete/arnold-allen,Aaron Pico,5537efc6e496dd84,https://www.ufc.com/athlete/aaron-pico,Featherweight Bout,resolved,active,2026-08-30T10:46:30.454644Z
url:ufc.com/event/ufc-333|fighters:1091d4d957141094:95aff2fd8d09a5f0,ufcstats:1091d4d957141094|95aff2fd8d09a5f0,url:ufc.com/event/ufc-333,,UFC 333: Volkanovski vs Evloev,https://www.ufc.com/event/ufc-333,2026-10-24,,Nikita Krylov,1091d4d957141094,https://www.ufc.com/athlete/nikita-krylov,Abdul Rakhman Yakhyaev,95aff2fd8d09a5f0,https://www.ufc.com/athlete/abdulrakhman-yakhyaev,Light Heavyweight Bout,resolved,active,2026-08-30T10:46:30.454644Z
url:ufc.com/event/ufc-333|fighters:279566840aa55bf2:739fd4fbb5d862f4,ufcstats:279566840aa55bf2|739fd4fbb5d862f4,url:ufc.com/event/ufc-333,,UFC 333: Volkanovski vs Evloev,https://www.ufc.com/event/ufc-333,2026-10-24,,Alexander Volkov,279566840aa55bf2,https://www.ufc.com/athlete/alexander-volkov,Rizvan Kuniev,739fd4fbb5d862f4,https://www.ufc.com/athlete/rizvan-kuniev,Heavyweight Bout,resolved,active,2026-08-30T10:46:30.454644Z
url:ufc.com/event/ufc-333|fighters:2e19380f34871c6a:e90a2f22417af68e,ufcstats:2e19380f34871c6a|e90a2f22417af68e,url:ufc.com/event/ufc-333,,UFC 333: Volkanovski vs Evloev,https://www.ufc.com/event/ufc-333,2026-10-24,,Azamat Murzakanov,e90a2f22417af68e,https://www.ufc.com/athlete/azamat-murzakanov,Dominick Reyes,2e19380f34871c6a,https://www.ufc.com/athlete/dominick-reyes,Light Heavyweight Bout,resolved,active,2026-08-30T10:46:30.454644Z
url:ufc.com/event/ufc-333|fighters:36b8f265bcd1b7a4:8ebc3a8da015d70c,ufcstats:36b8f265bcd1b7a4|8ebc3a8da015d70c,url:ufc.com/event/ufc-333,,UFC 333: Volkanovski vs Evloev,https://www.ufc.com/event/ufc-333,2026-10-24,,Abus Magomedov,36b8f265bcd1b7a4,https://www.ufc.com/athlete/abus-magomedov,Cam Rowston,8ebc3a8da015d70c,https://www.ufc.com/athlete/cameron-rowston,Middleweight Bout,resolved,active,2026-08-30T10:46:30.454644Z
url:ufc.com/event/ufc-333|fighters:76e2870ffafbe38f:e1248941344b3288,ufcstats:76e2870ffafbe38f|e1248941344b3288,url:ufc.com/event/ufc-333,,UFC 333: Volkanovski vs Evloev,https://www.ufc.com/event/ufc-333,2026-10-24,,Alexander Volkanovski,e1248941344b3288,https://www.ufc.com/athlete/alexander-volkanovski,Movsar Evloev,76e2870ffafbe38f,https://www.ufc.com/athlete/movsar-evloev,Featherweight Title Bout,resolved,active,2026-08-30T10:46:30.454644Z
url:ufc.com/event/ufc-333|fighters:7d0a1968b38ca439:bb2c3c3a466224af,ufcstats:7d0a1968b38ca439|bb2c3c3a466224af,url:ufc.com/event/ufc-333,,UFC 333: Volkanovski vs Evloev,https://www.ufc.com/event/ufc-333,2026-10-24,,Lone’er Kavanagh,bb2c3c3a466224af,https://www.ufc.com/athlete/loneer-kavanagh,Ramazan Temirov,7d0a1968b38ca439,https://www.ufc.com/athlete/ramazan-temirov,Flyweight Bout,resolved,active,2026-08-30T10:46:30.454644Z
url:ufc.com/event/ufc-333|fighters:99bd51917728c25d:ca28cdf526d6b6e9,ufcstats:99bd51917728c25d|ca28cdf526d6b6e9,url:ufc.com/event/ufc-333,,UFC 333: Volkanovski vs Evloev,https://www.ufc.com/event/ufc-333,2026-10-24,,Grant Dawson,99bd51917728c25d,https://www.ufc.com/athlete/grant-dawson,Nurullo Aliev,ca28cdf526d6b6e9,https://www.ufc.com/athlete/nurullo-aliev,Lightweight Bout,resolved,active,2026-08-30T10:46:30.454644Z
url:ufc.com/event/ufc-333|fighters:c03520b5c88ed6b4:d661ce4da776fc20,ufcstats:c03520b5c88ed6b4|d661ce4da776fc20,url:ufc.com/event/ufc-333,,UFC 333: Volkanovski vs Evloev,https://www.ufc.com/event/ufc-333,2026-10-24,,Petr Yan,d661ce4da776fc20,https://www.ufc.com/athlete/petr-yan,Merab Dvalishvili,c03520b5c88ed6b4,https://www.ufc.com/athlete/merab-dvalishvili,Bantamweight Title Bout,resolved,active,2026-08-30T10:46:30.454644Z
url:ufc.com/event/ufc-fight-night-november-07-2026|fighters:01641ba5df0c69b0:45f7cb591c3ab00b,ufcstats:01641ba5df0c69b0|45f7cb591c3ab00b,url:ufc.com/event/ufc-fight-night-november-07-2026,,UFC Fight Night: Bonfim vs Brady,https://www.ufc.com/event/ufc-fight-night-november-07-2026,2026-11-07,,Gabriel Bonfim,01641ba5df0c69b0,https://www.ufc.com/athlete/gabriel-bonfim,Sean Brady,45f7cb591c3ab00b,https://www.ufc.com/athlete/sean-brady,Welterweight Bout,resolved,active,2026-08-30T10:46:30.454644Z
