Date,Winner,Loser,odds_w,odds_l,tournament,tour,event_type,source,source_url,source_note,round
2026-02-16,Angelina Voloshchuk,Elina Avanesyan,3.20,1.29,Oeiras 125 Indoor #2,wta,manual_search_snippet,search_snippet_pokerstars,https://www.pokerstars.es/en/sports/tennis/2/wta-oeiras-2026/12784198/el-avanesyan-v-an-voloshchuk/35270760/,"Search snippet showed Match Odds Elina Avanesyan 1.29 | Angelina Voloshchuk 3.20"
2025-07-28,Xinyu Gao,Tamara Korpatsch,1.67,2.05,Warsaw 125,wta,manual_search_snippet,search_snippet_pokerstars,https://www.pokerstars.es/en/sports/tennis/2/wta-warsaw-2025/12749457/gao-v-tama-korpatsch/34559864/,"Search snippet showed Match Betting Xinyu Gao 1.67 | Tamara Korpatsch 2.05",R32
2026-02-16,Iryna Shymanovich,Nuria Parrizas Diaz,1.67,2.05,Oeiras 125 Indoor #2,wta,manual_search_snippet,search_snippet_pokerstars,https://www.pokerstars.es/en/sports/tennis/2/wta-oeiras-2026/12784198/iryn-shymanovich-v-parrizas-diaz/35270776/,"Search snippet showed Match Odds Iryna Shymanovich 1.67 | Nuria Parrizas Diaz 2.05"
2026-02-16,Daria Snigur,Viktoria Hruncakova,1.15,4.50,Oeiras 125 Indoor #2,wta,manual_search_snippet,search_snippet_pokerstars,https://www.pokerstars.es/en/sports/tennis/2/wta-oeiras-2026/12784198/snigur-v-hruncakova/35270770/,"Search snippet showed Match Odds Daria Snigur 1.15 | Viktoria Hruncakova 4.50"
2026-02-16,Anouk Koevermans,Yue Yuan,3.90,1.20,Oeiras 125 Indoor #2,wta,manual_search_snippet,search_snippet_pokerstars,https://www.pokerstars.es/en/sports/tennis/2/wta-oeiras-2026/12784198/y-yuan-v-ano-koevermans/35270786/,"Search snippet showed Match Odds Yue Yuan 1.20 | Anouk Koevermans 3.90"
2026-02-16,Kaitlin Quevedo,Emily Appleton,1.22,3.70,Oeiras 125 Indoor #2,wta,manual_search_snippet,search_snippet_pokerstars,https://www.pokerstars.es/en/sports/tennis/2/wta-oeiras-2026/12784198/appleton-v-ka-quevedo/35270791/,"Search snippet showed Match Odds Emily Appleton 3.70 | Kaitlin Quevedo 1.22"
2026-02-16,Suzan Lamens,Carole Monnet,1.25,3.50,Oeiras 125 Indoor #2,wta,manual_search_snippet,search_snippet_pokerstars,https://www.pokerstars.es/en/sports/tennis/2/wta-oeiras-2026/12784198/car-monnet-v-lamens/35270781/,"Search snippet showed Match Odds Carole Monnet 3.50 | Suzan Lamens 1.25"
2026-02-16,Sinja Kraus,Caroline Werner,1.22,3.70,Oeiras 125 Indoor #2,wta,manual_search_snippet,search_snippet_pokerstars,https://www.pokerstars.es/en/sports/tennis/2/wta-oeiras-2026/12784198/caro-werner-v-s-kraus/35270755/,"Search snippet showed Match Odds Caroline Werner 3.70 | Sinja Kraus 1.22"
2026-02-16,Teodora Kostovic,Sara Sorribes Tormo,1.83,1.83,Oeiras 125 Indoor #2,wta,manual_search_snippet,search_snippet_pokerstars,https://www.pokerstars.es/en/sports/tennis/2/wta-oeiras-2026/12784198/outrights/,"Tournament page search snippet showed Match Odds Sara Sorribes Tormo 1.83 | Teodora Kostovic 1.83"
2026-02-16,Fiona Crawley,Madalena Matias,1.0033333333,34.0,Oeiras 125 Indoor #2,wta,manual_search_snippet,search_snippet_betfair,https://www.betfair.com/betting/tennis/wta-oeiras-2026/crawley-v-mad-matias/e-35270813,"Search snippet showed Match Odds Fiona Crawley 1/300 | Madalena Matias 33/1"
2026-02-17,Viktoriya Tomova,Dalila Jakupovic,1.15,5.00,Oeiras 125 Indoor #2,wta,manual_search_snippet,search_snippet_pokerstars,https://www.pokerstars.es/en/sports/tennis/2/wta-oeiras-2026/12784198/v-tomova-v-jakupovic/35274399/,"Search snippet showed Match Betting Viktoriya Tomova 1.15 | Dalila Jakupovic 5.00"
2026-02-17,Matilde Jorge,Yasmine Mansouri,1.53,2.30,Oeiras 125 Indoor #2,wta,manual_search_snippet,search_snippet_pokerstars,https://www.pokerstars.es/en/sports/tennis/2/wta-oeiras-2026/12784198/mansouri-v-m-jorge/35274404/,"Search snippet showed Match Betting Yasmine Mansouri 2.30 | Matilde Jorge 1.53"
2026-02-17,En-Shuo Liang,Anastasia Tikhonova,1.57,2.20,Oeiras 125 Indoor #2,wta,manual_search_snippet,search_snippet_pokerstars,https://www.pokerstars.es/en/sports/tennis/2/wta-oeiras-2026/12784198/tikhonova-v-en-liang/35274394/,"Search snippet showed Match Betting Anastasia Tikhonova 2.20 | En-Shuo Liang 1.57"
2026-02-17,Barbora Palicova,Naiktha Bains,1.53,2.30,Oeiras 125 Indoor #2,wta,manual_search_snippet,search_snippet_pokerstars,https://www.pokerstars.es/en/sports/tennis/2/wta-oeiras-2026/12784198/bains-v-bar-palicova/35274418/,"Search snippet showed Match Betting Naiktha Bains 2.30 | Barbora Palicova 1.53"
2026-02-18,Kaitlin Quevedo,Ayana Akli,1.20,3.90,Oeiras 125 Indoor #2,wta,manual_search_snippet,search_snippet_pokerstars,https://www.pokerstars.es/en/sports/tennis/2/wta-oeiras-2026/12784198/ay-akli-v-ka-quevedo/35274642/,"Search snippet showed Match Betting Ayana Akli 3.90 | Kaitlin Quevedo 1.20"
2026-02-18,Viktoriya Tomova,En-Shuo Liang,1.57,2.20,Oeiras 125 Indoor #2,wta,manual_search_snippet,search_snippet_pokerstars,https://www.pokerstars.es/en/sports/tennis/2/wta-oeiras-2026/12784198/v-tomova-v-en-liang/35278454/,"Search snippet showed Match Betting Viktoriya Tomova 1.57 | En-Shuo Liang 2.20"
2026-02-18,Viktorija Golubic,Fiona Crawley,1.30,3.10,Oeiras 125 Indoor #2,wta,manual_search_snippet,search_snippet_pokerstars,https://www.pokerstars.es/en/sports/tennis/2/wta-oeiras-2026/12784198/golubic-v-crawley/35274577/,"Search snippet showed Match Betting Viktorija Golubic 1.30 | Fiona Crawley 3.10"
2026-02-18,Suzan Lamens,Angelina Voloshchuk,1.17,4.33,Oeiras 125 Indoor #2,wta,manual_search_snippet,search_snippet_pokerstars,https://www.pokerstars.es/en/sports/tennis/2/wta-oeiras-2026/12784198/an-voloshchuk-v-lamens/35278400/,"Search snippet showed Match Betting Angelina Voloshchuk 4.33 | Suzan Lamens 1.17"
2026-02-19,Daria Snigur,Naiktha Bains,1.10,5.50,Oeiras 125 Indoor #2,wta,manual_search_snippet,search_snippet_pokerstars,https://www.pokerstars.es/en/sports/tennis/2/wta-oeiras-2026/12784198/snigur-v-bains/35279573/,"Search snippet showed Match Betting Daria Snigur 1.10 | Naiktha Bains 5.50"
2026-02-19,Teodora Kostovic,Anouk Koevermans,2.00,1.70,Oeiras 125 Indoor #2,wta,manual_search_snippet,search_snippet_pokerstars,https://www.pokerstars.es/en/sports/tennis/2/wta-oeiras-2026/12784198/ano-koevermans-v-te-kostovic/35279335/,"Search snippet showed Match Betting Anouk Koevermans 1.70 | Teodora Kostovic 2.00"
2026-02-19,Sinja Kraus,Iryna Shymanovich,1.80,1.87,Oeiras 125 Indoor #2,wta,manual_search_snippet,search_snippet_pokerstars,https://www.pokerstars.es/en/sports/tennis/2/wta-oeiras-2026/12784198/iryn-shymanovich-v-s-kraus/35279780/,"Search snippet showed Match Betting Iryna Shymanovich 1.87 | Sinja Kraus 1.80"
2026-02-20,Daria Snigur,Sinja Kraus,1.44,2.50,Oeiras 125 Indoor #2,wta,manual_search_snippet,search_snippet_pokerstars,https://www.pokerstars.es/en/sports/tennis/2/wta-oeiras-2026/12784198/snigur-v-s-kraus/35285261/,"Search snippet showed Match Betting Daria Snigur 1.44 | Sinja Kraus 2.50"
2026-02-20,Viktorija Golubic,Kaitlin Quevedo,1.53,2.30,Oeiras 125 Indoor #2,wta,manual_search_snippet,search_snippet_pokerstars,https://www.pokerstars.es/en/sports/tennis/2/wta-oeiras-2026/12784198/golubic-v-ka-quevedo/35282787/,"Search snippet showed Match Betting Viktorija Golubic 1.53 | Kaitlin Quevedo 2.30"
2026-02-20,Teodora Kostovic,Francisca Jorge,1.87,1.80,Oeiras 125 Indoor #2,wta,manual_search_snippet,search_snippet_pokerstars,https://www.pokerstars.es/en/sports/tennis/2/wta-oeiras-2026/12784198/te-kostovic-v-f-jorge/35285623/,"Search snippet showed Match Betting Teodora Kostovic 1.87 | Francisca Jorge 1.80"
2026-02-20,Suzan Lamens,Viktoriya Tomova,1.70,2.00,Oeiras 125 Indoor #2,wta,manual_search_snippet,search_snippet_pokerstars,https://www.pokerstars.es/en/sports/tennis/2/wta-oeiras-2026/12784198/v-tomova-v-lamens/35281789/,"Search snippet showed Match Betting Viktoriya Tomova 2.00 | Suzan Lamens 1.70"
2026-02-21,Daria Snigur,Suzan Lamens,1.30,3.10,Oeiras 125 Indoor #2,wta,manual_search_snippet,search_snippet_pokerstars,https://www.pokerstars.es/en/sports/tennis/2/wta-oeiras-2026/12784198/lamens-v-snigur/35288514/,"Search snippet showed Match Betting Suzan Lamens 3.10 | Daria Snigur 1.30"
2026-02-21,Viktorija Golubic,Teodora Kostovic,1.40,2.70,Oeiras 125 Indoor #2,wta,manual_search_snippet,search_snippet_pokerstars,https://www.pokerstars.es/en/sports/tennis/2/wta-oeiras-2026/12784198/golubic-v-te-kostovic/35289478/,"Search snippet showed Match Betting Viktorija Golubic 1.40 | Teodora Kostovic 2.70"
2026-02-22,Daria Snigur,Viktorija Golubic,1.53,2.30,Oeiras 125 Indoor #2,wta,manual_search_snippet,search_snippet_pokerstars,https://www.pokerstars.es/en/sports/tennis/2/wta-oeiras-2026/12784198/golubic-v-snigur/35292875/,"Search snippet showed Match Betting Viktorija Golubic 2.30 | Daria Snigur 1.53"
2025-07-07,Lucrezia Stefanini,Lea Ma,1.3003003003,3.68,Newport 125,wta,manual_search_snippet,search_snippet_matchstat,https://matchstat.com/es/tennis/pronostico/Lucrezia%20Stefanini/Lea%20Ma/,"Search result snippet showed To Win Lea Ma +268 | Lucrezia Stefanini -333"
2025-07-07,Yuriko Miyazaki,Christina McHale,1.2906976744,3.70,Newport 125,wta,manual_search_snippet,search_snippet_matchstat,https://matchstat.com/tennis/h2h-odds-bets/Yuriko%20Miyazaki/Christina%20Mchale/,"Search result snippet showed To Win Christina Mchale +270 | Yuriko Miyazaki -344"
2025-07-08,Sayaka Ishii,Hanna Chang,1.5813953488,2.34,Newport 125,wta,manual_search_snippet,search_snippet_matchstat,https://matchstat.com/es/tennis/pronostico/Sayaka%20Ishii/Hanna%20Chang/,"Search result snippet showed To Win Hanna Chang +134 | Sayaka Ishii -172"
2025-07-09,Tatjana Maria,Yuriko Miyazaki,1.2604166667,4.01,Newport 125,wta,manual_search_snippet,search_snippet_matchstat,https://matchstat.com/tennis/h2h-odds-bets/Tatjana%20Maria/Yuriko%20Miyazaki/,"Search result snippet showed To Win Yuriko Miyazaki +301 | Tatjana Maria -384"
2025-07-11,Alana Smith,Arianne Hartono,3.27,1.31,Newport 125,wta,manual_search_snippet,search_snippet_nbbet,https://nb-bet.com/tennis/events/641206-alana-smith-arianne-hartono-prognoz-na-match,"Search result snippet showed P1 3.27 | P2 1.31 for Alana Smith vs Arianne Hartono"
2026-02-02,Mai Hontama,Alevtina Ibragimova,1.62,2.18,Mumbai 125,wta,manual_search_snippet,search_snippet_matchstat,https://matchstat.com/tennis/h2h-odds-bets/Mai%20Hontama/Alevtina%20Ibragimova/,"Search result snippet showed To Win M. Hontama 1.62 | A. Ibragimova 2.18"
2026-02-02,Mananchaya Sawangkaew,Viktoria Morvayova,1.24,4.10,Mumbai 125,wta,manual_search_snippet,search_snippet_matchstat,https://matchstat.com/tennis/h2h-odds-bets/Mananchaya%20Sawangkaew/Viktoria%20Morvayova/,"Search result snippet showed To Win M. Sawangkaew 1.24 | V. Morvayova 4.10"
2026-02-02,Mei Yamaguchi,Polina Iatcenko,2.87,1.40,Mumbai 125,wta,manual_search_snippet,search_snippet_matchstat,https://matchstat.com/tennis/h2h-odds-bets/Polina%20Iatcenko/Mei%20Yamaguchi/,"Search result snippet showed To Win P. Iatcenko 1.40 | M. Yamaguchi 2.87"
2025-12-17,Nishesh Basavareddy,Dino Prizmic,2.20,1.65,Next Gen ATP Finals,atp,manual_search_snippet,manual_open_dexwin,https://sportsbook.dexwin.bet/sportsbook/tennis/international-tournaments/next-gen-atp-finals/dino-prizmic-nishesh-basavareddy-1006000000000028656059,"Open page stated Dino Prizmic is favored at 1.65, while Basavareddy is 2.20"
2024-07-24,Laura Samson,Oksana Selekhmeteva,2.78,1.40,Prague,wta,manual_search_snippet,search_snippet_welcome_bet,https://welcome.bet/oksana-selekhmeteva-vs-laura-samsonova-jul-24-2024/,"Search result snippet showed Oksana Selekhmeteva 1.40 | Laura Samsonova 2.78"
2025-06-05,Robin Montgomery,Zeynep Sonmez,1.13,6.00,Birmingham 125,wta,manual_search_snippet,search_snippet_smarkets,https://smarkets.com/event/44462807/sport/tennis/wta-125k/wta-125k-birmingham-great-britain-women-singles/round-of-16/2025/06/05/14-40/robin-montgomery-vs-zeynep-sonmez?lang=en-US,"Search result snippet showed Match Winner Robin Montgomery 1.13 | Zeynep Sonmez 6.00"
2025-09-08,Irene Burillo,Celine Naef,1.80,1.87,San Sebastian 125,wta,manual_search_snippet,search_snippet_pokerstars,https://www.pokerstars.com/sports/tennis/2/wta-san-sebastian-2025/12757871/ce-naef-v-iren-burillo/34705738/,"Search result snippet showed Match Odds Celine Naef 1.87 | Irene Burillo 1.80"
2025-09-11,Tamara Korpatsch,Mayar Sherif,2.50,1.50,San Sebastian 125,wta,manual_search_snippet,search_snippet_betfair,https://www.betfair.es/sport/tennis/wta-san-sebastian-2025/m-sherif-tama-korpatsch/34717824,"Search result snippet showed Mayar Sherif 1.5 | Tamara Korpatsch 2.5"
2025-10-28,Gabriela Lee,Carla Markus,1.27,3.75,Cali 125,wta,manual_search_snippet,search_snippet_smarkets,https://smarkets.com/event/44690542/sport/tennis/wta-125k/wta-125k-cali-colombia-women-singles/round-of-32/2025/10/28/15-00/carla-markus-vs-gabriela-lee,"Search result snippet showed Match Winner Carla Markus 3.75 | Gabriela Lee 1.27"
2025-10-31,Sinja Kraus,Jazmin Ortenzi,1.20,3.90,Cali 125,wta,manual_search_snippet,search_snippet_pokerstars,https://www.pokerstars.es/en/sports/tennis/2/wta-cali-2025/12769791/s-kraus-v-ortenzi/34907613/,"Search result snippet showed Match Betting Sinja Kraus 1.20 | Jazmin Ortenzi 3.90"
2026-01-05,Simona Waltert,Dominika Salkova,1.70,2.14,Canberra 125,wta,manual_search_snippet,search_snippet_smarkets,https://smarkets.com/event/44795222/sport/tennis/wta-125k/wta-125k-canberra-australia-women-singles/round-of-32/2026/01/05/00-40/simona-waltert-vs-dominika-salkova,"Search result and open page showed Match Winner Simona Waltert 1.70 | Dominika Salkova 2.14"
2026-01-05,Yue Yuan,Hanne Vandewinkel,1.53,2.38,Canberra 125,wta,manual_search_snippet,search_snippet_betfair,https://www.betfair.it/sport/tennis/wta-canberra-2026/ha-vandewinkel-y-yuan/35111136,"Search result snippet showed Hanne Vandewinkel 2.38 | Yue Yuan 1.53"
2025-04-14,Alexandra Eala,Anouk Koevermans,1.36,3.20,Oeiras 125,wta,manual_search_snippet,search_snippet_sportytrader,https://www.sportytrader.com/en/odds/alexandra-eala-anouk-koevermans-7621031/,"Search result snippet showed Match Winner Alexandra Eala 1.36 | Anouk Koevermans 3.20"
2025-06-07,Greet Minnen,Rebeka Masarova,1.90,1.90,Birmingham 125,wta,manual_search_snippet,manual_open_sportytrader,https://www.sportytrader.com/en/odds/rebeka-masarova-greet-minnen-7652802/,"Open page showed Winner Odds with Rebeka Masarova 1.90 and Greet Minnen 1.90"
2025-09-09,Arantxa Rus,Aliona Bolsova,1.36,2.80,San Sebastian 125,wta,manual_search_snippet,search_snippet_pokerstars,https://www.pokerstars.es/en/sports/tennis/2/wta-san-sebastian-2025/12757871/aliona-bolsova-v-a-rus/34716142/,"Search result snippet showed Match Betting Aliona Bolsova 2.80 | Arantxa Rus 1.36"
2025-10-15,Alice Rame,Irene Burillo,1.67,2.05,Rio De Janeiro 125,wta,manual_search_snippet,search_snippet_betfair,https://www.betfair.es/sport/tennis/wta-r%C3%ADo-de-janeiro-2025/rame-iren-burillo/34843070,"Search result snippet showed Alice Rame 1.67 | Irene Burillo 2.05"
2025-10-22,Simona Waltert,Irene Burillo,1.20,3.90,Florianopolis 125,wta,manual_search_snippet,search_snippet_pokerstars,https://www.pokerstars.es/en/sports/tennis/2/wta-florianopolis-2025/12767998/iren-burillo-v-sim-waltert/34872941/,"Search result snippet showed Match Betting Irene Burillo 3.90 | Simona Waltert 1.20"
2025-10-06,Guiomar Maristany Zuleta De Reales,Irene Burillo,1.60,2.15,Mallorca 125,wta,manual_search_snippet,search_snippet_pokerstars,https://www.pokerstars.es/en/sports/tennis/2/wta-mallorca-2025/12778208/gui-maristany-v-iren-burillo/35020823/,"Search result snippet showed Match Betting Guiomar Maristany Zuleta De Reales 1.60 | Irene Burillo 2.15",R32
2025-11-04,Carla Markus,Laura Pigossi,8.00,1.04,Tucuman 125,wta,manual_search_snippet,search_snippet_pokerstars,https://www.pokerstars.com/sports/tennis/2/wta-tucum-n-2025/12772359/c-markus-v-l-pigossi/34935369/,"Search result snippet showed Match Betting Laura Pigossi 1.04 | Carla Markus 8.00",R32
2025-11-04,Jazmin Ortenzi,Candela Vazquez,1.10,5.50,Tucuman 125,wta,manual_search_snippet,search_snippet_pokerstars,https://www.pokerstars.com/sports/tennis/2/wta-tucum-n-2025/12772359/c-vazquez-v-j-ortenzi/34935248/,"Search result snippet showed Match Betting Candela Vazquez 5.50 | Jazmin Ortenzi 1.10",R32
2025-12-02,Tatjana Maria,Irene Burillo,1.50,2.50,Quito 125,wta,manual_search_snippet,manual_open_pickdawgz,https://pickdawgz.com/tennis-picks/quito-prediction-maria-vs-burillo-escorihuela-12-2-2025-todays-tennis-picks/,"Open page showed The Line: Betting Odds: Tatjana Maria -200 / Irene Burillo Escorihuela +150",R32
2025-12-02,Amandine Monnot,Yuriko Miyazaki,2.50,1.44,Angers 125,wta,manual_search_snippet,search_snippet_pokerstars,https://www.pokerstars.es/en/sports/tennis/2/wta-angers-2025/12773227/monnot-v-y-miyazaki/35022178/,"Search result snippet showed Match Betting Yuriko Miyazaki 1.44 | Amandine Monnot 2.50",R32
2025-12-17,J. Engel,A. Blockx,2.75,1.35,Next Gen ATP Finals,atp,manual_search_snippet,manual_open_pickdawgz,https://pickdawgz.com/tennis-picks/blockx-vs-engel-prediction-12-17-2025-todays-tennis-picks/,"Open page showed The Line: Betting Odds: Alexander Blockx -286 / Justin Engel +175",RR
2026-02-10,T. Barrios Vera,T. Seyboth Wild,2.25,1.65,IEB+ Argentina Open,atp,manual_search_snippet,manual_open_dexwin,https://sportsbook.dexwin.bet/sportsbook/tennis/argentina/ieb-plus-argentina-open/tomas-barrios-vera-thiago-seyboth-wild-1006000000000028655360,"Open page stated Thiago Seyboth Wild is favored at 1.65, while Tomas Barrios Vera is 2.25",R32
2026-02-24,Anastasia Zolotareva,Julia Riera,3.10,1.30,Antalya 125 #1,wta,manual_search_snippet,search_snippet_pokerstars,https://www.pokerstars.es/en/sports/tennis/2/wta-antalya-2026/12791693/riera-v-an-zolotareva/35294926/,"Search result snippet showed Match Betting Julia Riera 1.30 | Anastasia Zolotareva 3.10",R32
2026-03-09,Linda Fruhvirtova,Beatriz Haddad Maia,1.83,1.83,Austin 125 #1,wta,manual_search_snippet,search_snippet_pokerstars,https://www.pokerstars.es/en/sports/tennis/2/wta-austin-iii-2026/12788696/lin-fruhvirtova-v-b-haddad-maia/35352122/,"Search result snippet showed Match Betting Linda Fruhvirtova 1.83 | Beatriz Haddad Maia 1.83",R32
2025-10-13,Irene Burillo,Sofia Da Cruz Mendonca,1.002,7.50,Rio De Janeiro 125,wta,manual_search_snippet,search_snippet_betfair,https://www.betfair.it/sport/tennis/wta-rio-de-janeiro-2025/iren-burillo-v-sof-cruz-mendonca/34839036,"Search result snippet showed Irene Burillo 1.002 | Sofia Da Cruz Mendonca 7.5"
2025-11-07,Solana Sierra,Carla Markus,1.10,7.45,Tucuman 125,wta,manual_search_snippet,manual_open_matchstat,https://matchstat.com/predictions-tips/tennis-prediction-pick-odds-sierra-markus-h2h-tucuman-open-2025-day-5/,"Open page stated Sierra 1.1 and Markus 7.45"
2025-11-07,Aryna Sabalenka,Amanda Anisimova,1.40,2.75,Wta Finals,wta,manual_search_snippet,manual_open_goonersguide,https://www.goonersguide.com/tennis-pick-57655-Aryna-Sabalenka-vs-Amanda-Anisimova.htm,"Open page showed BET365 Fixed Odds BETS: Sabalenka 1.40 | Anisimova 2.75",SF
2025-07-28,Sofia Costoulas,Martyna Kubka,1.44,2.50,Warsaw 125,wta,manual_search_snippet,search_snippet_pokerstars,https://www.pokerstars.es/en/sports/tennis/2/wta-warsaw-2025/12749457/costoulas-v-kubka/34559859/,"Search result snippet showed Match Betting Sofia Costoulas 1.44 | Martyna Kubka 2.50",R32
2025-09-01,Francesca Jones,Victoria Rodriguez,1.05,7.50,Guadalajara 125,wta,manual_search_snippet,search_snippet_pokerstars,https://www.pokerstars.com/sl/sports/tennis/2/wta-guadalajara-ii-2025/12756450/f-jones-v-victo-rodriguez/34685118/,"Search result snippet showed Match Betting Francesca Jones 1.05 | Victoria Rodriguez 7.50 on the WTA Guadalajara II 2025 match page",R32
2025-09-01,Carson Branstine,Anouk Koevermans,1.57,2.25,Montreux 125,wta,manual_search_snippet,search_snippet_betfair,https://www.betfair.es/sport/tennis/wta-montreux-2025/ano-koevermans-car-branstine/34683752,"Search result snippet showed Cuotas de partido Anouk Koevermans 2.25 | Carson Branstine 1.57 on the WTA Montreux 2025 match page",R32
2025-09-01,Darya Astakhova,Nuria Brancaccio,2.50,1.50,Montreux 125,wta,manual_search_snippet,search_snippet_betfair,https://www.betfair.es/sport/tennis/wta-montreux-2025/nur-brancaccio-astakhova/34683763,"Search result snippet showed Cuotas de partido Nuria Brancaccio 1.5 | Darya Astakhova 2.5 on the WTA Montreux 2025 match page",R32
2025-09-29,Tiphanie Lemaitre,Leonie Kung,1.57,2.20,Cosenza 125,wta,manual_search_snippet,search_snippet_pokerstars,https://www.pokerstars.es/sports/tenis/2/wta-rende-2025/12762554/kung-tiph-lemaitre/34786839/,"Search result snippet showed Apuestas a ganador Leonie Kung 2.20 | Tiphanie Lemaitre 1.57 on the WTA Rende 2025 match page",R32
2025-09-29,Carol Young Suh Lee,Kaitlin Quevedo,1.83,1.83,Samsun 125,wta,manual_search_snippet,search_snippet_pokerstars,https://www.pokerstars.es/en/sports/tennis/2/wta-samsun-2025/12762544/c-suh-lee-v-ka-quevedo/34789680/,"Search result snippet showed Match Betting Carol Young Suh Lee 1.83 | Kaitlin Quevedo 1.83",R32
2025-09-28,Linda Fruhvirtova,Anastasia Zakharova,1.87,1.80,Suzhou 125,wta,manual_search_snippet,search_snippet_pokerstars,https://www.pokerstars.com/sports/tennis/2/wta-suzhou-2025/12762338/lin-fruhvirtova-v-zakharova/34785009/,"Search result snippet showed Match Odds Linda Fruhvirtova 1.87 | Anastasia Zakharova 1.80",R32
2025-10-20,Alicia Herrero Linana,Marianne Angel Gonzalez,1.01,10.00,Queretaro 125,wta,manual_search_snippet,search_snippet_pokerstars,https://www.pokerstars.es/en/sports/tennis/2/wta-santiago-de-queretaro-2025/12768066/mari-gonzalez-v-linana/34865611/,"Search result snippet showed Match Betting Marianne Angel Gonzalez 10.00 | Alicia Herrero Linana 1.01",R32
2026-02-24,Moyuka Uchijima,Katarzyna Kawa,1.36,2.70,Antalya 125 #1,wta,manual_search_snippet,manual_search_betfair_sportsbook,https://www.betfair.com/betting/tennis/wta-antalya-2026/uchijima-v-kawa/e-35296432,"Betfair Sportsbook page listed Match Odds Moyuka Uchijima 4/11 and Katarzyna Kawa 17/10, equivalent to 1.36 and 2.70",R32
2026-03-03,Leyre Romero Gormaz,Carole Monnet,1.54,2.56,Antalya 125 #2,wta,manual_search_snippet,manual_search_betfair_exchange,https://www.betfair.com/exchange/plus/fi/tennis/wta-antalya-iii-2026/ley-romero-gormaz-car-monnet-vedonly%C3%B6nti-35322440,"Betfair Exchange page showed the leading visible Match Odds back prices as Leyre Romero Gormaz 1.54 | Carole Monnet 2.56",R32
2026-02-16,Katarina Jokic,Elizabeth Jones,1.85,1.85,Midland 125,wta,manual_search_snippet,search_snippet_pokerstars,https://www.pokerstars.es/sports/tenis/2/wta-midland-2026/12784378/kata-jokic-el-jones/35269050/,"Search result snippet showed Apuestas a ganador Katarina Jokic 1.85 | Elizabeth Jones 1.85 on the WTA Midland 2026 match page",R32
