ATP,Location,Tournament,Date,Series,Court,Surface,Round,Best of,Winner,Loser,WRank,LRank,WPts,LPts,W1,L1,W2,L2,W3,L3,W4,L4,W5,L5,Wsets,Lsets,Comment,B365W,B365L,PSW,PSL,MaxW,MaxL,AvgW,AvgL,source_year,ï»¿ATP,BFEW,BFEL
68.0,Turin,Masters Cup,13/11/2022,Masters Cup,Indoor,Hard,Round Robin,,Ruud C.,Auger-Aliassime F.,4,6,5020,3995,7,6,6.0,4.0,,,,,,,2,0,Completed,3.2,1.36,3.12,1.42,3.32,1.42,3.06,1.37,2022,,,
68.0,Turin,Masters Cup,13/11/2022,Masters Cup,Indoor,Hard,Round Robin,,Fritz T.,Nadal R.,9,2,2955,5820,7,6,6.0,1.0,,,,,,,2,0,Completed,2.37,1.57,2.46,1.62,2.52,1.65,2.41,1.57,2022,,,
68.0,Turin,Masters Cup,14/11/2022,Masters Cup,Indoor,Hard,Round Robin,,Rublev A.,Medvedev D.,7,5,3530,4065,6,7,6.0,3.0,7.0,6.0,,,,,2,1,Completed,3.4,1.33,3.55,1.35,3.55,1.35,3.34,1.32,2022,,,
68.0,Turin,Masters Cup,14/11/2022,Masters Cup,Indoor,Hard,Round Robin,,Djokovic N.,Tsitsipas S.,8,3,3320,5350,6,4,7.0,6.0,,,,,,,2,0,Completed,1.33,3.4,1.35,3.54,1.36,3.74,1.33,3.3,2022,,,
68.0,Turin,Masters Cup,15/11/2022,Masters Cup,Indoor,Hard,Round Robin,,Auger-Aliassime F.,Nadal R.,6,2,3995,5820,6,3,6.0,4.0,,,,,,,2,0,Completed,1.61,2.3,1.6,2.52,1.68,2.57,1.6,2.34,2022,,,
68.0,Turin,Masters Cup,15/11/2022,Masters Cup,Indoor,Hard,Round Robin,,Ruud C.,Fritz T.,4,9,5020,2955,6,3,4.0,6.0,7.0,6.0,,,,,2,1,Completed,2.0,1.8,2.11,1.81,2.12,1.91,2.01,1.79,2022,,,
68.0,Turin,Masters Cup,16/11/2022,Masters Cup,Indoor,Hard,Round Robin,,Djokovic N.,Rublev A.,8,7,3320,3530,6,4,6.0,1.0,,,,,,,2,0,Completed,1.3,3.5,1.37,3.41,1.37,3.6,1.32,3.33,2022,,,
68.0,Turin,Masters Cup,16/11/2022,Masters Cup,Indoor,Hard,Round Robin,,Tsitsipas S.,Medvedev D.,3,5,5350,4065,6,3,6.0,7.0,7.0,6.0,,,,,2,1,Completed,2.62,1.5,2.51,1.6,2.65,1.61,2.52,1.52,2022,,,
68.0,Turin,Masters Cup,17/11/2022,Masters Cup,Indoor,Hard,Round Robin,,Nadal R.,Ruud C.,2,4,5820,5020,7,5,7.0,5.0,,,,,,,2,0,Completed,2.5,1.53,2.41,1.64,2.6,1.66,2.42,1.56,2022,,,
68.0,Turin,Masters Cup,17/11/2022,Masters Cup,Indoor,Hard,Round Robin,,Fritz T.,Auger-Aliassime F.,9,6,2955,3995,7,6,6.0,7.0,6.0,2.0,,,,,2,1,Completed,2.5,1.53,2.52,1.6,2.58,1.66,2.43,1.55,2022,,,
68.0,Turin,Masters Cup,18/11/2022,Masters Cup,Indoor,Hard,Round Robin,,Djokovic N.,Medvedev D.,8,5,3320,4065,6,3,6.0,7.0,7.0,6.0,,,,,2,1,Completed,1.33,3.4,1.37,3.36,1.39,3.55,1.34,3.25,2022,,,
68.0,Turin,Masters Cup,18/11/2022,Masters Cup,Indoor,Hard,Round Robin,,Rublev A.,Tsitsipas S.,7,3,3530,5350,3,6,6.0,3.0,6.0,2.0,,,,,2,1,Completed,2.37,1.57,2.63,1.55,2.63,1.63,2.39,1.57,2022,,,
68.0,Turin,Masters Cup,19/11/2022,Masters Cup,Indoor,Hard,Semifinals,,Djokovic N.,Fritz T.,8,9,3320,2955,7,6,7.0,6.0,,,,,,,2,0,Completed,1.22,4.33,1.24,4.53,1.28,4.75,1.23,4.14,2022,,,
68.0,Turin,Masters Cup,19/11/2022,Masters Cup,Indoor,Hard,Semifinals,,Ruud C.,Rublev A.,4,7,5020,3530,6,2,6.0,4.0,,,,,,,2,0,Completed,2.2,1.66,2.35,1.67,2.35,1.75,2.18,1.69,2022,,,
68.0,Turin,Masters Cup,20/11/2022,Masters Cup,Indoor,Hard,The Final,,Djokovic N.,Ruud C.,8,4,3320,5020,7,5,6.0,3.0,,,,,,,2,0,Completed,1.22,4.33,1.22,4.9,1.29,4.9,1.23,4.21,2022,,,
64.0,Turin,Masters Cup,12/11/2023,Masters Cup,Indoor,Hard,Round Robin,3.0,Sinner J.,Tsitsipas S.,4,6,5490,4435,6,4,6.0,4.0,,,,,,,2,0,Completed,1.36,3.2,1.39,3.26,1.44,3.33,1.36,3.14,2023,,,
64.0,Turin,Masters Cup,12/11/2023,Masters Cup,Indoor,Hard,Round Robin,3.0,Djokovic N.,Rune H.,1,10,11445,3460,7,6,6.0,7.0,6.0,3.0,,,,,2,1,Completed,1.2,4.5,1.2,5.16,1.24,5.16,1.19,4.66,2023,,,
64.0,Turin,Masters Cup,13/11/2023,Masters Cup,Indoor,Hard,Round Robin,3.0,Zverev A.,Alcaraz C.,8,2,3585,8455,6,7,6.0,3.0,6.0,4.0,,,,,2,1,Completed,2.75,1.44,2.87,1.48,2.93,1.5,2.76,1.45,2023,,,
64.0,Turin,Masters Cup,13/11/2023,Masters Cup,Indoor,Hard,Round Robin,3.0,Medvedev D.,Rublev A.,3,5,7200,5205,6,4,6.0,2.0,,,,,,,2,0,Completed,1.5,2.63,1.57,2.58,1.57,2.76,1.51,2.55,2023,,,
64.0,Turin,Masters Cup,14/11/2023,Masters Cup,Indoor,Hard,Round Robin,3.0,Rune H.,Tsitsipas S.,10,6,3460,4435,2,1,,,,,,,,,0,0,Retired,1.57,2.38,1.59,2.52,1.62,2.55,1.57,2.42,2023,,,
64.0,Turin,Masters Cup,14/11/2023,Masters Cup,Indoor,Hard,Round Robin,3.0,Sinner J.,Djokovic N.,4,1,5490,11445,7,5,6.0,7.0,7.0,6.0,,,,,2,1,Completed,2.3,1.62,2.29,1.7,2.42,1.7,2.28,1.63,2023,,,
64.0,Turin,Masters Cup,15/11/2023,Masters Cup,Indoor,Hard,Round Robin,3.0,Alcaraz C.,Rublev A.,2,5,8455,5205,7,5,6.0,2.0,,,,,,,2,0,Completed,1.5,2.63,1.6,2.5,1.6,2.72,1.51,2.57,2023,,,
64.0,Turin,Masters Cup,15/11/2023,Masters Cup,Indoor,Hard,Round Robin,3.0,Medvedev D.,Zverev A.,3,8,7200,3585,7,6,6.0,4.0,,,,,,,2,0,Completed,1.44,2.75,1.47,2.9,1.47,3.1,1.44,2.81,2023,,,
64.0,Turin,Masters Cup,16/11/2023,Masters Cup,Indoor,Hard,Round Robin,3.0,Djokovic N.,Hurkacz H.,1,11,11445,3245,7,6,4.0,6.0,6.0,1.0,,,,,2,1,Completed,1.14,5.5,1.23,4.7,1.23,5.55,1.17,5.03,2023,,,
64.0,Turin,Masters Cup,16/11/2023,Masters Cup,Indoor,Hard,Round Robin,3.0,Sinner J.,Rune H.,4,10,5490,3460,6,2,5.0,7.0,6.0,4.0,,,,,2,1,Completed,1.4,3.0,1.42,3.12,1.45,3.17,1.4,2.96,2023,,,
64.0,Turin,Masters Cup,17/11/2023,Masters Cup,Indoor,Hard,Round Robin,3.0,Alcaraz C.,Medvedev D.,2,3,8455,7200,6,4,6.0,4.0,,,,,,,2,0,Completed,1.67,2.2,1.78,2.16,1.78,2.3,1.68,2.19,2023,,,
64.0,Turin,Masters Cup,17/11/2023,Masters Cup,Indoor,Hard,Round Robin,3.0,Zverev A.,Rublev A.,8,5,3585,5205,6,4,6.0,4.0,,,,,,,2,0,Completed,1.62,2.3,1.74,2.23,1.76,2.35,1.66,2.22,2023,,,
64.0,Turin,Masters Cup,18/11/2023,Masters Cup,Indoor,Hard,Semifinals,3.0,Sinner J.,Medvedev D.,4,3,5490,7200,6,3,6.0,7.0,6.0,1.0,,,,,2,1,Completed,1.67,2.2,1.69,2.31,1.71,2.36,1.64,2.26,2023,,,
64.0,Turin,Masters Cup,18/11/2023,Masters Cup,Indoor,Hard,Semifinals,3.0,Djokovic N.,Alcaraz C.,1,2,11445,8455,6,3,6.0,2.0,,,,,,,2,0,Completed,1.62,2.3,1.67,2.36,1.7,2.43,1.63,2.28,2023,,,
64.0,Turin,Masters Cup,19/11/2023,Masters Cup,Indoor,Hard,The Final,3.0,Djokovic N.,Sinner J.,1,4,11445,5490,6,3,6.0,3.0,,,,,,,2,0,Completed,1.53,2.5,1.62,2.45,1.62,2.68,1.55,2.48,2023,,,
,Turin,Masters Cup,10/11/2024,Masters Cup,Indoor,Hard,Round Robin,3.0,Fritz T.,Medvedev D.,5,4,4300,4830,6,4,6.0,3.0,,,,,,,2,0,Completed,2.1,1.73,2.16,1.77,2.22,1.8,2.06,1.74,2024,65.0,,
,Turin,Masters Cup,10/11/2024,Masters Cup,Indoor,Hard,Round Robin,3.0,Sinner J.,De Minaur A.,1,9,10330,3745,6,3,6.0,4.0,,,,,,,2,0,Completed,1.11,6.5,1.11,8.24,1.16,8.24,1.11,6.57,2024,65.0,,
,Turin,Masters Cup,11/11/2024,Masters Cup,Indoor,Hard,Round Robin,3.0,Ruud C.,Alcaraz C.,7,3,3855,6810,6,1,7.0,5.0,,,,,,,2,0,Completed,10.0,1.06,10.08,1.08,10.08,1.09,8.71,1.06,2024,65.0,,
,Turin,Masters Cup,11/11/2024,Masters Cup,Indoor,Hard,Round Robin,3.0,Zverev A.,Rublev A.,2,8,7315,3760,6,4,6.0,4.0,,,,,,,2,0,Completed,1.3,3.5,1.31,3.75,1.34,3.76,1.3,3.48,2024,65.0,,
,Turin,Masters Cup,12/11/2024,Masters Cup,Indoor,Hard,Round Robin,3.0,Medvedev D.,De Minaur A.,4,9,4830,3745,6,2,6.0,4.0,,,,,,,2,0,Completed,1.91,1.91,2.03,1.86,2.03,1.94,1.9,1.88,2024,65.0,,
,Turin,Masters Cup,12/11/2024,Masters Cup,Indoor,Hard,Round Robin,3.0,Sinner J.,Fritz T.,1,5,10330,4300,6,4,6.0,4.0,,,,,,,2,0,Completed,1.14,5.5,1.18,5.43,1.2,5.8,1.16,5.04,2024,65.0,,
,Turin,Masters Cup,13/11/2024,Masters Cup,Indoor,Hard,Round Robin,3.0,Alcaraz C.,Rublev A.,3,8,6810,3760,6,3,7.0,6.0,,,,,,,2,0,Completed,1.53,2.5,1.58,2.52,1.6,2.6,1.54,2.46,2024,65.0,,
,Turin,Masters Cup,13/11/2024,Masters Cup,Indoor,Hard,Round Robin,3.0,Zverev A.,Ruud C.,2,7,7315,3855,7,6,6.0,3.0,,,,,,,2,0,Completed,1.13,6.0,1.18,5.56,1.18,6.0,1.15,5.46,2024,65.0,,
,Turin,Masters Cup,14/11/2024,Masters Cup,Indoor,Hard,Round Robin,3.0,De Minaur A.,Fritz T.,9,5,3745,4300,5,7,6.0,4.0,6.0,3.0,,,,,2,1,Completed,3.2,1.36,3.09,1.42,3.2,1.42,3.0,1.38,2024,65.0,,
,Turin,Masters Cup,14/11/2024,Masters Cup,Indoor,Hard,Round Robin,3.0,Sinner J.,Medvedev D.,1,4,10330,4830,6,3,6.0,4.0,,,,,,,2,0,Completed,1.17,5.0,1.19,5.29,1.22,5.6,1.17,4.85,2024,65.0,,
,Turin,Masters Cup,15/11/2024,Masters Cup,Indoor,Hard,Round Robin,3.0,Zverev A.,Alcaraz C.,2,3,7315,6810,7,6,6.0,4.0,,,,,,,2,0,Completed,1.91,1.91,2.02,1.87,2.02,1.92,1.91,1.87,2024,65.0,,
,Turin,Masters Cup,15/11/2024,Masters Cup,Indoor,Hard,Round Robin,3.0,Ruud C.,Rublev A.,7,8,3855,3760,6,4,5.0,7.0,6.0,2.0,,,,,2,1,Completed,2.5,1.53,2.59,1.56,2.63,1.64,2.43,1.55,2024,65.0,,
,Turin,Masters Cup,16/11/2024,Masters Cup,Indoor,Hard,Semifinals,3.0,Fritz T.,Zverev A.,5,2,4300,7315,6,3,3.0,6.0,7.0,6.0,,,,,2,1,Completed,3.0,1.4,2.85,1.48,3.11,1.49,2.94,1.4,2024,65.0,,
,Turin,Masters Cup,16/11/2024,Masters Cup,Indoor,Hard,Semifinals,3.0,Sinner J.,Ruud C.,1,7,10330,3855,6,1,6.0,2.0,,,,,,,2,0,Completed,1.05,11.0,1.06,12.48,1.07,12.48,1.05,9.58,2024,65.0,,
,Turin,Masters Cup,17/11/2024,Masters Cup,Indoor,Hard,The Final,3.0,Sinner J.,Fritz T.,1,5,10330,4300,6,4,6.0,4.0,,,,,,,2,0,Completed,1.14,5.5,1.17,5.24,1.2,5.7,1.15,5.22,2024,65.0,,
,Turin,Masters Cup,09/11/2025,Masters Cup,Indoor,Hard,Round Robin,3.0,Alcaraz C.,De Minaur A.,1,7,11050,3935,7,6,6.0,2.0,,,,,,,2,0,Completed,1.17,5.0,,,1.21,5.0,1.19,4.66,2025,60.0,1.21,5.5
,Turin,Masters Cup,09/11/2025,Masters Cup,Indoor,Hard,Round Robin,3.0,Zverev A.,Shelton B.,3,5,4960,3970,6,3,7.0,6.0,,,,,,,2,0,Completed,1.53,2.5,1.56,2.62,1.58,2.6,1.54,2.46,2025,60.0,1.57,2.72
,Turin,Masters Cup,10/11/2025,Masters Cup,Indoor,Hard,Round Robin,3.0,Fritz T.,Musetti L.,6,9,3935,3840,6,3,6.0,4.0,,,,,,,2,0,Completed,1.4,3.0,1.46,2.94,1.44,3.1,1.41,2.87,2025,60.0,1.47,3.05
,Turin,Masters Cup,10/11/2025,Masters Cup,Indoor,Hard,Round Robin,3.0,Sinner J.,Auger-Aliassime F.,2,8,10000,3845,7,5,6.0,1.0,,,,,,,2,0,Completed,1.06,10.0,1.09,9.63,1.09,10.0,1.07,8.64,2025,60.0,1.09,11.5
,Turin,Masters Cup,11/11/2025,Masters Cup,Indoor,Hard,Round Robin,3.0,Alcaraz C.,Fritz T.,1,6,11050,3935,6,7,7.0,5.0,6.0,3.0,,,,,2,1,Completed,1.2,4.5,1.22,4.85,1.23,4.8,1.21,4.4,2025,60.0,1.24,5.1
,Turin,Masters Cup,11/11/2025,Masters Cup,Indoor,Hard,Round Robin,3.0,Musetti L.,De Minaur A.,9,7,3840,3935,7,5,3.0,6.0,7.0,5.0,,,,,2,1,Completed,3.2,1.36,3.25,1.4,3.3,1.38,3.13,1.36,2025,60.0,3.35,1.42
,Turin,Masters Cup,12/11/2025,Masters Cup,Indoor,Hard,Round Robin,3.0,Auger-Aliassime F.,Shelton B.,8,5,3845,3970,4,6,7.0,6.0,7.0,5.0,,,,,2,1,Completed,2.2,1.67,2.2,1.76,2.4,1.74,2.18,1.68,2025,60.0,2.28,1.76
,Turin,Masters Cup,12/11/2025,Masters Cup,Indoor,Hard,Round Robin,3.0,Sinner J.,Zverev A.,2,3,10000,4960,6,4,6.0,3.0,,,,,,,2,0,Completed,1.1,7.0,1.13,7.21,1.14,7.5,1.11,6.48,2025,60.0,1.14,7.6
,Turin,Masters Cup,13/11/2025,Masters Cup,Indoor,Hard,Round Robin,3.0,De Minaur A.,Fritz T.,7,6,3935,3935,7,6,6.0,3.0,,,,,,,2,0,Completed,3.2,1.36,3.27,1.39,3.3,1.4,3.09,1.36,2025,60.0,3.4,1.4
,Turin,Masters Cup,13/11/2025,Masters Cup,Indoor,Hard,Round Robin,3.0,Alcaraz C.,Musetti L.,1,9,11050,3840,6,4,6.0,1.0,,,,,,,2,0,Completed,1.13,6.0,1.14,6.88,1.14,7.0,1.13,6.05,2025,60.0,1.16,7.0
,Turin,Masters Cup,14/11/2025,Masters Cup,Indoor,Hard,Round Robin,3.0,Sinner J.,Shelton B.,2,5,10000,3970,6,3,7.0,6.0,,,,,,,2,0,Completed,1.05,10.0,1.1,8.53,1.07,11.0,1.06,9.41,2025,60.0,1.08,13.0
,Turin,Masters Cup,14/11/2025,Masters Cup,Indoor,Hard,Round Robin,3.0,Auger-Aliassime F.,Zverev A.,8,3,3845,4960,6,4,7.0,6.0,,,,,,,2,0,Completed,1.2,4.5,1.21,5.06,1.22,5.3,1.19,4.8,2025,60.0,1.22,5.3
,Turin,Masters Cup,15/11/2025,Masters Cup,Indoor,Hard,Semifinals,3.0,Sinner J.,De Minaur A.,2,7,10000,3935,7,5,6.0,2.0,,,,,,,2,0,Completed,1.05,10.0,1.1,8.53,1.07,11.0,1.06,9.44,2025,60.0,1.08,13.0
,Turin,Masters Cup,15/11/2025,Masters Cup,Indoor,Hard,Semifinals,3.0,Alcaraz C.,Auger-Aliassime F.,1,8,11050,3845,6,2,6.0,4.0,,,,,,,2,0,Completed,1.2,4.5,1.21,5.06,1.22,5.3,1.19,4.75,2025,60.0,1.22,5.3
,Turin,Masters Cup,16/11/2025,Masters Cup,Indoor,Hard,The Final,3.0,Sinner J.,Alcaraz C.,2,1,10000,11050,7,6,7.0,5.0,,,,,,,2,0,Completed,1.5,2.63,1.5,2.8,1.56,2.8,1.49,2.61,2025,60.0,1.52,2.88
