Date,Winner,Loser,odds_w,odds_l,source,tournament,tour,event_type
2022-09-16,Berrettini M.,Baez S.,1.01,1.02,oddsportal,Davis Cup world-group 2022,atp,davis_cup
2022-09-17,Goffin D.,Bonzi B.,1.02,1.01,oddsportal,Davis Cup world-group 2022,atp,davis_cup
2022-11-24,Fritz T.,Musetti L.,1.02,1.01,oddsportal,Davis Cup world-group 2022,atp,davis_cup
2022-09-14,Norrie C.,Fritz T.,1.02,1.01,oddsportal,Davis Cup world-group 2022,atp,davis_cup
2022-09-14,Mannarino A.,Otte O.,1.01,1.02,oddsportal,Davis Cup world-group 2022,atp,davis_cup
2022-09-14,Paul T.,Evans D.,1.01,1.02,oddsportal,Davis Cup world-group 2022,atp,davis_cup
2022-11-27,Shapovalov D.,Kokkinakis T.,1.01,1.02,oddsportal,Davis Cup world-group 2022,atp,davis_cup
2022-11-26,Sonego L.,Shapovalov D.,1.01,1.02,oddsportal,Davis Cup world-group 2022,atp,davis_cup
2022-09-16,Evans D.,Griekspoor T.,1.01,1.02,oddsportal,Davis Cup world-group 2022,atp,davis_cup
2022-09-18,Ymer M.,Sinner J.,1.02,1.01,oddsportal,Davis Cup world-group 2022,atp,davis_cup
2022-09-16,Goffin D.,Otte O.,1.02,1.01,oddsportal,Davis Cup world-group 2022,atp,davis_cup
2022-09-16,Sinner J.,Cerundolo F.,1.01,1.02,oddsportal,Davis Cup world-group 2022,atp,davis_cup
2022-09-15,Paul T.,Kukushkin M.,1.01,1.02,oddsportal,Davis Cup world-group 2022,atp,davis_cup
2022-09-14,Berrettini M.,Coric B.,1.01,1.02,oddsportal,Davis Cup world-group 2022,atp,davis_cup
2022-09-13,Ymer M.,Schwartzman D.,1.02,1.01,oddsportal,Davis Cup world-group 2022,atp,davis_cup
2022-09-15,Gasquet R.,Kubler J.,1.01,1.02,oddsportal,Davis Cup world-group 2022,atp,davis_cup
2022-09-15,Coric B.,Ymer M.,1.01,1.02,oddsportal,Davis Cup world-group 2022,atp,davis_cup
2022-09-18,Murray A.,Popko D.,1.01,1.02,oddsportal,Davis Cup world-group 2022,atp,davis_cup
2022-09-14,Musetti L.,Gojo B.,1.01,1.02,oddsportal,Davis Cup world-group 2022,atp,davis_cup
2022-09-15,Fritz T.,Bublik A.,1.01,1.02,oddsportal,Davis Cup world-group 2022,atp,davis_cup
2022-09-18,Kokkinakis T.,Otte O.,1.02,1.01,oddsportal,Davis Cup world-group 2022,atp,davis_cup
2022-09-17,Coric B.,Cerundolo F.,1.02,1.01,oddsportal,Davis Cup world-group 2022,atp,davis_cup
2022-09-18,Bublik A.,Norrie C.,1.02,1.01,oddsportal,Davis Cup world-group 2022,atp,davis_cup
2022-09-17,Djere L.,Diallo G.,1.01,1.02,oddsportal,Davis Cup world-group 2022,atp,davis_cup
2022-09-15,Ymer E.,Gojo B.,1.02,1.01,oddsportal,Davis Cup world-group 2022,atp,davis_cup
2022-09-18,Berrettini M.,Ymer E.,1.01,1.02,oddsportal,Davis Cup world-group 2022,atp,davis_cup
2022-11-22,Thompson J.,Griekspoor T.,1.01,1.02,oddsportal,Davis Cup world-group 2022,atp,davis_cup
2022-03-04,Lock B.,Miralles L.,1.01,1.02,oddsportal,Davis Cup world-group-ii 2022,atp,davis_cup
2022-03-05,Safwat M.,Chrysochos P.,1.01,1.02,oddsportal,Davis Cup world-group-ii 2022,atp,davis_cup
2022-03-04,Lajal M.,Sinclair C.,1.01,1.02,oddsportal,Davis Cup world-group-ii 2022,atp,davis_cup
2022-03-04,Zopp J.,Mainguy C.,1.01,1.02,oddsportal,Davis Cup world-group-ii 2022,atp,davis_cup
2022-03-04,Vacherot V.,Benchetrit E.,1.01,1.02,oddsportal,Davis Cup world-group-ii 2022,atp,davis_cup
2022-03-04,Phillips R.,Pervolarakis M.,1.02,1.01,oddsportal,Davis Cup world-group-ii 2022,atp,davis_cup
2022-03-04,Catarina L.,Moundir A.,1.01,1.02,oddsportal,Davis Cup world-group-ii 2022,atp,davis_cup
2022-03-04,Safwat M.,Efstathiou M.,1.01,1.02,oddsportal,Davis Cup world-group-ii 2022,atp,davis_cup
2022-03-05,Tsitsipas Pe.,Phillips R.,1.01,1.02,oddsportal,Davis Cup world-group-ii 2022,atp,davis_cup
2022-03-05,Gulbis E.,Samrej K.,1.02,1.01,oddsportal,Davis Cup world-group-ii 2022,atp,davis_cup
2022-03-04,Lazarov A.,Vallejo D.,1.01,1.02,oddsportal,Davis Cup world-group-ii 2022,atp,davis_cup
2022-03-03,Strombachs R.,Samrej K.,1.02,1.01,oddsportal,Davis Cup world-group-ii 2022,atp,davis_cup
2022-03-04,Bicknell B.,Tsitsipas Pe.,1.02,1.01,oddsportal,Davis Cup world-group-ii 2022,atp,davis_cup
2022-03-04,Gulbis E.,Charoenphon Y.,1.02,1.01,oddsportal,Davis Cup world-group-ii 2022,atp,davis_cup
2022-03-05,Arevalo M.,Lock B.,1.02,1.01,oddsportal,Davis Cup world-group-ii 2022,atp,davis_cup
2023-11-25,Kecmanovic M.,Musetti L.,1.02,1.01,oddsportal,Davis Cup world-group 2023,atp,davis_cup
2023-09-16,Galarneau A.,Tabilo A.,1.01,1.02,oddsportal,Davis Cup world-group 2023,atp,davis_cup
2023-09-13,Galarneau A.,Sonego L.,1.01,1.02,oddsportal,Davis Cup world-group 2023,atp,davis_cup
2023-09-17,Sonego L.,Ymer E.,1.01,1.02,oddsportal,Davis Cup world-group 2023,atp,davis_cup
2023-09-17,Humbert U.,Norrie C.,1.02,1.01,oddsportal,Davis Cup world-group 2023,atp,davis_cup
2023-09-16,Virtanen O.,McDonald M.,1.02,1.01,oddsportal,Davis Cup world-group 2023,atp,davis_cup
2023-09-16,Ruusuvuori E.,Paul T.,1.02,1.01,oddsportal,Davis Cup world-group 2023,atp,davis_cup
2023-09-15,Virtanen O.,Prizmic D.,1.02,1.01,oddsportal,Davis Cup world-group 2023,atp,davis_cup
2023-11-25,Sinner J.,Djokovic N.,1.01,1.02,oddsportal,Davis Cup world-group 2023,atp,davis_cup
2023-09-17,Arnaldi M.,Borg L.,1.01,1.02,oddsportal,Davis Cup world-group 2023,atp,davis_cup
2023-09-16,Jarry N.,Diallo G.,1.02,1.01,oddsportal,Davis Cup world-group 2023,atp,davis_cup
2023-11-26,Arnaldi M.,Popyrin A.,1.02,1.01,oddsportal,Davis Cup world-group 2023,atp,davis_cup
2023-11-21,Raonic M.,Kaukovalta P.,1.01,1.02,oddsportal,Davis Cup world-group 2023,atp,davis_cup
2023-09-16,Mensik J.,Lajovic D.,1.02,1.01,oddsportal,Davis Cup world-group 2023,atp,davis_cup
2023-09-15,Murray A.,Riedi L.,1.01,1.02,oddsportal,Davis Cup world-group 2023,atp,davis_cup
2023-09-15,Arnaldi M.,Garin C.,1.01,1.02,oddsportal,Davis Cup world-group 2023,atp,davis_cup
2023-09-14,Pospisil V.,Borg L.,1.01,1.02,oddsportal,Davis Cup world-group 2023,atp,davis_cup
2023-09-13,Diallo G.,Musetti L.,1.01,1.02,oddsportal,Davis Cup world-group 2023,atp,davis_cup
2023-09-14,Mannarino A.,Purcell M.,1.02,1.01,oddsportal,Davis Cup world-group 2023,atp,davis_cup
2023-09-13,McDonald M.,Prizmic D.,1.02,1.01,oddsportal,Davis Cup world-group 2023,atp,davis_cup
2023-11-23,Djokovic N.,Norrie C.,1.01,1.02,oddsportal,Davis Cup world-group 2023,atp,davis_cup
2023-09-15,Sonego L.,Jarry N.,1.01,1.02,oddsportal,Davis Cup world-group 2023,atp,davis_cup
2023-11-23,Kecmanovic M.,Draper J.,1.01,1.02,oddsportal,Davis Cup world-group 2023,atp,davis_cup
2023-09-14,Diallo G.,Ymer E.,1.01,1.02,oddsportal,Davis Cup world-group 2023,atp,davis_cup
2023-09-17,Gojo B.,Griekspoor T.,1.01,1.02,oddsportal,Davis Cup world-group 2023,atp,davis_cup
2023-09-13,Gojo B.,Tiafoe F.,1.01,1.02,oddsportal,Davis Cup world-group 2023,atp,davis_cup
2023-11-21,Virtanen O.,Diallo G.,1.02,1.01,oddsportal,Davis Cup world-group 2023,atp,davis_cup
2023-11-23,Sinner J.,Griekspoor T.,1.01,1.02,oddsportal,Davis Cup world-group 2023,atp,davis_cup
2023-09-16,Lehecka J.,Djere L.,1.02,1.01,oddsportal,Davis Cup world-group 2023,atp,davis_cup
2023-09-15,Wawrinka S.,Norrie C.,1.02,1.01,oddsportal,Davis Cup world-group 2023,atp,davis_cup
2023-09-17,Evans D.,Fils A.,1.01,1.02,oddsportal,Davis Cup world-group 2023,atp,davis_cup
2023-09-15,Ruusuvuori E.,Gojo B.,1.02,1.01,oddsportal,Davis Cup world-group 2023,atp,davis_cup
2023-11-22,Machac T.,Thompson J.,1.01,1.02,oddsportal,Davis Cup world-group 2023,atp,davis_cup
2023-09-16,Kokkinakis T.,Stricker D.,1.01,1.02,oddsportal,Davis Cup world-group 2023,atp,davis_cup
2023-09-14,Griekspoor T.,Tiafoe F.,1.01,1.02,oddsportal,Davis Cup world-group 2023,atp,davis_cup
2023-02-03,Vallejo D.,Safwat M.,1.02,1.01,oddsportal,Davis Cup world-group-ii 2023,atp,davis_cup
2023-02-04,Moundir A.,Coulibaly E.,1.02,1.01,oddsportal,Davis Cup world-group-ii 2023,atp,davis_cup
2023-02-04,King D.,Sinclair C.,1.01,1.02,oddsportal,Davis Cup world-group-ii 2023,atp,davis_cup
2023-02-03,Alkotop M.,Duran D.,1.01,1.02,oddsportal,Davis Cup world-group-ii 2023,atp,davis_cup
2023-02-03,King D.,Mainguy C.,1.01,1.02,oddsportal,Davis Cup world-group-ii 2023,atp,davis_cup
2023-02-04,Knaff A.,Beckley A.,1.01,1.02,oddsportal,Davis Cup world-group-ii 2023,atp,davis_cup
2023-02-04,Phillips R.,Tamm K.,1.01,1.02,oddsportal,Davis Cup world-group-ii 2023,atp,davis_cup
2023-02-03,Chrysochos P.,Mansouri S.,1.02,1.01,oddsportal,Davis Cup world-group-ii 2023,atp,davis_cup
2023-02-04,Arevalo M.,Alkotop M.,1.02,1.01,oddsportal,Davis Cup world-group-ii 2023,atp,davis_cup
2023-02-04,Marshall K.,Mainguy C.,1.01,1.02,oddsportal,Davis Cup world-group-ii 2023,atp,davis_cup
2023-02-03,Sinclair C.,Marshall K.,1.02,1.01,oddsportal,Davis Cup world-group-ii 2023,atp,davis_cup
2023-02-02,Tkemaladze Z.,Garcia R.,1.01,1.02,oddsportal,Davis Cup world-group-ii 2023,atp,davis_cup
2023-02-03,Echargui M.,Efstathiou M.,1.01,1.02,oddsportal,Davis Cup world-group-ii 2023,atp,davis_cup
2023-02-03,Lock B.,Carou I.,1.01,1.02,oddsportal,Davis Cup world-group-ii 2023,atp,davis_cup
2023-02-03,Arevalo M.,Hatamleh K.,1.02,1.01,oddsportal,Davis Cup world-group-ii 2023,atp,davis_cup
2023-02-04,Vallejo D.,Elsayed A.,1.02,1.01,oddsportal,Davis Cup world-group-ii 2023,atp,davis_cup
2023-02-04,Catarina L.,Hardt N.,1.01,1.02,oddsportal,Davis Cup world-group-ii 2023,atp,davis_cup
2024-09-14,Cerundolo F.,Virtanen O.,1.02,1.01,oddsportal,Davis Cup world-group 2024,atp,davis_cup
2024-09-14,Monteiro T.,Bergs Z.,1.02,1.01,oddsportal,Davis Cup world-group 2024,atp,davis_cup
2024-09-13,McDonald M.,Klein L.,1.01,1.02,oddsportal,Davis Cup world-group 2024,atp,davis_cup
2024-09-15,Cobolli F.,Griekspoor T.,1.01,1.02,oddsportal,Davis Cup world-group 2024,atp,davis_cup
2024-09-11,Arnaldi M.,Monteiro T.,1.01,1.02,oddsportal,Davis Cup world-group 2024,atp,davis_cup
2024-09-11,Berrettini M.,Fonseca J.,1.01,1.02,oddsportal,Davis Cup world-group 2024,atp,davis_cup
2024-09-13,Cerundolo F.,Draper J.,1.02,1.01,oddsportal,Davis Cup world-group 2024,atp,davis_cup
2024-09-14,Mensik J.,Rinderknech A.,1.01,1.02,oddsportal,Davis Cup world-group 2024,atp,davis_cup
2024-09-15,Popyrin A.,Martinez P.,1.01,1.02,oddsportal,Davis Cup world-group 2024,atp,davis_cup
2024-11-21,Kokkinakis T.,Shelton B.,1.02,1.01,oddsportal,Davis Cup world-group 2024,atp,davis_cup
2024-11-24,Sinner J.,Griekspoor T.,1.01,1.02,oddsportal,Davis Cup world-group 2024,atp,davis_cup
2024-09-13,Nakashima B.,Kovalik J.,1.01,1.02,oddsportal,Davis Cup world-group 2024,atp,davis_cup
2024-11-20,Altmaier D.,Diallo G.,1.01,1.02,oddsportal,Davis Cup world-group 2024,atp,davis_cup
2024-09-14,Fonseca J.,Collignon R.,1.02,1.01,oddsportal,Davis Cup world-group 2024,atp,davis_cup
2024-09-13,Berrettini M.,Blockx A.,1.01,1.02,oddsportal,Davis Cup world-group 2024,atp,davis_cup
2024-09-13,Bergs Z.,Cobolli F.,1.02,1.01,oddsportal,Davis Cup world-group 2024,atp,davis_cup
2024-09-15,Shapovalov D.,Evans D.,1.01,1.02,oddsportal,Davis Cup world-group 2024,atp,davis_cup
2024-09-14,Fils A.,Lehecka J.,1.02,1.01,oddsportal,Davis Cup world-group 2024,atp,davis_cup
2024-09-12,Kokkinakis T.,Mensik J.,1.01,1.02,oddsportal,Davis Cup world-group 2024,atp,davis_cup
2024-09-12,Hanfmann Y.,Tabilo A.,1.01,1.02,oddsportal,Davis Cup world-group 2024,atp,davis_cup
2024-09-15,Kovalik J.,Tabilo A.,1.01,1.02,oddsportal,Davis Cup world-group 2024,atp,davis_cup
2024-09-11,Evans D.,Vasa E.,1.02,1.01,oddsportal,Davis Cup world-group 2024,atp,davis_cup
2024-09-12,Griekspoor T.,Monteiro T.,1.01,1.02,oddsportal,Davis Cup world-group 2024,atp,davis_cup
2024-09-14,Garin C.,Gombos N.,1.02,1.01,oddsportal,Davis Cup world-group 2024,atp,davis_cup
2024-09-14,Nakashima B.,Marterer M.,1.02,1.01,oddsportal,Davis Cup world-group 2024,atp,davis_cup
2024-11-23,Berrettini M.,Kokkinakis T.,1.01,1.02,oddsportal,Davis Cup world-group 2024,atp,davis_cup
2024-09-12,Shapovalov D.,Vasa E.,1.01,1.02,oddsportal,Davis Cup world-group 2024,atp,davis_cup
2024-11-21,Cerundolo F.,Musetti L.,1.02,1.01,oddsportal,Davis Cup world-group 2024,atp,davis_cup
2024-09-11,Harris B.,Virtanen O.,1.02,1.01,oddsportal,Davis Cup world-group 2024,atp,davis_cup
2024-11-21,Sinner J.,Baez S.,1.01,1.02,oddsportal,Davis Cup world-group 2024,atp,davis_cup
2024-02-03,Setodji T.,Susanto A.,1.01,1.02,oddsportal,Davis Cup world-group-ii 2024,atp,davis_cup
2024-02-04,Vacherot V.,Vallejo D.,1.02,1.01,oddsportal,Davis Cup world-group-ii 2024,atp,davis_cup
2024-02-03,Dlimi Y.,Chrysochos P.,1.02,1.01,oddsportal,Davis Cup world-group-ii 2024,atp,davis_cup
2024-02-02,Echargui M.,Flores J.,1.01,1.02,oddsportal,Davis Cup world-group-ii 2024,atp,davis_cup
2024-02-03,Zhou Y.,Kriznik M.,1.01,1.02,oddsportal,Davis Cup world-group-ii 2024,atp,davis_cup
2024-02-03,Dominko S.,Zhang Z.,1.02,1.01,oddsportal,Davis Cup world-group-ii 2024,atp,davis_cup
2024-02-01,Zhou Y.,Dominko S.,1.01,1.02,oddsportal,Davis Cup world-group-ii 2024,atp,davis_cup
2024-02-04,Marshall K.,Phillips R.,1.02,1.01,oddsportal,Davis Cup world-group-ii 2024,atp,davis_cup
2024-02-04,Bicknell B.,King D.,1.01,1.02,oddsportal,Davis Cup world-group-ii 2024,atp,davis_cup
2024-02-03,Benchetrit E.,Efstathiou M.,1.02,1.01,oddsportal,Davis Cup world-group-ii 2024,atp,davis_cup
2024-02-01,Zhang Z.,Kriznik M.,1.01,1.02,oddsportal,Davis Cup world-group-ii 2024,atp,davis_cup
2024-03-15,Moghimi S.,Tamm K.,1.01,1.02,oddsportal,Davis Cup world-group-ii 2024,atp,davis_cup
2024-02-02,Duran D.,Osmont G.,1.01,1.02,oddsportal,Davis Cup world-group-ii 2024,atp,davis_cup
2024-02-03,Bicknell B.,Marshall K.,1.01,1.02,oddsportal,Davis Cup world-group-ii 2024,atp,davis_cup
2024-02-04,Albot R.,Roncadelli F.,1.02,1.01,oddsportal,Davis Cup world-group-ii 2024,atp,davis_cup
2024-02-03,King D.,Phillips R.,1.02,1.01,oddsportal,Davis Cup world-group-ii 2024,atp,davis_cup
2024-03-16,Ojakaar O.,Moghimi S.,1.02,1.01,oddsportal,Davis Cup world-group-ii 2024,atp,davis_cup
2024-02-03,Roncadelli F.,Snitari I.,1.01,1.02,oddsportal,Davis Cup world-group-ii 2024,atp,davis_cup
2025-11-23,Cobolli F.,Munar J.,1.01,1.02,oddsportal,Davis Cup world-group 2025,atp,davis_cup
2025-11-21,Cobolli F.,Bergs Z.,1.01,1.02,oddsportal,Davis Cup world-group 2025,atp,davis_cup
2025-11-22,Zverev A.,Munar J.,1.02,1.01,oddsportal,Davis Cup world-group 2025,atp,davis_cup
2025-09-14,Ghetu G.,Cruz C.,1.02,1.01,oddsportal,Davis Cup world-group-ii 2025,atp,davis_cup
2025-09-14,Vacherot V.,Efstathiou M.,1.02,1.01,oddsportal,Davis Cup world-group-ii 2025,atp,davis_cup
2022-04-14,Vekic D.,Bolkvadze M.,1.01,1.02,oddsportal,BJK Cup wg group i 2022,wta,bjk_cup
2022-04-14,Bhosale R.,Gumulya B.,1.01,1.02,oddsportal,BJK Cup wg group i 2022,wta,bjk_cup
2022-04-14,Krunic A.,Galfi D.,1.01,1.02,oddsportal,BJK Cup wg group i 2022,wta,bjk_cup
2022-04-13,Zarazua R.,Seguel D.,1.01,1.02,oddsportal,BJK Cup wg group i 2022,wta,bjk_cup
2022-04-14,Sierra S.,Pigossi L.,1.02,1.01,oddsportal,BJK Cup wg group i 2022,wta,bjk_cup
2022-04-14,Naito Y.,Ivanov V.,1.01,1.02,oddsportal,BJK Cup wg group i 2022,wta,bjk_cup
2022-04-14,Lovric P.,Shinikova I.,1.02,1.01,oddsportal,BJK Cup wg group i 2022,wta,bjk_cup
2022-04-14,Juvan K.,Tomova V.,1.02,1.01,oddsportal,BJK Cup wg group i 2022,wta,bjk_cup
2022-04-14,Raina A.,Sutjiadi A.,1.01,1.02,oddsportal,BJK Cup wg group i 2022,wta,bjk_cup
2023-04-11,Topalova G.,Wuerth T.,1.02,1.01,oddsportal,BJK Cup wg group i 2023,wta,bjk_cup
2023-04-10,Samir S.,Oz I.,1.02,1.01,oddsportal,BJK Cup wg group i 2023,wta,bjk_cup
2023-04-10,Radivojevic L.,Shinikova I.,1.01,1.02,oddsportal,BJK Cup wg group i 2023,wta,bjk_cup
2023-04-15,Kumkhum L.,Valihanova O.,1.02,1.01,oddsportal,BJK Cup wg group i 2023,wta,bjk_cup
2023-04-11,Arango E.,Zeballos N.,1.01,1.02,oddsportal,BJK Cup wg group i 2023,wta,bjk_cup
2023-04-11,Seguel D.,Ccuno R.,1.01,1.02,oddsportal,BJK Cup wg group i 2023,wta,bjk_cup
2023-04-12,Arango E.,Iamachkine A.,1.01,1.02,oddsportal,BJK Cup wg group i 2023,wta,bjk_cup
2023-04-13,Pattinama Kerkhove L.,Samir S.,1.01,1.02,oddsportal,BJK Cup wg group i 2023,wta,bjk_cup
2023-04-11,Tauson C.,Peterson R.,1.02,1.01,oddsportal,BJK Cup wg group i 2023,wta,bjk_cup
2023-04-15,Hontama M.,Zheng W.,1.01,1.02,oddsportal,BJK Cup wg group i 2023,wta,bjk_cup
2023-04-11,Sonmez Z.,Pattinama Kerkhove L.,1.01,1.02,oddsportal,BJK Cup wg group i 2023,wta,bjk_cup
2023-04-13,Peterson R.,Wuerth T.,1.01,1.02,oddsportal,BJK Cup wg group i 2023,wta,bjk_cup
2023-04-12,Labrana F.,Morales M.,1.01,1.02,oddsportal,BJK Cup wg group i 2023,wta,bjk_cup
2023-04-11,Bondar A.,Samir S.,1.01,1.02,oddsportal,BJK Cup wg group i 2023,wta,bjk_cup
2023-04-11,Radivojevic L.,Helgo M.,1.01,1.02,oddsportal,BJK Cup wg group i 2023,wta,bjk_cup
2023-07-27,Licht T.,Romero C.,1.01,1.02,oddsportal,BJK Cup wg group ii 2023,wta,bjk_cup
2023-04-15,Berberovic N.,Rushiti A.,1.01,1.02,oddsportal,BJK Cup wg group ii 2023,wta,bjk_cup
2023-04-15,Papamichail D.,Kontaveit A.,1.02,1.01,oddsportal,BJK Cup wg group ii 2023,wta,bjk_cup
2023-04-15,Bubelyte K.,Kimchi S.,1.01,1.02,oddsportal,BJK Cup wg group ii 2023,wta,bjk_cup
2023-04-15,Curmi F.,Pretorius S.,1.01,1.02,oddsportal,BJK Cup wg group ii 2023,wta,bjk_cup
2023-04-14,Nuudi M.,Shapatava S.,1.01,1.02,oddsportal,BJK Cup wg group ii 2023,wta,bjk_cup
2023-07-24,Chogsomjav M.,Routliffe E.,1.02,1.01,oddsportal,BJK Cup wg group ii 2023,wta,bjk_cup
2023-04-14,Berberovic N.,Buchnik M.,1.02,1.01,oddsportal,BJK Cup wg group ii 2023,wta,bjk_cup
2023-04-14,Jorge F.,Papamichail D.,1.02,1.01,oddsportal,BJK Cup wg group ii 2023,wta,bjk_cup
2023-04-14,Lekaj A.,Lohan S.,1.02,1.01,oddsportal,BJK Cup wg group ii 2023,wta,bjk_cup
2023-07-24,Chogsomjav M.,Razick S.,1.02,1.01,oddsportal,BJK Cup wg group ii 2023,wta,bjk_cup
2023-04-15,Jorge F.,Gorgodze E.,1.01,1.02,oddsportal,BJK Cup wg group ii 2023,wta,bjk_cup
2023-04-14,Simunyu C.,Rushiti A.,1.01,1.02,oddsportal,BJK Cup wg group ii 2023,wta,bjk_cup
2023-04-14,Grammatikopoulou V.,Jorge M.,1.01,1.02,oddsportal,BJK Cup wg group ii 2023,wta,bjk_cup
2023-04-13,Kruger I.,Simunyu C.,1.02,1.01,oddsportal,BJK Cup wg group ii 2023,wta,bjk_cup
2023-04-14,Kruger I.,Mikulskyte J.,1.02,1.01,oddsportal,BJK Cup wg group ii 2023,wta,bjk_cup
2023-07-28,Alfaro N.,Clarke S.,1.02,1.01,oddsportal,BJK Cup wg group ii 2023,wta,bjk_cup
2024-04-11,Gorgodze E.,Zack A.,1.02,1.01,oddsportal,BJK Cup wg group ii 2024,wta,bjk_cup
2024-07-16,Sawangkaew M.,Safi M.,1.01,1.02,oddsportal,BJK Cup wg group ii 2024,wta,bjk_cup
2024-04-10,Sherif M.,Gorgodze E.,1.01,1.02,oddsportal,BJK Cup wg group ii 2024,wta,bjk_cup
2024-04-12,Boskovic L.,Samir S.,1.01,1.02,oddsportal,BJK Cup wg group ii 2024,wta,bjk_cup
2024-04-10,Ruzic A.,Gjorcheska L.,1.01,1.02,oddsportal,BJK Cup wg group ii 2024,wta,bjk_cup
2024-04-11,Rushiti A.,Tucakovic S.,1.02,1.01,oddsportal,BJK Cup wg group ii 2024,wta,bjk_cup
2024-04-10,Boskovic L.,Stoilkovska M.,1.01,1.02,oddsportal,BJK Cup wg group ii 2024,wta,bjk_cup
2024-04-12,Malygina E.,Morina F.,1.01,1.02,oddsportal,BJK Cup wg group ii 2024,wta,bjk_cup
2024-04-10,Mikulskyte J.,Herdzelas D.,1.01,1.02,oddsportal,BJK Cup wg group ii 2024,wta,bjk_cup
2024-04-11,Sherif M.,Mikulskyte J.,1.02,1.01,oddsportal,BJK Cup wg group ii 2024,wta,bjk_cup
2024-04-10,Rushiti A.,Montebello E.,1.01,1.02,oddsportal,BJK Cup wg group ii 2024,wta,bjk_cup
2024-04-11,Buchnik M.,Kardava Z.,1.01,1.02,oddsportal,BJK Cup wg group ii 2024,wta,bjk_cup
2024-04-11,Radakovic L.,Broqi A.,1.01,1.02,oddsportal,BJK Cup wg group ii 2024,wta,bjk_cup
2024-04-12,Stoilkovska M.,Kardava Z.,1.01,1.02,oddsportal,BJK Cup wg group ii 2024,wta,bjk_cup
2024-04-12,Kanepi K.,Rushiti A.,1.01,1.02,oddsportal,BJK Cup wg group ii 2024,wta,bjk_cup
2024-04-12,Ruzic A.,Sherif M.,1.01,1.02,oddsportal,BJK Cup wg group ii 2024,wta,bjk_cup
2022-10-18,Garcia C.,Marino R.,1.02,1.01,oddsportal,Guadalajara WTA 1000,wta,guadalajara
2022-10-18,Rybakina E.,Pliskova Ka.,1.01,1.02,oddsportal,Guadalajara WTA 1000,wta,guadalajara
2022-10-20,Azarenka V.,Keys M.,1.01,1.02,oddsportal,Guadalajara WTA 1000,wta,guadalajara
2022-10-20,Bouzkova M.,Samsonova L.,1.01,1.02,oddsportal,Guadalajara WTA 1000,wta,guadalajara
2022-10-17,Mertens E.,Muhammad A.,1.02,1.01,oddsportal,Guadalajara WTA 1000,wta,guadalajara
2022-10-19,Collins D.,Frech M.,1.01,1.02,oddsportal,Guadalajara WTA 1000,wta,guadalajara
2022-10-22,Pegula J.,Azarenka V.,1.02,1.01,oddsportal,Guadalajara WTA 1000,wta,guadalajara
2022-10-17,Stephens S.,Fruhvirtova L.,1.01,1.02,oddsportal,Guadalajara WTA 1000,wta,guadalajara
2022-10-21,Sakkari M.,Kudermetova V.,1.02,1.01,oddsportal,Guadalajara WTA 1000,wta,guadalajara
2022-10-19,Samsonova L.,Sabalenka A.,1.01,1.02,oddsportal,Guadalajara WTA 1000,wta,guadalajara
2022-10-18,Bouzkova M.,Martincova T.,1.01,1.02,oddsportal,Guadalajara WTA 1000,wta,guadalajara
2022-10-18,Keys M.,Linette M.,1.02,1.01,oddsportal,Guadalajara WTA 1000,wta,guadalajara
2022-10-18,Bouchard E.,Day K.,1.01,1.02,oddsportal,Guadalajara WTA 1000,wta,guadalajara
2022-10-17,Kvitova P.,Pera B.,1.02,1.01,oddsportal,Guadalajara WTA 1000,wta,guadalajara
2022-10-21,Pegula J.,Stephens S.,1.01,1.02,oddsportal,Guadalajara WTA 1000,wta,guadalajara
2022-10-20,Gauff C.,Trevisan M.,1.02,1.01,oddsportal,Guadalajara WTA 1000,wta,guadalajara
2022-10-19,Ostapenko J.,Bouchard E.,1.02,1.01,oddsportal,Guadalajara WTA 1000,wta,guadalajara
2022-10-18,Trevisan M.,Hibino N.,1.02,1.01,oddsportal,Guadalajara WTA 1000,wta,guadalajara
2022-10-21,Azarenka V.,Gauff C.,1.01,1.02,oddsportal,Guadalajara WTA 1000,wta,guadalajara
2022-10-23,Pegula J.,Sakkari M.,1.01,1.02,oddsportal,Guadalajara WTA 1000,wta,guadalajara
2022-10-18,Kasatkina D.,Zhu L.,1.01,1.02,oddsportal,Guadalajara WTA 1000,wta,guadalajara
2022-10-18,Ostapenko J.,Davis L.,1.02,1.01,oddsportal,Guadalajara WTA 1000,wta,guadalajara
2022-10-19,Gauff C.,Cocciaretto E.,1.02,1.01,oddsportal,Guadalajara WTA 1000,wta,guadalajara
2022-10-20,Kudermetova V.,Ostapenko J.,1.01,1.02,oddsportal,Guadalajara WTA 1000,wta,guadalajara
2022-10-19,Stephens S.,Bencic B.,1.02,1.01,oddsportal,Guadalajara WTA 1000,wta,guadalajara
2022-10-18,Vekic D.,Pigossi L.,1.01,1.02,oddsportal,Guadalajara WTA 1000,wta,guadalajara
2022-10-18,Collins D.,Dolehide C.,1.01,1.02,oddsportal,Guadalajara WTA 1000,wta,guadalajara
2022-10-18,Cocciaretto E.,Potapova A.,1.01,1.02,oddsportal,Guadalajara WTA 1000,wta,guadalajara
2022-10-20,Stephens S.,Garcia C.,1.01,1.02,oddsportal,Guadalajara WTA 1000,wta,guadalajara
2022-10-19,Kalinskaya A.,Mertens E.,1.02,1.01,oddsportal,Guadalajara WTA 1000,wta,guadalajara
2022-10-18,Frech M.,Putintseva Y.,1.01,1.02,oddsportal,Guadalajara WTA 1000,wta,guadalajara
2022-10-19,Keys M.,Tomljanovic A.,1.02,1.01,oddsportal,Guadalajara WTA 1000,wta,guadalajara
2022-10-18,Kalinskaya A.,Krejcikova B.,1.01,1.02,oddsportal,Guadalajara WTA 1000,wta,guadalajara
2022-10-18,Sakkari M.,Kostyuk M.,1.02,1.01,oddsportal,Guadalajara WTA 1000,wta,guadalajara
2022-10-23,Sakkari M.,Bouzkova M.,1.01,1.02,oddsportal,Guadalajara WTA 1000,wta,guadalajara
2022-10-18,Andreescu B.,Kvitova P.,1.01,1.02,oddsportal,Guadalajara WTA 1000,wta,guadalajara
2022-10-20,Sakkari M.,Collins D.,1.02,1.01,oddsportal,Guadalajara WTA 1000,wta,guadalajara
2022-10-20,Pegula J.,Andreescu B.,1.01,1.02,oddsportal,Guadalajara WTA 1000,wta,guadalajara
2022-10-20,Kalinskaya A.,Kasatkina D.,1.02,1.01,oddsportal,Guadalajara WTA 1000,wta,guadalajara
2022-10-19,Trevisan M.,Siniakova K.,1.02,1.01,oddsportal,Guadalajara WTA 1000,wta,guadalajara
2022-10-19,Pegula J.,Rybakina E.,1.01,1.02,oddsportal,Guadalajara WTA 1000,wta,guadalajara
2022-10-19,Kudermetova V.,Vekic D.,1.01,1.02,oddsportal,Guadalajara WTA 1000,wta,guadalajara
2022-01-09,Auger-Aliassime F.,Bautista-Agut R.,2.0,1.8,oddsportal,Atp Cup,atp,atp_cup
2022-01-09,Shapovalov D.,Carreno-Busta P.,2.29,1.61,oddsportal,Atp Cup,atp,atp_cup
2022-01-08,Medvedev D.,Auger-Aliassime F.,1.2,4.33,oddsportal,Atp Cup,atp,atp_cup
2022-01-07,Shapovalov D.,Safiullin R.,1.33,3.25,oddsportal,Atp Cup,atp,atp_cup
2022-01-07,Bautista-Agut R.,Hurkacz H.,1.833,1.833,oddsportal,Atp Cup,atp,atp_cup
2022-01-06,Auger-Aliassime F.,Zverev A.,4.33,1.2,oddsportal,Atp Cup,atp,atp_cup
2022-01-06,De Minaur A.,Humbert U.,1.719,2.0,oddsportal,Atp Cup,atp,atp_cup
2022-01-06,Rinderknech A.,Duckworth J.,1.658,2.1,oddsportal,Atp Cup,atp,atp_cup
2022-01-06,Shapovalov D.,Struff J-L.,1.658,2.1,oddsportal,Atp Cup,atp,atp_cup
2022-01-05,Medvedev D.,Berrettini M.,1.2,4.33,oddsportal,Atp Cup,atp,atp_cup
2022-01-05,Fritz T.,Norrie C.,1.719,2.0,oddsportal,Atp Cup,atp,atp_cup
2022-01-05,Evans D.,Isner J.,1.529,2.37,oddsportal,Atp Cup,atp,atp_cup
2022-01-05,Sinner J.,Safiullin R.,1.1,6.5,oddsportal,Atp Cup,atp,atp_cup
2022-01-05,Bautista-Agut R.,Lajovic D.,1.14,5.0,oddsportal,Atp Cup,atp,atp_cup
2022-01-05,Carreno-Busta P.,Krajinovic F.,1.4,2.75,oddsportal,Atp Cup,atp,atp_cup
2022-01-05,Pervolarakis M.,Metreveli A.,1.28,3.5,oddsportal,Atp Cup,atp,atp_cup
2022-01-04,Hurkacz H.,Schwartzman D.,2.0,1.719,oddsportal,Atp Cup,atp,atp_cup
2022-01-04,Ruud C.,Garin C.,1.16,4.5,oddsportal,Atp Cup,atp,atp_cup
2022-01-04,Tabilo A.,Durasovic V.,1.16,4.5,oddsportal,Atp Cup,atp,atp_cup
2022-01-04,Majchrzak K.,Delbonis F.,1.5,2.5,oddsportal,Atp Cup,atp,atp_cup
2022-01-04,Medvedev D.,De Minaur A.,1.16,4.5,oddsportal,Atp Cup,atp,atp_cup
2022-01-04,Auger-Aliassime F.,Norrie C.,1.901,1.8,oddsportal,Atp Cup,atp,atp_cup
2022-01-04,Safiullin R.,Duckworth J.,2.25,1.571,oddsportal,Atp Cup,atp,atp_cup
2022-01-04,Evans D.,Shapovalov D.,1.901,1.8,oddsportal,Atp Cup,atp,atp_cup
2022-01-03,Zverev A.,Fritz T.,1.25,3.75,oddsportal,Atp Cup,atp,atp_cup
2022-01-03,Berrettini M.,Humbert U.,1.61,2.2,oddsportal,Atp Cup,atp,atp_cup
2022-01-03,Sinner J.,Rinderknech A.,1.11,6.0,oddsportal,Atp Cup,atp,atp_cup
2022-01-03,Struff J-L.,Isner J.,2.62,1.441,oddsportal,Atp Cup,atp,atp_cup
2022-01-01,Krajinovic F.,Durasovic V.,1.11,6.0,oddsportal,Atp Cup,atp,atp_cup
2022-01-01,Majchrzak K.,Pervolarakis M.,1.11,6.0,oddsportal,Atp Cup,atp,atp_cup
2021-12-31,Bautista-Agut R.,Garin C.,1.3,3.4,oddsportal,Atp Cup,atp,atp_cup
2021-12-31,Schwartzman D.,Basilashvili N.,1.441,2.62,oddsportal,Atp Cup,atp,atp_cup
2021-12-31,Delbonis F.,Metreveli A.,1.11,6.0,oddsportal,Atp Cup,atp,atp_cup
2021-12-31,Carreno-Busta P.,Tabilo A.,1.14,5.0,oddsportal,Atp Cup,atp,atp_cup
2026-01-11,Hurkacz H.,Wawrinka S.,1.18,5.0,oddsportal,United Cup,atp,united_cup
2026-01-10,Hurkacz H.,Fritz T.,1.909,1.833,oddsportal,United Cup,atp,united_cup
2026-01-09,Bergs Z.,Wawrinka S.,1.4,3.4,oddsportal,United Cup,atp,united_cup
2026-01-09,De Minaur A.,Hurkacz H.,1.5,2.63,oddsportal,United Cup,atp,united_cup
2026-01-08,Bergs Z.,Mensik J.,2.75,1.5,oddsportal,United Cup,atp,united_cup
2026-01-07,Baez S.,Wawrinka S.,2.0,1.752,oddsportal,United Cup,atp,united_cup
2026-01-06,Tsitsipas S.,Fritz T.,3.0,1.42,oddsportal,United Cup,atp,united_cup
2026-01-06,Hurkacz H.,Griekspoor T.,1.42,2.7,oddsportal,United Cup,atp,united_cup
2026-01-06,De Minaur A.,Mensik J.,1.3,3.29,oddsportal,United Cup,atp,united_cup
2026-01-05,Rinderknech A.,Cobolli F.,2.04,1.719,oddsportal,United Cup,atp,united_cup
2026-01-05,Bergs Z.,Auger-Aliassime F.,4.0,1.22,oddsportal,United Cup,atp,united_cup
2026-01-05,Tsitsipas S.,Harris B.,1.22,4.0,oddsportal,United Cup,atp,united_cup
2026-01-05,Hurkacz H.,Zverev A.,4.2,1.2,oddsportal,United Cup,atp,united_cup
2026-01-04,Fritz T.,Munar J.,1.36,2.95,oddsportal,United Cup,atp,united_cup
2026-01-04,Mensik J.,Ruud C.,2.35,1.549,oddsportal,United Cup,atp,united_cup
2026-01-04,Cobolli F.,Wawrinka S.,1.3,3.29,oddsportal,United Cup,atp,united_cup
2026-01-04,Auger-Aliassime F.,Zhang Z.,1.26,3.6,oddsportal,United Cup,atp,united_cup
2026-01-03,Harris B.,Mochizuki S.,2.45,1.5,oddsportal,United Cup,atp,united_cup
2026-01-03,Zverev A.,Griekspoor T.,1.36,3.2,oddsportal,United Cup,atp,united_cup
2026-01-03,Baez S.,Fritz T.,7.5,1.07,oddsportal,United Cup,atp,united_cup
2026-01-03,Ruud C.,De Minaur A.,3.6,1.33,oddsportal,United Cup,atp,united_cup
2026-01-02,Wawrinka S.,Rinderknech A.,2.75,1.441,oddsportal,United Cup,atp,united_cup
2026-01-02,Zhang Z.,Bergs Z.,2.29,1.621,oddsportal,United Cup,atp,united_cup
2026-01-02,Tsitsipas S.,Mochizuki S.,1.4,3.2,oddsportal,United Cup,atp,united_cup
2026-01-01,Baez S.,Munar J.,5.0,1.22,oddsportal,United Cup,atp,united_cup
2025-01-05,Fritz T.,Hurkacz H.,1.35,3.4,oddsportal,United Cup,atp,united_cup
2025-01-03,Hurkacz H.,Shevchenko A.,1.3,4.0,oddsportal,United Cup,atp,united_cup
2025-01-03,Machac T.,Cobolli F.,1.529,2.4,oddsportal,United Cup,atp,united_cup
2025-01-02,Hurkacz H.,Harris B.,1.11,6.5,oddsportal,United Cup,atp,united_cup
2025-01-01,Fritz T.,Zhang Z.,1.13,6.0,oddsportal,United Cup,atp,united_cup
2025-01-01,De Minaur A.,Harris B.,1.05,11.0,oddsportal,United Cup,atp,united_cup
2024-12-31,Machac T.,Hurkacz H.,1.752,2.1,oddsportal,United Cup,atp,united_cup
2024-12-30,Fritz T.,Coric B.,1.2,4.5,oddsportal,United Cup,atp,united_cup
2024-12-30,Cobolli F.,Humbert U.,3.4,1.36,oddsportal,United Cup,atp,united_cup
2024-12-30,Zverev A.,Zhang Z.,1.11,6.5,oddsportal,United Cup,atp,united_cup
2024-12-30,Ruud C.,Hurkacz H.,1.671,2.2,oddsportal,United Cup,atp,united_cup
2024-12-29,Shevchenko A.,Tsitsipas S.,5.0,1.17,oddsportal,United Cup,atp,united_cup
2024-12-29,Etcheverry T. M.,Harris B.,1.29,3.75,oddsportal,United Cup,atp,united_cup
2024-12-29,Auger-Aliassime F.,Fritz T.,3.75,1.29,oddsportal,United Cup,atp,united_cup
2024-12-29,Cobolli F.,Stricker D.,1.481,2.75,oddsportal,United Cup,atp,united_cup
2024-12-29,Zverev A.,Monteiro T.,1.04,13.0,oddsportal,United Cup,atp,united_cup
2024-12-28,Ruud C.,Machac T.,1.671,2.29,oddsportal,United Cup,atp,united_cup
2024-12-28,Tsitsipas S.,Carreno-Busta P.,1.4,3.0,oddsportal,United Cup,atp,united_cup
2024-12-28,De Minaur A.,Etcheverry T. M.,1.22,5.0,oddsportal,United Cup,atp,united_cup
2024-12-27,Coric B.,Auger-Aliassime F.,3.2,1.36,oddsportal,United Cup,atp,united_cup
2024-12-27,Humbert U.,Stricker D.,1.2,4.5,oddsportal,United Cup,atp,united_cup
2024-12-27,Zhang Z.,Monteiro T.,1.441,2.75,oddsportal,United Cup,atp,united_cup
2024-12-26,Carreno-Busta P.,Shevchenko A.,1.671,2.2,oddsportal,United Cup,atp,united_cup
2024-01-07,Zverev A.,Hurkacz H.,1.73,2.1,oddsportal,United Cup,atp,united_cup
2024-01-06,De Minaur A.,Zverev A.,2.38,1.571,oddsportal,United Cup,atp,united_cup
2024-01-05,Hurkacz H.,Mannarino A.,1.4,3.0,oddsportal,United Cup,atp,united_cup
2024-01-05,Zverev A.,Tsitsipas S.,1.5,2.63,oddsportal,United Cup,atp,united_cup
2024-01-04,Ruud C.,Mannarino A.,1.529,2.5,oddsportal,United Cup,atp,united_cup
2024-01-03,De Minaur A.,Djokovic N.,7.0,1.1,oddsportal,United Cup,atp,united_cup
2024-01-03,Tsitsipas S.,Diez S.,1.03,17.0,oddsportal,United Cup,atp,united_cup
2024-01-02,Hurkacz H.,Zhang Z.,1.571,2.38,oddsportal,United Cup,atp,united_cup
2024-01-02,Mannarino A.,Sonego L.,1.671,2.2,oddsportal,United Cup,atp,united_cup
2024-01-02,Coric B.,Griekspoor T.,2.5,1.529,oddsportal,United Cup,atp,united_cup
2024-01-01,Djokovic N.,Lehecka J.,1.04,13.0,oddsportal,United Cup,atp,united_cup
2024-01-01,Jarry N.,Sakellaridis S.,1.03,15.0,oddsportal,United Cup,atp,united_cup
2024-01-01,De Minaur A.,Fritz T.,2.29,1.621,oddsportal,United Cup,atp,united_cup
2024-01-01,Zverev A.,Mannarino A.,1.17,5.0,oddsportal,United Cup,atp,united_cup
2023-12-31,Ruud C.,Coric B.,1.33,3.4,oddsportal,United Cup,atp,united_cup
2023-12-31,Davidovich Fokina A.,Hurkacz H.,2.63,1.5,oddsportal,United Cup,atp,united_cup
2023-12-31,Djokovic N.,Zhang Z.,1.05,11.0,oddsportal,United Cup,atp,united_cup
2023-12-31,Fritz T.,Norrie C.,1.529,2.5,oddsportal,United Cup,atp,united_cup
2023-12-30,Jarry N.,Diez S.,1.03,17.0,oddsportal,United Cup,atp,united_cup
2023-12-30,Hurkacz H.,Seyboth Wild T.,1.08,8.0,oddsportal,United Cup,atp,united_cup
2023-12-30,Zverev A.,Sonego L.,1.2,4.5,oddsportal,United Cup,atp,united_cup
2023-12-29,Zhang Z.,Lehecka J.,2.2,1.671,oddsportal,United Cup,atp,united_cup
2023-12-29,Ruud C.,Griekspoor T.,1.621,2.29,oddsportal,United Cup,atp,united_cup
2023-12-29,Norrie C.,De Minaur A.,2.75,1.441,oddsportal,United Cup,atp,united_cup
2023-12-28,Davidovich Fokina A.,Seyboth Wild T.,1.29,3.75,oddsportal,United Cup,atp,united_cup
2023-01-08,Fritz T.,Berrettini M.,1.671,2.2,oddsportal,United Cup,atp,united_cup
2023-01-07,Tsitsipas S.,Berrettini M.,1.671,2.1,oddsportal,United Cup,atp,united_cup
2023-01-06,Fritz T.,Hurkacz H.,1.621,2.2,oddsportal,United Cup,atp,united_cup
2023-01-06,Musetti L.,Sakellaridis S.,1.02,11.0,oddsportal,United Cup,atp,united_cup
2023-01-05,Tiafoe F.,Zuk K.,1.06,8.0,oddsportal,United Cup,atp,united_cup
2023-01-04,Tiafoe F.,Evans D.,1.529,2.38,oddsportal,United Cup,atp,united_cup
2023-01-04,Berrettini M.,Hurkacz H.,1.833,1.833,oddsportal,United Cup,atp,united_cup
2023-01-04,Tsitsipas S.,Coric B.,1.441,2.63,oddsportal,United Cup,atp,united_cup
2023-01-03,Norrie C.,Fritz T.,2.38,1.529,oddsportal,United Cup,atp,united_cup
2023-01-03,Musetti L.,Michalski D.,1.04,9.0,oddsportal,United Cup,atp,united_cup
2023-01-03,Gojo B.,Mannarino A.,2.63,1.441,oddsportal,United Cup,atp,united_cup
2023-01-03,Kubler J.,Ramos A.,1.621,2.2,oddsportal,United Cup,atp,united_cup
2023-01-03,Hurkacz H.,Wawrinka S.,1.441,2.63,oddsportal,United Cup,atp,united_cup
2023-01-02,Tiafoe F.,Otte O.,1.29,3.5,oddsportal,United Cup,atp,united_cup
2023-01-02,Berrettini M.,Ruud C.,2.1,1.671,oddsportal,United Cup,atp,united_cup
2023-01-02,Coric B.,Rinderknech A.,1.529,2.38,oddsportal,United Cup,atp,united_cup
2023-01-02,Huesler M.,Michalski D.,1.1,6.5,oddsportal,United Cup,atp,united_cup
2023-01-02,De Minaur A.,Nadal R.,2.63,1.441,oddsportal,United Cup,atp,united_cup
2023-01-02,Tsitsipas S.,Goffin D.,1.14,5.0,oddsportal,United Cup,atp,united_cup
2023-01-02,Musetti L.,Durasovic V.,1.04,9.0,oddsportal,United Cup,atp,united_cup
2023-01-01,Fritz T.,Zverev A.,1.4,2.75,oddsportal,United Cup,atp,united_cup
2023-01-01,Gojo B.,Coria F.,1.33,3.25,oddsportal,United Cup,atp,united_cup
2023-01-01,Evans D.,Ramos A.,1.25,3.75,oddsportal,United Cup,atp,united_cup
2023-01-01,Hurkacz H.,Bublik A.,1.33,3.25,oddsportal,United Cup,atp,united_cup
2022-12-29,Norrie C.,De Minaur A.,2.2,1.621,oddsportal,United Cup,atp,united_cup
2022-12-29,Tsitsipas S.,Dimitrov G.,1.29,3.5,oddsportal,United Cup,atp,united_cup
2022-12-28,Musetti L.,Meligeni Alves F.,1.08,7.0,oddsportal,United Cup,atp,united_cup
2022-12-28,Fritz T.,Lehecka J.,1.13,5.5,oddsportal,United Cup,atp,united_cup
2026-01-11,Bencic B.,Swiatek I.,3.2,1.36,oddsportal,United Cup,wta,united_cup
2026-01-10,Gauff C.,Swiatek I.,2.63,1.45,oddsportal,United Cup,wta,united_cup
2026-01-09,Bencic B.,Mertens E.,1.529,2.45,oddsportal,United Cup,wta,united_cup
2026-01-09,Swiatek I.,Joint M.,1.04,10.0,oddsportal,United Cup,wta,united_cup
2026-01-08,Mertens E.,Krejcikova B.,1.671,2.14,oddsportal,United Cup,wta,united_cup
2026-01-07,Bencic B.,Sierra S.,1.14,6.0,oddsportal,United Cup,wta,united_cup
2026-01-06,Gauff C.,Sakkari M.,1.3,3.5,oddsportal,United Cup,wta,united_cup
2026-01-06,Swiatek I.,Lamens S.,1.02,11.0,oddsportal,United Cup,wta,united_cup
2026-01-06,Krejcikova B.,Joint M.,1.752,2.0,oddsportal,United Cup,wta,united_cup
2026-01-06,Paolini J.,Jeanjean L.,1.12,5.5,oddsportal,United Cup,wta,united_cup
2026-01-05,Mertens E.,Mboko V.,2.29,1.571,oddsportal,United Cup,wta,united_cup
2026-01-05,Sakkari M.,Raducanu E.,1.901,1.847,oddsportal,United Cup,wta,united_cup
2026-01-05,Swiatek I.,Lys E.,1.03,10.5,oddsportal,United Cup,wta,united_cup
2026-01-04,Bouzas Maneiro J.,Gauff C.,7.0,1.08,oddsportal,United Cup,wta,united_cup
2026-01-04,Krejcikova B.,Helgo M.,1.04,9.0,oddsportal,United Cup,wta,united_cup
2026-01-04,Bencic B.,Paolini J.,2.0,1.752,oddsportal,United Cup,wta,united_cup
2026-01-04,Mboko V.,Zhu L.,1.21,4.09,oddsportal,United Cup,wta,united_cup
2026-01-03,Osaka N.,Swan K.,1.08,6.75,oddsportal,United Cup,wta,united_cup
2026-01-03,Lys E.,Lamens S.,1.3,3.75,oddsportal,United Cup,wta,united_cup
2026-01-03,Gauff C.,Sierra S.,1.09,6.75,oddsportal,United Cup,wta,united_cup
2026-01-03,Hunter S.,Helgo M.,1.3,3.29,oddsportal,United Cup,wta,united_cup
2026-01-02,Bencic B.,Jeanjean L.,1.12,5.5,oddsportal,United Cup,wta,united_cup
2026-01-02,Mertens E.,Zhu L.,1.4,3.0,oddsportal,United Cup,wta,united_cup
2026-01-02,Sakkari M.,Osaka N.,3.0,1.441,oddsportal,United Cup,wta,united_cup
2026-01-01,Sierra S.,Bouzas Maneiro J.,3.4,1.36,oddsportal,United Cup,wta,united_cup
2025-01-05,Gauff C.,Swiatek I.,2.38,1.571,oddsportal,United Cup,wta,united_cup
2025-01-04,Gauff C.,Muchova K.,1.621,2.29,oddsportal,United Cup,wta,united_cup
2025-01-03,Swiatek I.,Rybakina E.,1.5,2.65,oddsportal,United Cup,wta,united_cup
2025-01-03,Muchova K.,Paolini J.,1.621,2.25,oddsportal,United Cup,wta,united_cup
2025-01-02,Swiatek I.,Boulter K.,1.09,7.5,oddsportal,United Cup,wta,united_cup
2025-01-01,Gauff C.,Zhang S.,1.03,15.0,oddsportal,United Cup,wta,united_cup
2025-01-01,Boulter K.,Gadecki O.,1.28,4.0,oddsportal,United Cup,wta,united_cup
2024-12-31,Rybakina E.,Siegemund L.,1.1,7.0,oddsportal,United Cup,wta,united_cup
2024-12-31,Swiatek I.,Muchova K.,1.36,3.2,oddsportal,United Cup,wta,united_cup
2024-12-30,Gauff C.,Vekic D.,1.19,5.0,oddsportal,United Cup,wta,united_cup
2024-12-30,Paolini J.,Paquet C.,1.05,11.0,oddsportal,United Cup,wta,united_cup
2024-12-30,Gao X.,Siegemund L.,2.62,1.481,oddsportal,United Cup,wta,united_cup
2024-12-30,Swiatek I.,Helgo M.,1.01,29.0,oddsportal,United Cup,wta,united_cup
2024-12-29,Rybakina E.,Sakkari M.,1.14,6.5,oddsportal,United Cup,wta,united_cup
2024-12-29,Boulter K.,Podoroska N.,1.22,4.33,oddsportal,United Cup,wta,united_cup
2024-12-29,Gauff C.,Fernandez L.,1.29,3.75,oddsportal,United Cup,wta,united_cup
2024-12-29,Paolini J.,Bencic B.,1.8,2.0,oddsportal,United Cup,wta,united_cup
2024-12-28,Siegemund L.,Haddad Maia B.,3.0,1.4,oddsportal,United Cup,wta,united_cup
2024-12-28,Muchova K.,Helgo M.,1.02,21.0,oddsportal,United Cup,wta,united_cup
2024-12-28,Bouzas Maneiro J.,Sakkari M.,2.75,1.45,oddsportal,United Cup,wta,united_cup
2024-12-28,Podoroska N.,Gadecki O.,2.79,1.441,oddsportal,United Cup,wta,united_cup
2024-12-27,Fernandez L.,Vekic D.,1.8,2.0,oddsportal,United Cup,wta,united_cup
2024-12-27,Bencic B.,Paquet C.,1.11,6.5,oddsportal,United Cup,wta,united_cup
2024-12-27,Gao X.,Haddad Maia B.,7.0,1.1,oddsportal,United Cup,wta,united_cup
2024-12-26,Rybakina E.,Bouzas Maneiro J.,1.11,8.0,oddsportal,United Cup,wta,united_cup
2024-01-03,Sakkari M.,Fernandez L.,1.671,2.2,oddsportal,United Cup,wta,united_cup
2024-01-02,Garcia C.,Paolini J.,1.671,2.2,oddsportal,United Cup,wta,united_cup
2024-01-02,Vekic D.,Rus A.,1.529,2.5,oddsportal,United Cup,wta,united_cup
2024-01-01,Vondrousova M.,Danilovic O.,1.2,4.5,oddsportal,United Cup,wta,united_cup
2024-01-01,Sakkari M.,Seguel D.,1.02,19.0,oddsportal,United Cup,wta,united_cup
2024-01-01,Pegula J.,Tomljanovic A.,1.14,5.5,oddsportal,United Cup,wta,united_cup
2024-01-01,Garcia C.,Kerber A.,1.441,2.75,oddsportal,United Cup,wta,united_cup
2023-12-31,Swiatek I.,Sorribes Tormo S.,1.05,11.0,oddsportal,United Cup,wta,united_cup
2023-12-31,Vekic D.,Helgo M.,1.07,9.0,oddsportal,United Cup,wta,united_cup
2023-12-31,Zheng Q.,Danilovic O.,1.08,8.0,oddsportal,United Cup,wta,united_cup
2023-12-30,Boulter K.,Pegula J.,5.5,1.14,oddsportal,United Cup,wta,united_cup
2023-12-30,Fernandez L.,Seguel D.,1.02,19.0,oddsportal,United Cup,wta,united_cup
2023-12-30,Swiatek I.,Haddad Maia B.,1.13,6.0,oddsportal,United Cup,wta,united_cup
2023-12-30,Paolini J.,Kerber A.,1.5,2.63,oddsportal,United Cup,wta,united_cup
2023-12-29,Zheng Q.,Vondrousova M.,2.1,1.73,oddsportal,United Cup,wta,united_cup
2023-12-29,Rus A.,Helgo M.,1.08,8.0,oddsportal,United Cup,wta,united_cup
2023-12-29,Boulter K.,Tomljanovic A.,2.2,1.671,oddsportal,United Cup,wta,united_cup
2023-12-28,Haddad Maia B.,Sorribes Tormo S.,1.441,2.75,oddsportal,United Cup,wta,united_cup
2023-01-04,Linette M.,Bronzetti L.,1.36,3.0,oddsportal,United Cup,wta,united_cup
2023-01-04,Sakkari M.,Martic P.,1.33,3.25,oddsportal,United Cup,wta,united_cup
2023-01-04,Pegula J.,Dart H.,1.17,4.5,oddsportal,United Cup,wta,united_cup
2023-01-03,Vekic D.,Papamichail D.,1.11,6.0,oddsportal,United Cup,wta,united_cup
2023-01-03,Swiatek I.,Trevisan M.,1.04,9.0,oddsportal,United Cup,wta,united_cup
2023-01-03,Keys M.,Swan K.,1.2,4.33,oddsportal,United Cup,wta,united_cup
2023-01-03,Garcia C.,Martic P.,1.22,4.0,oddsportal,United Cup,wta,united_cup
2023-01-03,Linette M.,Teichmann J.,1.621,2.2,oddsportal,United Cup,wta,united_cup
2023-01-02,Sakkari M.,Mertens E.,1.529,2.38,oddsportal,United Cup,wta,united_cup
2023-01-02,Bronzetti L.,Eikeri U.,1.1,6.5,oddsportal,United Cup,wta,united_cup
2023-01-02,Pegula J.,Siegemund L.,1.13,5.5,oddsportal,United Cup,wta,united_cup
2023-01-02,Parrizas-Diaz N.,Inglis M.,1.4,2.75,oddsportal,United Cup,wta,united_cup
2023-01-02,Vekic D.,Cornet A.,1.8,1.909,oddsportal,United Cup,wta,united_cup
2023-01-02,Swiatek I.,Bencic B.,1.2,4.33,oddsportal,United Cup,wta,united_cup
2023-01-01,Van Uytvanck A.,Papamichail D.,1.22,4.0,oddsportal,United Cup,wta,united_cup
2023-01-01,Trevisan M.,Helgo M.,1.25,3.75,oddsportal,United Cup,wta,united_cup
2023-01-01,Keys M.,Niemeier J.,1.4,2.75,oddsportal,United Cup,wta,united_cup
2023-01-01,Linette M.,Kulambayeva Z.,1.04,9.0,oddsportal,United Cup,wta,united_cup
2023-01-01,Martic P.,Podoroska N.,1.29,3.5,oddsportal,United Cup,wta,united_cup
2023-01-01,Badosa P.,Dart H.,1.36,3.0,oddsportal,United Cup,wta,united_cup
2022-12-31,Pigossi L.,Eikeri U.,1.36,3.0,oddsportal,United Cup,wta,united_cup
2022-12-31,Kvitova P.,Siegemund L.,1.14,5.0,oddsportal,United Cup,wta,united_cup
2022-12-31,Swan K.,Parrizas-Diaz N.,1.8,1.909,oddsportal,United Cup,wta,united_cup
2022-12-31,Vekic D.,Carle M. L.,1.11,6.0,oddsportal,United Cup,wta,united_cup
2022-12-31,Swiatek I.,Putintseva Y.,1.07,7.5,oddsportal,United Cup,wta,united_cup
2022-12-30,Van Uytvanck A.,Shinikova I.,1.08,7.0,oddsportal,United Cup,wta,united_cup
2022-12-30,Bouzkova M.,Niemeier J.,1.5,2.5,oddsportal,United Cup,wta,united_cup
2025-11-16,Mboko V.,Zarazua R.,1.26,3.75,oddsportal,BJK WG singles,wta,bjk_cup
2025-11-16,Branstine C.,Garcia J.,1.12,6.0,oddsportal,BJK WG singles,wta,bjk_cup
2025-11-16,Swiatek I.,Lee G.,1.01,20.0,oddsportal,BJK WG singles,wta,bjk_cup
2025-11-16,Waltert S.,Sierra S.,2.04,1.719,oddsportal,BJK WG singles,wta,bjk_cup
2025-11-16,Noskova L.,Ruzic A.,1.11,6.25,oddsportal,BJK WG singles,wta,bjk_cup
2025-11-16,Vandewinkel H.,Seidel E.,2.9,1.4,oddsportal,BJK WG singles,wta,bjk_cup
2025-11-16,Klimovicova L.,Bertea E. R.,1.33,3.25,oddsportal,BJK WG singles,wta,bjk_cup
2025-11-16,Marcinko P.,Bartunkova N.,1.621,2.2,oddsportal,BJK WG singles,wta,bjk_cup
2025-11-16,Lamens S.,Yamalapalli S.,1.09,7.0,oddsportal,BJK WG singles,wta,bjk_cup
2025-11-16,Koevermans A.,Bhamidipaty S. R.,1.5,2.54,oddsportal,BJK WG singles,wta,bjk_cup
2025-11-15,Joint M.,Pigossi L.,1.2,4.4,oddsportal,BJK WG singles,wta,bjk_cup
2025-11-15,Munk Mortensen R.,Brace C.,3.5,1.28,oddsportal,BJK WG singles,wta,bjk_cup
2025-11-15,Waltert S.,Sramkova R.,1.649,2.14,oddsportal,BJK WG singles,wta,bjk_cup
2025-11-15,Lee G.,Tse E.,1.11,6.0,oddsportal,BJK WG singles,wta,bjk_cup
2025-11-15,Osorio C.,Ruzic A.,2.2,1.621,oddsportal,BJK WG singles,wta,bjk_cup
2025-11-15,Vandewinkel H.,Sonmez Z.,2.85,1.4,oddsportal,BJK WG singles,wta,bjk_cup
2025-11-15,Bertea E. R.,Yang V.,1.12,5.5,oddsportal,BJK WG singles,wta,bjk_cup
2025-11-15,Hruncakova V.,Bandecchi S.,1.671,2.1,oddsportal,BJK WG singles,wta,bjk_cup
2025-11-15,Aksu A.,Costoulas S.,2.79,1.4,oddsportal,BJK WG singles,wta,bjk_cup
2025-11-15,Juvan K.,Yamalapalli S.,1.06,7.75,oddsportal,BJK WG singles,wta,bjk_cup
2025-11-15,Zidansek T.,Bhamidipaty S. R.,1.3,3.29,oddsportal,BJK WG singles,wta,bjk_cup
2025-11-14,Pigossi L.,Jorge F.,2.2,1.649,oddsportal,BJK WG singles,wta,bjk_cup
2025-11-14,Zarazua R.,Svendsen J. C.,1.16,5.0,oddsportal,BJK WG singles,wta,bjk_cup
2025-11-14,Munk Mortensen R.,Rodriguez V.,2.5,1.481,oddsportal,BJK WG singles,wta,bjk_cup
2025-11-14,Swiatek I.,Tse E.,1.01,14.5,oddsportal,BJK WG singles,wta,bjk_cup
2025-11-14,Sierra S.,Sramkova R.,2.0,1.781,oddsportal,BJK WG singles,wta,bjk_cup
2025-11-14,Sonmez Z.,Lys E.,2.6,1.481,oddsportal,BJK WG singles,wta,bjk_cup
2025-11-14,Noskova L.,Osorio C.,1.25,3.8,oddsportal,BJK WG singles,wta,bjk_cup
2025-11-14,Juvan K.,Lamens S.,1.901,1.847,oddsportal,BJK WG singles,wta,bjk_cup
2025-04-12,Pera B.,Svendsen J. C.,1.07,8.0,oddsportal,BJK WG singles,wta,bjk_cup
2025-04-12,Lamens S.,Boulter K.,2.25,1.621,oddsportal,BJK WG singles,wta,bjk_cup
2025-04-12,Kartal S.,Vedder E.,1.45,2.7,oddsportal,BJK WG singles,wta,bjk_cup
2025-04-12,Shibahara E.,Bulgaru M.,1.2,4.4,oddsportal,BJK WG singles,wta,bjk_cup
2025-04-11,Birrell K.,Lizarazo Y.,1.04,10.5,oddsportal,BJK WG singles,wta,bjk_cup
2025-04-11,Bouzas Maneiro J.,Haddad Maia B.,2.14,1.671,oddsportal,BJK WG singles,wta,bjk_cup
2025-04-11,Sramkova R.,Svendsen J. C.,1.04,9.75,oddsportal,BJK WG singles,wta,bjk_cup
2025-04-11,Svitolina E.,Chwalinska M.,1.08,7.5,oddsportal,BJK WG singles,wta,bjk_cup
2025-04-11,Boulter K.,Maria T.,1.34,3.2,oddsportal,BJK WG singles,wta,bjk_cup
2025-04-11,Hruncakova V.,Munk Mortensen R.,1.16,5.0,oddsportal,BJK WG singles,wta,bjk_cup
2025-04-11,Kostyuk M.,Kawa K.,1.08,7.5,oddsportal,BJK WG singles,wta,bjk_cup
2025-04-11,Sorribes Tormo S.,Pigossi L.,1.14,5.5,oddsportal,BJK WG singles,wta,bjk_cup
2025-04-11,Kartal S.,Niemeier J.,1.671,2.14,oddsportal,BJK WG singles,wta,bjk_cup
2025-04-11,Stakusic M.,Todoni A. A.,2.54,1.5,oddsportal,BJK WG singles,wta,bjk_cup
2025-04-11,Mboko V.,Bulgaru M.,1.2,4.4,oddsportal,BJK WG singles,wta,bjk_cup
2025-04-10,Putintseva Y.,Mediorreal A. V.,1.01,23.0,oddsportal,BJK WG singles,wta,bjk_cup
2025-04-10,Linette M.,Golubic V.,1.42,2.79,oddsportal,BJK WG singles,wta,bjk_cup
2025-04-10,Noskova L.,Haddad Maia B.,1.2,4.4,oddsportal,BJK WG singles,wta,bjk_cup
2025-04-10,Bouzkova M.,Pigossi L.,1.07,8.0,oddsportal,BJK WG singles,wta,bjk_cup
2025-04-10,Kawa K.,Teichmann J.,2.45,1.529,oddsportal,BJK WG singles,wta,bjk_cup
2025-04-10,Lamens S.,Maria T.,1.719,2.1,oddsportal,BJK WG singles,wta,bjk_cup
2025-04-10,Vedder E.,Niemeier J.,4.75,1.18,oddsportal,BJK WG singles,wta,bjk_cup
2025-04-10,Rybakina E.,Birrell K.,1.2,4.33,oddsportal,BJK WG singles,wta,bjk_cup
2025-04-09,Putintseva Y.,Joint M.,1.441,2.75,oddsportal,BJK WG singles,wta,bjk_cup
2024-11-20,Paolini J.,Sramkova R.,1.3,3.4,oddsportal,BJK WG singles,wta,bjk_cup
2024-11-20,Bronzetti L.,Hruncakova V.,1.4,2.75,oddsportal,BJK WG singles,wta,bjk_cup
2024-11-19,Sramkova R.,Boulter K.,2.25,1.671,oddsportal,BJK WG singles,wta,bjk_cup
2024-11-19,Raducanu E.,Hruncakova V.,1.17,5.0,oddsportal,BJK WG singles,wta,bjk_cup
2024-11-18,Swiatek I.,Paolini J.,1.17,5.25,oddsportal,BJK WG singles,wta,bjk_cup
2024-11-18,Bronzetti L.,Linette M.,2.9,1.4,oddsportal,BJK WG singles,wta,bjk_cup
2024-11-17,Boulter K.,Fernandez L.,1.901,1.87,oddsportal,BJK WG singles,wta,bjk_cup
2024-11-17,Burel C.,Arango E.,1.549,2.4,oddsportal,BJK WG singles,wta,bjk_cup
2024-11-17,Kraus S.,Tsurenko L.,3.25,1.33,oddsportal,BJK WG singles,wta,bjk_cup
2024-11-17,Raducanu E.,Marino R.,1.36,3.1,oddsportal,BJK WG singles,wta,bjk_cup
2024-11-17,Osorio C.,Gracheva V.,1.5,2.5,oddsportal,BJK WG singles,wta,bjk_cup
2024-11-17,Sramkova R.,Tomljanovic A.,1.571,2.35,oddsportal,BJK WG singles,wta,bjk_cup
2024-11-17,Hruncakova V.,Birrell K.,2.45,1.529,oddsportal,BJK WG singles,wta,bjk_cup
2024-11-17,Vandewinkel H.,Wei S.,3.75,1.36,oddsportal,BJK WG singles,wta,bjk_cup
2024-11-16,Kraus S.,Zavatska K.,1.847,1.847,oddsportal,BJK WG singles,wta,bjk_cup
2024-11-16,Swiatek I.,Noskova L.,1.12,6.0,oddsportal,BJK WG singles,wta,bjk_cup
2024-11-16,Ortenzi J.,Pigossi L.,2.79,1.42,oddsportal,BJK WG singles,wta,bjk_cup
2024-11-16,Osorio C.,Burel C.,1.3,3.4,oddsportal,BJK WG singles,wta,bjk_cup
2024-11-16,Tsurenko L.,Paszek T.,1.2,4.33,oddsportal,BJK WG singles,wta,bjk_cup
2024-11-16,Haddad Maia B.,Sierra S.,1.22,4.09,oddsportal,BJK WG singles,wta,bjk_cup
2024-11-16,Bouzkova M.,Frech M.,1.901,1.87,oddsportal,BJK WG singles,wta,bjk_cup
2024-11-16,Parry D.,Arango E.,1.3,3.4,oddsportal,BJK WG singles,wta,bjk_cup
2024-11-16,Svendsen J. C.,Olmos G.,1.45,2.75,oddsportal,BJK WG singles,wta,bjk_cup
2024-11-16,Golubic V.,Radivojevic L.,1.29,3.5,oddsportal,BJK WG singles,wta,bjk_cup
2024-11-15,Linette M.,Sorribes Tormo S.,1.481,2.63,oddsportal,BJK WG singles,wta,bjk_cup
2024-11-14,Sramkova R.,Collins D.,2.38,1.671,oddsportal,BJK WG singles,wta,bjk_cup
2024-11-14,Townsend T.,Jamrichova R.,1.22,4.09,oddsportal,BJK WG singles,wta,bjk_cup
2024-11-14,Shibahara E.,Cristian J.,2.4,1.621,oddsportal,BJK WG singles,wta,bjk_cup
2024-11-14,Bogdan A.,Hibino N.,1.5,2.7,oddsportal,BJK WG singles,wta,bjk_cup
2023-11-12,Fernandez L.,Paolini J.,1.529,2.38,oddsportal,BJK WG singles,wta,bjk_cup
2023-11-12,Wickmayer Y.,Galfi D.,1.4,2.75,oddsportal,BJK WG singles,wta,bjk_cup
2023-11-12,Stakusic M.,Trevisan M.,2.75,1.4,oddsportal,BJK WG singles,wta,bjk_cup
2023-11-12,Paszek T.,Olmos G.,1.5,2.5,oddsportal,BJK WG singles,wta,bjk_cup
2023-11-12,Boulter K.,Rinaldo Persson K.,1.18,4.5,oddsportal,BJK WG singles,wta,bjk_cup
2023-11-12,Contreras Gomez F.,Kraus S.,2.63,1.441,oddsportal,BJK WG singles,wta,bjk_cup
2023-11-12,Minnen G.,Bondar A.,1.529,2.38,oddsportal,BJK WG singles,wta,bjk_cup
2023-11-12,Yastremska D.,Lamens S.,1.3,3.4,oddsportal,BJK WG singles,wta,bjk_cup
2023-11-12,Kalinina A.,Rus A.,1.571,2.25,oddsportal,BJK WG singles,wta,bjk_cup
2023-11-11,Fernandez L.,Vondrousova M.,3.25,1.33,oddsportal,BJK WG singles,wta,bjk_cup
2023-11-11,Boulter K.,Hennemann C. W.,1.1,7.0,oddsportal,BJK WG singles,wta,bjk_cup
2023-11-11,Krejcikova B.,Stakusic M.,1.13,5.5,oddsportal,BJK WG singles,wta,bjk_cup
2023-11-11,Wickmayer Y.,Bondar A.,1.4,2.75,oddsportal,BJK WG singles,wta,bjk_cup
2023-11-11,Kraus S.,Olmos G.,1.14,5.5,oddsportal,BJK WG singles,wta,bjk_cup
2023-11-11,Rinaldo Persson K.,Burrage J.,5.5,1.14,oddsportal,BJK WG singles,wta,bjk_cup
2023-11-11,Hruncakova V.,Riera J.,1.4,2.75,oddsportal,BJK WG singles,wta,bjk_cup
2023-11-11,Galfi D.,Minnen G.,3.25,1.33,oddsportal,BJK WG singles,wta,bjk_cup
2023-11-11,Haddad Maia B.,Park S.,1.04,13.0,oddsportal,BJK WG singles,wta,bjk_cup
2023-11-11,Contreras Gomez F.,Paszek T.,1.671,2.1,oddsportal,BJK WG singles,wta,bjk_cup
2023-11-11,Paolini J.,Zidansek T.,1.36,3.0,oddsportal,BJK WG singles,wta,bjk_cup
2023-11-11,Kalinina A.,Lamens S.,1.13,6.0,oddsportal,BJK WG singles,wta,bjk_cup
2023-11-11,Trevisan M.,Juvan K.,1.5,2.5,oddsportal,BJK WG singles,wta,bjk_cup
2023-11-10,Osorio C.,Hibino N.,1.529,2.38,oddsportal,BJK WG singles,wta,bjk_cup
2023-11-09,Trevisan M.,Lys E.,1.833,1.833,oddsportal,BJK WG singles,wta,bjk_cup
2023-11-09,Hunter S.,Danilina A.,1.1,7.0,oddsportal,BJK WG singles,wta,bjk_cup
2023-11-08,Stakusic M.,Masarova R.,4.5,1.18,oddsportal,BJK WG singles,wta,bjk_cup
2023-11-08,Paolini J.,Garcia C.,2.2,1.621,oddsportal,BJK WG singles,wta,bjk_cup
2023-11-07,Bouzkova M.,Golubic V.,1.5,2.5,oddsportal,BJK WG singles,wta,bjk_cup
2023-11-07,Noskova L.,Naef C.,1.29,3.5,oddsportal,BJK WG singles,wta,bjk_cup
2023-11-07,Zidansek T.,Saville D.,2.25,1.571,oddsportal,BJK WG singles,wta,bjk_cup
2023-11-07,Juvan K.,Tomljanovic A.,2.1,1.671,oddsportal,BJK WG singles,wta,bjk_cup
2022-11-13,Bencic B.,Tomljanovic A.,1.33,3.25,oddsportal,BJK WG singles,wta,bjk_cup
2022-11-13,Teichmann J.,Hunter S.,1.719,2.0,oddsportal,BJK WG singles,wta,bjk_cup
2022-11-12,Zacarias M.,Stevanovic N.,1.833,1.833,oddsportal,BJK WG singles,wta,bjk_cup
2022-11-12,Bencic B.,Pliskova Ka.,1.441,2.62,oddsportal,BJK WG singles,wta,bjk_cup
2022-11-12,Golubic V.,Muchova K.,2.62,1.441,oddsportal,BJK WG singles,wta,bjk_cup
2022-11-12,Niemeier J.,Konjuh A.,1.5,2.5,oddsportal,BJK WG singles,wta,bjk_cup
2022-11-12,Dart H.,Tomljanovic A.,3.25,1.33,oddsportal,BJK WG singles,wta,bjk_cup
2022-11-12,Juvan K.,Zheng Q.,2.5,1.5,oddsportal,BJK WG singles,wta,bjk_cup
2022-11-12,Ostapenko J.,Kraus S.,1.25,3.75,oddsportal,BJK WG singles,wta,bjk_cup
2022-11-11,Kostyuk M.,Uchijima M.,1.2,4.33,oddsportal,BJK WG singles,wta,bjk_cup
2022-11-11,Zacarias M.,Radivojevic L.,1.658,2.1,oddsportal,BJK WG singles,wta,bjk_cup
2022-11-11,Zarazua R.,Danilovic O.,2.62,1.441,oddsportal,BJK WG singles,wta,bjk_cup
2022-11-11,Siniakova K.,Gauff C.,3.0,1.36,oddsportal,BJK WG singles,wta,bjk_cup
2022-11-11,Vondrousova M.,Collins D.,2.0,1.719,oddsportal,BJK WG singles,wta,bjk_cup
2022-11-11,Ormaechea P.,Pigossi L.,1.719,2.0,oddsportal,BJK WG singles,wta,bjk_cup
2022-11-11,Marcinko P.,Niemeier J.,2.75,1.4,oddsportal,BJK WG singles,wta,bjk_cup
2022-11-11,Juvan K.,Wang Xin.,1.719,2.0,oddsportal,BJK WG singles,wta,bjk_cup
2022-11-10,Andreescu B.,Cocciaretto E.,1.3,3.4,oddsportal,BJK WG singles,wta,bjk_cup
2022-11-10,Hunter S.,Van Uytvanck A.,2.1,1.658,oddsportal,BJK WG singles,wta,bjk_cup
2022-11-09,Linette M.,Keys M.,3.0,1.36,oddsportal,BJK WG singles,wta,bjk_cup
2022-11-09,Badosa P.,Rybakina E.,2.37,1.529,oddsportal,BJK WG singles,wta,bjk_cup
2022-11-09,Collins D.,Frech M.,1.18,4.5,oddsportal,BJK WG singles,wta,bjk_cup
2022-11-09,Parrizas-Diaz N.,Putintseva Y.,3.25,1.33,oddsportal,BJK WG singles,wta,bjk_cup
2022-11-09,Bencic B.,Paolini J.,1.28,3.5,oddsportal,BJK WG singles,wta,bjk_cup
2022-11-09,Schmiedlova A. K.,Zanevska M.,2.2,1.61,oddsportal,BJK WG singles,wta,bjk_cup
2022-11-09,Teichmann J.,Cocciaretto E.,1.441,2.62,oddsportal,BJK WG singles,wta,bjk_cup
2022-11-09,Hruncakova V.,Bonaventure Y.,1.5,2.5,oddsportal,BJK WG singles,wta,bjk_cup
2022-11-08,Rybakina E.,Dart H.,1.14,5.5,oddsportal,BJK WG singles,wta,bjk_cup
2022-11-08,Putintseva Y.,Boulter K.,1.61,2.2,oddsportal,BJK WG singles,wta,bjk_cup
2022-11-08,Tomljanovic A.,Schmiedlova A. K.,1.16,5.0,oddsportal,BJK WG singles,wta,bjk_cup
2022-11-08,Hunter S.,Hruncakova V.,1.833,1.833,oddsportal,BJK WG singles,wta,bjk_cup
2025-04-12,Sanchez A. S.,Riera J.,3.75,1.28,oddsportal,BJK G1 singles,wta,bjk_cup
2025-04-12,Cabezas Dominguez E.,Franco Martinessi P.,1.01,17.0,oddsportal,BJK G1 singles,wta,bjk_cup
2025-04-12,Vergara Rivera A.,Weedon K.,1.571,2.25,oddsportal,BJK G1 singles,wta,bjk_cup
2025-04-12,Balderrama S.,Delmas Schaerer C.,1.22,4.0,oddsportal,BJK G1 singles,wta,bjk_cup
2025-04-12,Gerald Gonzalez J. G.,Chavez Vicente N. M.,1.08,7.0,oddsportal,BJK G1 singles,wta,bjk_cup
2025-04-12,Rodriguez V.,Ortenzi J.,2.5,1.5,oddsportal,BJK G1 singles,wta,bjk_cup
2025-04-12,Back D.,Yamalapalli S.,1.571,2.25,oddsportal,BJK G1 singles,wta,bjk_cup
2025-04-12,Jorge F.,Lovric P.,1.29,3.5,oddsportal,BJK G1 singles,wta,bjk_cup
2025-04-12,Das A.,Chong E.,7.0,1.08,oddsportal,BJK G1 singles,wta,bjk_cup
2025-04-12,Garland J.,Sawangkaew M.,2.38,1.529,oddsportal,BJK G1 singles,wta,bjk_cup
2025-04-12,Mikulskyte J.,Grabher J.,1.847,1.847,oddsportal,BJK G1 singles,wta,bjk_cup
2025-04-12,Ristic M.,Ruzic A.,4.0,1.22,oddsportal,BJK G1 singles,wta,bjk_cup
2025-04-12,Bhamidipaty S. R.,Park S.,1.847,1.847,oddsportal,BJK G1 singles,wta,bjk_cup
2025-04-12,Ng M.,Situe S.,1.33,3.25,oddsportal,BJK G1 singles,wta,bjk_cup
2025-04-12,Bubelyte K.,Perelygina E.,1.441,2.63,oddsportal,BJK G1 singles,wta,bjk_cup
2025-04-12,Marcinko P.,Kostovic T.,1.833,1.833,oddsportal,BJK G1 singles,wta,bjk_cup
2025-04-11,Weedon K.,Cabezas Dominguez E.,4.33,1.2,oddsportal,BJK G1 singles,wta,bjk_cup
2025-04-11,Sanchez A. S.,Vergara Rivera A.,1.07,7.5,oddsportal,BJK G1 singles,wta,bjk_cup
2025-04-11,Riera J.,Britez Risso L. F.,1.08,7.0,oddsportal,BJK G1 singles,wta,bjk_cup
2025-04-11,Balderrama S.,Balseiro C.,1.671,2.1,oddsportal,BJK G1 singles,wta,bjk_cup
2025-04-11,Ortenzi J.,Lopez Ocampos V.,1.01,17.0,oddsportal,BJK G1 singles,wta,bjk_cup
2025-04-11,Rodriguez V.,Gerald Gonzalez J. G.,1.2,4.33,oddsportal,BJK G1 singles,wta,bjk_cup
2025-04-11,Bhamidipaty S. R.,Garland J.,4.33,1.2,oddsportal,BJK G1 singles,wta,bjk_cup
2025-04-11,Sun L.,Sawangkaew M.,1.441,2.62,oddsportal,BJK G1 singles,wta,bjk_cup
2025-04-11,Minnen G.,Gracheva V.,1.5,2.5,oddsportal,BJK G1 singles,wta,bjk_cup
2025-04-11,Back D.,Wong Hong Yi C.,1.73,2.0,oddsportal,BJK G1 singles,wta,bjk_cup
2025-04-11,Matoula M.,Zaar L.,2.25,1.571,oddsportal,BJK G1 singles,wta,bjk_cup
2025-04-11,Sonmez Z.,Bondar A.,1.571,2.5,oddsportal,BJK G1 singles,wta,bjk_cup
2025-04-11,Aksu A.,Toth A. K.,2.5,1.5,oddsportal,BJK G1 singles,wta,bjk_cup
2025-04-10,Marcinko P.,Zeltina B.,1.17,4.5,oddsportal,BJK G1 singles,wta,bjk_cup
2025-04-09,Britez Risso L. F.,Weedon K.,1.671,2.1,oddsportal,BJK G1 singles,wta,bjk_cup
2025-04-09,Riera J.,Labrana F.,1.1,6.5,oddsportal,BJK G1 singles,wta,bjk_cup
2025-04-09,Sanchez A. S.,Cabezas Dominguez E.,1.36,3.0,oddsportal,BJK G1 singles,wta,bjk_cup
2025-04-09,Rodriguez V.,Marruffo L.,1.01,17.0,oddsportal,BJK G1 singles,wta,bjk_cup
2025-04-09,Balseiro C.,Delmas Schaerer C.,1.36,3.0,oddsportal,BJK G1 singles,wta,bjk_cup
2025-04-09,Ortenzi J.,Vergara Rivera A.,1.25,3.75,oddsportal,BJK G1 singles,wta,bjk_cup
2025-04-09,Garland J.,Wong Hong Yi C.,1.17,4.5,oddsportal,BJK G1 singles,wta,bjk_cup
2025-04-09,Semenistaja D.,Grabher J.,1.73,2.1,oddsportal,BJK G1 singles,wta,bjk_cup
2025-04-09,Ruzic A.,Jorge F.,1.17,4.5,oddsportal,BJK G1 singles,wta,bjk_cup
2025-04-09,Sun L.,Back D.,1.08,7.5,oddsportal,BJK G1 singles,wta,bjk_cup
2025-04-09,Minnen G.,Bondar A.,1.5,2.5,oddsportal,BJK G1 singles,wta,bjk_cup
2025-04-09,Sonmez Z.,Gracheva V.,1.847,1.847,oddsportal,BJK G1 singles,wta,bjk_cup
2025-04-08,Vergara Rivera A.,Cabezas Dominguez E.,3.2,1.3,oddsportal,BJK G1 singles,wta,bjk_cup
2025-04-08,Sanchez A. S.,Britez Risso L. F.,1.441,2.63,oddsportal,BJK G1 singles,wta,bjk_cup
2025-04-08,Riera J.,Weedon K.,1.08,8.0,oddsportal,BJK G1 singles,wta,bjk_cup
2025-04-08,Rodriguez V.,Franco Martinessi P.,1.02,11.0,oddsportal,BJK G1 singles,wta,bjk_cup
2025-04-08,Sawangkaew M.,Wong Hong Yi C.,1.3,3.4,oddsportal,BJK G1 singles,wta,bjk_cup
2025-04-08,Jorge F.,Semenistaja D.,2.25,1.571,oddsportal,BJK G1 singles,wta,bjk_cup
2025-04-08,Sun L.,Yamalapalli S.,1.17,4.59,oddsportal,BJK G1 singles,wta,bjk_cup
2025-04-08,Back D.,Garland J.,3.4,1.3,oddsportal,BJK G1 singles,wta,bjk_cup
2025-04-08,Mikulskyte J.,Lovric P.,1.28,4.33,oddsportal,BJK G1 singles,wta,bjk_cup
2025-04-08,Minnen G.,Matoula M.,1.05,8.5,oddsportal,BJK G1 singles,wta,bjk_cup
2025-04-08,Gracheva V.,Zaar L.,1.13,5.5,oddsportal,BJK G1 singles,wta,bjk_cup
2025-04-08,Grabher J.,Ruzic A.,3.75,1.3,oddsportal,BJK G1 singles,wta,bjk_cup
2025-04-08,Bhamidipaty S. R.,Das A.,1.06,8.0,oddsportal,BJK G1 singles,wta,bjk_cup
2024-04-13,Gamiz A.,Ponce S. V.,1.03,10.0,oddsportal,BJK G1 singles,wta,bjk_cup
2024-04-13,Riera J.,Perez Garcia M. P.,1.06,8.0,oddsportal,BJK G1 singles,wta,bjk_cup
2024-04-13,Seguel D.,Ccuno R.,1.13,5.5,oddsportal,BJK G1 singles,wta,bjk_cup
2024-04-13,Vergara Rivera A.,Maguina Bunikowska F.,1.29,3.5,oddsportal,BJK G1 singles,wta,bjk_cup
2024-04-13,Lizarazo Y.,Capurro Taborda M.,3.75,1.25,oddsportal,BJK G1 singles,wta,bjk_cup
2024-04-13,Lamens S.,Kraus S.,1.571,2.25,oddsportal,BJK G1 singles,wta,bjk_cup
2024-04-13,Jorge F.,Topalova G.,1.571,2.25,oddsportal,BJK G1 singles,wta,bjk_cup
2024-04-13,Karatancheva L.,Voloshchuk A.,1.621,2.2,oddsportal,BJK G1 singles,wta,bjk_cup
2024-04-13,Paszek T.,Koevermans A.,1.571,2.25,oddsportal,BJK G1 singles,wta,bjk_cup
2024-04-13,Buyukakcay C.,Nagy A.,1.5,2.5,oddsportal,BJK G1 singles,wta,bjk_cup
2024-04-13,Svendsen J. C.,Lachinova A.,1.13,5.5,oddsportal,BJK G1 singles,wta,bjk_cup
2024-04-13,Sun L.,Raina A.,1.29,3.5,oddsportal,BJK G1 singles,wta,bjk_cup
2024-04-12,Carle M. L.,Seguel D.,1.2,4.33,oddsportal,BJK G1 singles,wta,bjk_cup
2024-04-12,Perez Garcia M. P.,Gamiz A.,2.5,1.5,oddsportal,BJK G1 singles,wta,bjk_cup
2024-04-12,Romero C.,Castro Z. M.,1.13,5.5,oddsportal,BJK G1 singles,wta,bjk_cup
2024-04-12,Lizarazo Y.,Suarez V.,1.441,2.63,oddsportal,BJK G1 singles,wta,bjk_cup
2024-04-12,Riera J.,Labrana F.,1.06,8.0,oddsportal,BJK G1 singles,wta,bjk_cup
2024-04-12,Tauson C.,Sakkari M.,3.4,1.3,oddsportal,BJK G1 singles,wta,bjk_cup
2024-04-12,Eikeri U.,Tomova V.,8.0,1.06,oddsportal,BJK G1 singles,wta,bjk_cup
2024-04-12,Kraus S.,Ristic M.,1.621,2.2,oddsportal,BJK G1 singles,wta,bjk_cup
2024-04-12,Szabanin N.,Cabaj Awad J.,1.529,2.38,oddsportal,BJK G1 singles,wta,bjk_cup
2024-04-12,Nagy A.,Nilsson L.,1.571,2.25,oddsportal,BJK G1 singles,wta,bjk_cup
2024-04-12,Paszek T.,Milovanovic E.,1.5,2.5,oddsportal,BJK G1 singles,wta,bjk_cup
2024-04-12,Topalova G.,Sartz-Lunde E.,1.36,3.0,oddsportal,BJK G1 singles,wta,bjk_cup
2024-04-12,Svendsen J. C.,Grammatikopoulou V.,2.63,1.441,oddsportal,BJK G1 singles,wta,bjk_cup
2024-04-10,Bhosale R.,Chan H-C.,1.36,3.0,oddsportal,BJK G1 singles,wta,bjk_cup
2024-04-10,Zhu L.,Ivanov V.,1.08,7.0,oddsportal,BJK G1 singles,wta,bjk_cup
2024-04-10,Seguel D.,Perez Garcia M. P.,1.1,6.5,oddsportal,BJK G1 singles,wta,bjk_cup
2024-04-10,Riera J.,Andrade Sabando T. I.,1.03,10.0,oddsportal,BJK G1 singles,wta,bjk_cup
2024-04-10,Capurro Taborda M.,Ponce S. V.,1.05,8.5,oddsportal,BJK G1 singles,wta,bjk_cup
2024-04-10,Lizarazo Y.,Vergara Rivera A.,1.833,1.833,oddsportal,BJK G1 singles,wta,bjk_cup
2024-04-10,Sakkari M.,Helgo M.,1.06,8.0,oddsportal,BJK G1 singles,wta,bjk_cup
2024-04-10,Ristic M.,Hennemann C. W.,1.671,2.1,oddsportal,BJK G1 singles,wta,bjk_cup
2024-04-10,Tauson C.,Szabanin N.,1.1,6.5,oddsportal,BJK G1 singles,wta,bjk_cup
2024-04-10,Ostapenko J.,Sonmez Z.,1.14,5.0,oddsportal,BJK G1 singles,wta,bjk_cup
2024-04-10,Koevermans A.,Jorge M.,1.441,2.63,oddsportal,BJK G1 singles,wta,bjk_cup
2024-04-10,Oz I.,Semenistaja D.,2.2,1.621,oddsportal,BJK G1 singles,wta,bjk_cup
2024-04-10,Grammatikopoulou V.,Sartz-Lunde E.,1.25,3.75,oddsportal,BJK G1 singles,wta,bjk_cup
2024-04-10,Krunic A.,Rinaldo Persson K.,1.36,3.0,oddsportal,BJK G1 singles,wta,bjk_cup
2024-04-10,Svendsen J. C.,Nagy A.,1.671,2.1,oddsportal,BJK G1 singles,wta,bjk_cup
2024-04-10,Paszek T.,Karatancheva L.,1.36,3.0,oddsportal,BJK G1 singles,wta,bjk_cup
2024-04-10,Vedder E.,Garcia M.,1.17,4.5,oddsportal,BJK G1 singles,wta,bjk_cup
2024-04-10,Jang S. J.,Yang Y. Y.,1.36,3.0,oddsportal,BJK G1 singles,wta,bjk_cup
2024-04-10,Zheng Q.,Raina A.,1.05,8.5,oddsportal,BJK G1 singles,wta,bjk_cup
2024-04-09,Ku Y.,Liang E. S.,2.63,1.441,oddsportal,BJK G1 singles,wta,bjk_cup
2024-04-09,Wang Xin.,Yamalapalli S.,1.03,10.5,oddsportal,BJK G1 singles,wta,bjk_cup
2024-04-09,Riera J.,Ccuno R.,1.03,10.5,oddsportal,BJK G1 singles,wta,bjk_cup
2024-04-09,Seguel D.,Gamiz A.,1.36,3.0,oddsportal,BJK G1 singles,wta,bjk_cup
2024-04-09,Perez Garcia M. P.,Romero C.,2.63,1.441,oddsportal,BJK G1 singles,wta,bjk_cup
2024-04-09,Suarez V.,Labrana F.,3.0,1.36,oddsportal,BJK G1 singles,wta,bjk_cup
2024-04-08,Hennemann C. W.,Grammatikopoulou V.,1.833,1.833,oddsportal,BJK G1 singles,wta,bjk_cup
2024-04-08,Ostapenko J.,Jorge F.,1.07,7.5,oddsportal,BJK G1 singles,wta,bjk_cup
2024-04-08,Tauson C.,Grabher J.,1.441,2.63,oddsportal,BJK G1 singles,wta,bjk_cup
2024-04-08,Oz I.,Koevermans A.,1.5,2.5,oddsportal,BJK G1 singles,wta,bjk_cup
2024-04-08,Krunic A.,Eikeri U.,1.33,3.25,oddsportal,BJK G1 singles,wta,bjk_cup
2024-04-08,Nagy A.,Topalova G.,2.63,1.441,oddsportal,BJK G1 singles,wta,bjk_cup
2024-04-08,Papamichail D.,Rinaldo Persson K.,1.5,2.5,oddsportal,BJK G1 singles,wta,bjk_cup
2024-04-08,Semenistaja D.,Voloshchuk A.,1.14,5.0,oddsportal,BJK G1 singles,wta,bjk_cup
2023-04-15,Bhosale R.,Ku Y.,2.5,1.5,oddsportal,BJK G1 singles,wta,bjk_cup
2023-04-15,Rinaldo Persson K.,Jani R-L.,1.833,1.833,oddsportal,BJK G1 singles,wta,bjk_cup
2023-04-15,Tauson C.,Samir S.,1.05,8.5,oddsportal,BJK G1 singles,wta,bjk_cup
2023-04-15,Shinikova I.,Buyukakcay C.,2.5,1.5,oddsportal,BJK G1 singles,wta,bjk_cup
2023-04-15,Danilovic O.,Pattinama Kerkhove L.,1.571,2.25,oddsportal,BJK G1 singles,wta,bjk_cup
2023-04-15,Zeltina B.,Haseth L. E.,2.1,1.671,oddsportal,BJK G1 singles,wta,bjk_cup
2023-04-15,Szabanin N.,Cabaj Awad J.,1.22,4.0,oddsportal,BJK G1 singles,wta,bjk_cup
2023-04-15,Lamens S.,Radivojevic L.,2.0,1.73,oddsportal,BJK G1 singles,wta,bjk_cup
2023-04-15,Glushkova D.,Cengiz B.,2.0,1.73,oddsportal,BJK G1 singles,wta,bjk_cup
2023-04-15,Alhussein L.,Munk Mortensen R.,3.5,1.29,oddsportal,BJK G1 singles,wta,bjk_cup
2023-04-14,Arango E.,Seguel D.,1.13,5.5,oddsportal,BJK G1 singles,wta,bjk_cup
2023-04-14,Riera J.,Ccuno R.,1.17,4.5,oddsportal,BJK G1 singles,wta,bjk_cup
2023-04-14,Peterson R.,Radivojevic L.,1.3,3.4,oddsportal,BJK G1 singles,wta,bjk_cup
2023-04-14,Oz I.,Marcinkevica D.,1.29,3.5,oddsportal,BJK G1 singles,wta,bjk_cup
2023-04-14,Wuerth T.,Helgo M.,1.33,3.25,oddsportal,BJK G1 singles,wta,bjk_cup
2023-04-14,Bondar A.,Pattinama Kerkhove L.,1.3,3.4,oddsportal,BJK G1 singles,wta,bjk_cup
2023-04-14,Tauson C.,Topalova G.,1.14,5.0,oddsportal,BJK G1 singles,wta,bjk_cup
2023-04-14,Karatancheva L.,Munk Mortensen R.,1.833,1.833,oddsportal,BJK G1 singles,wta,bjk_cup
2023-04-14,Hennemann C. W.,Ristic M.,2.0,1.73,oddsportal,BJK G1 singles,wta,bjk_cup
2023-04-14,Ruzic A.,Eikeri U.,1.22,4.0,oddsportal,BJK G1 singles,wta,bjk_cup
2023-04-14,Buyukakcay C.,Zeltina B.,1.02,12.0,oddsportal,BJK G1 singles,wta,bjk_cup
2023-04-13,Zeballos N.,Iamachkine A.,1.22,4.0,oddsportal,BJK G1 singles,wta,bjk_cup
2023-04-13,Arango E.,Weedon K.,1.03,10.0,oddsportal,BJK G1 singles,wta,bjk_cup
2023-04-13,Capurro Taborda M.,Labrana F.,1.17,4.5,oddsportal,BJK G1 singles,wta,bjk_cup
2023-04-13,Herazo Gonzalez M.,Morales M.,1.08,7.0,oddsportal,BJK G1 singles,wta,bjk_cup
2023-04-13,Perez Alarcon L.,Udaeta C.,1.02,11.0,oddsportal,BJK G1 singles,wta,bjk_cup
2023-04-13,Helgo M.,Topalova G.,2.38,1.529,oddsportal,BJK G1 singles,wta,bjk_cup
2023-04-10,Peterson R.,Helgo M.,1.14,5.0,oddsportal,BJK G1 singles,wta,bjk_cup
2023-04-10,Tauson C.,Ruzic A.,1.2,4.33,oddsportal,BJK G1 singles,wta,bjk_cup
2023-04-10,Buyukakcay C.,Refaat M.,1.1,6.5,oddsportal,BJK G1 singles,wta,bjk_cup
2023-04-10,Hennemann C. W.,Eikeri U.,1.571,2.25,oddsportal,BJK G1 singles,wta,bjk_cup
2023-04-10,Stevens L.,Marcinkevica D.,1.833,1.833,oddsportal,BJK G1 singles,wta,bjk_cup
2023-04-10,Marcinko P.,Svendsen J. C.,1.36,3.0,oddsportal,BJK G1 singles,wta,bjk_cup
2023-04-10,Ristic M.,Glushkova D.,1.621,2.2,oddsportal,BJK G1 singles,wta,bjk_cup
2022-04-16,Herazo Gonzalez M.,Doldan H.,1.06,8.0,oddsportal,BJK G1 singles,wta,bjk_cup
2022-04-16,Haddad Maia B.,Seguel D.,1.2,4.33,oddsportal,BJK G1 singles,wta,bjk_cup
2022-04-16,Reasco Gonzalez M. E.,Weedon K.,1.33,3.25,oddsportal,BJK G1 singles,wta,bjk_cup
2022-04-16,Carle M. L.,Zarazua R.,2.25,1.571,oddsportal,BJK G1 singles,wta,bjk_cup
2022-04-16,Uchijima M.,Zhu L.,1.833,1.833,oddsportal,BJK G1 singles,wta,bjk_cup
2022-04-16,Raina A.,Kim D.,1.25,3.75,oddsportal,BJK G1 singles,wta,bjk_cup
2022-04-16,Sutjiadi A.,Westbury K.,1.4,2.75,oddsportal,BJK G1 singles,wta,bjk_cup
2022-04-16,Haas B.,Cengiz B.,1.441,2.62,oddsportal,BJK G1 singles,wta,bjk_cup
2022-04-16,Martic P.,Krunic A.,1.441,2.62,oddsportal,BJK G1 singles,wta,bjk_cup
2022-04-16,Hennemann C. W.,Malygina E.,1.61,2.2,oddsportal,BJK G1 singles,wta,bjk_cup
2022-04-16,Bondar A.,Falkner Z.,1.14,5.0,oddsportal,BJK G1 singles,wta,bjk_cup
2022-04-16,Marcinko P.,Radivojevic L.,1.14,5.0,oddsportal,BJK G1 singles,wta,bjk_cup
2022-04-16,Nuudi M.,Cabaj Awad J.,1.833,1.833,oddsportal,BJK G1 singles,wta,bjk_cup
2022-04-16,Kardava Z.,Svendsen J. C.,7.0,1.08,oddsportal,BJK G1 singles,wta,bjk_cup
2022-04-15,Pigossi L.,Herazo Gonzalez M.,1.2,4.33,oddsportal,BJK G1 singles,wta,bjk_cup
2022-04-15,Ortenzi J.,Weedon K.,1.16,4.5,oddsportal,BJK G1 singles,wta,bjk_cup
2022-04-15,Jang S. J.,Hontama M.,1.61,2.2,oddsportal,BJK G1 singles,wta,bjk_cup
2022-04-15,Raina A.,Hourigan P. M.,1.61,2.2,oddsportal,BJK G1 singles,wta,bjk_cup
2022-04-15,Wang Q.,Sutjiadi A.,1.07,7.5,oddsportal,BJK G1 singles,wta,bjk_cup
2022-04-15,Martic P.,Grabher J.,1.2,4.33,oddsportal,BJK G1 singles,wta,bjk_cup
2022-04-15,Krunic A.,Oz I.,1.571,2.25,oddsportal,BJK G1 singles,wta,bjk_cup
2022-04-15,Bondar A.,Nuudi M.,1.14,5.0,oddsportal,BJK G1 singles,wta,bjk_cup
2022-04-15,Falkner Z.,Saner J.,1.28,3.5,oddsportal,BJK G1 singles,wta,bjk_cup
2022-04-15,Vekic D.,Kraus S.,1.22,4.0,oddsportal,BJK G1 singles,wta,bjk_cup
2022-04-15,Terziyska J.,Gagoshidze T.,1.07,7.5,oddsportal,BJK G1 singles,wta,bjk_cup
2022-04-14,Haddad Maia B.,Carle M. L.,1.1,6.5,oddsportal,BJK G1 singles,wta,bjk_cup
2022-04-14,Herazo Gonzalez M.,Weedon K.,1.1,6.5,oddsportal,BJK G1 singles,wta,bjk_cup
2022-04-13,Haddad Maia B.,Weedon K.,1.03,10.0,oddsportal,BJK G1 singles,wta,bjk_cup
2022-04-13,Wang Q.,Raina A.,1.11,6.0,oddsportal,BJK G1 singles,wta,bjk_cup
2022-04-13,Jang S. J.,Ivanov V.,1.04,9.0,oddsportal,BJK G1 singles,wta,bjk_cup
2022-04-13,Hontama M.,Sutjiadi A.,1.2,4.33,oddsportal,BJK G1 singles,wta,bjk_cup
2022-04-13,Zhu L.,Bhatia R.,1.03,10.0,oddsportal,BJK G1 singles,wta,bjk_cup
2022-04-13,Han N.,Yang V.,1.06,8.0,oddsportal,BJK G1 singles,wta,bjk_cup
2022-04-13,Tomova V.,Hennemann C. W.,1.36,3.0,oddsportal,BJK G1 singles,wta,bjk_cup
2022-04-13,Oz I.,Malygina E.,1.3,3.4,oddsportal,BJK G1 singles,wta,bjk_cup
2022-04-13,Zidansek T.,Martic P.,2.75,1.4,oddsportal,BJK G1 singles,wta,bjk_cup
2022-04-13,Grabher J.,Kardava Z.,1.02,10.5,oddsportal,BJK G1 singles,wta,bjk_cup
2022-04-13,Udvardy P.,Samavati S. N.,1.12,5.5,oddsportal,BJK G1 singles,wta,bjk_cup
2022-04-13,Shinikova I.,Cabaj Awad J.,1.16,4.5,oddsportal,BJK G1 singles,wta,bjk_cup
2022-04-13,Juvan K.,Konjuh A.,1.833,1.833,oddsportal,BJK G1 singles,wta,bjk_cup
2022-04-13,Nuudi M.,Ozgen P.,2.62,1.441,oddsportal,BJK G1 singles,wta,bjk_cup
2022-04-12,Wang Q.,Hourigan P. M.,1.06,8.0,oddsportal,BJK G1 singles,wta,bjk_cup
2022-04-12,Hontama M.,Raina A.,1.4,2.75,oddsportal,BJK G1 singles,wta,bjk_cup
2022-04-12,Jang S. J.,Sutjiadi A.,1.2,4.33,oddsportal,BJK G1 singles,wta,bjk_cup
2022-04-12,Naito Y.,Bhosale R.,1.16,4.5,oddsportal,BJK G1 singles,wta,bjk_cup
2022-04-12,Krunic A.,Samavati S. N.,1.16,4.5,oddsportal,BJK G1 singles,wta,bjk_cup
2022-04-12,Hennemann C. W.,Bolkvadze M.,2.5,1.5,oddsportal,BJK G1 singles,wta,bjk_cup
2022-04-12,Grabher J.,Zidansek T.,7.0,1.08,oddsportal,BJK G1 singles,wta,bjk_cup
2022-04-12,Martic P.,Shinikova I.,1.05,8.5,oddsportal,BJK G1 singles,wta,bjk_cup
2022-04-12,Oz I.,Bondar A.,2.5,1.5,oddsportal,BJK G1 singles,wta,bjk_cup
2022-04-12,Juvan K.,Kraus S.,1.04,9.0,oddsportal,BJK G1 singles,wta,bjk_cup
2022-04-11,Krunic A.,Malygina E.,1.4,2.75,oddsportal,BJK G1 singles,wta,bjk_cup
2022-04-11,Zidansek T.,Bolkvadze M.,1.1,6.5,oddsportal,BJK G1 singles,wta,bjk_cup
2022-04-11,Grabher J.,Shinikova I.,1.571,2.25,oddsportal,BJK G1 singles,wta,bjk_cup
2022-04-11,Konjuh A.,Hennemann C. W.,1.08,7.0,oddsportal,BJK G1 singles,wta,bjk_cup
2022-04-11,Kraus S.,Terziyska J.,1.658,2.1,oddsportal,BJK G1 singles,wta,bjk_cup
2025-06-21,Espinal Sanchez N. G.,Leslie G.,1.529,2.38,oddsportal,BJK G2 singles,wta,bjk_cup
2025-06-21,Zeballos N.,Romero C.,1.33,3.25,oddsportal,BJK G2 singles,wta,bjk_cup
2025-06-21,Perez Alarcon L.,Kettlewell L.,1.04,9.0,oddsportal,BJK G2 singles,wta,bjk_cup
2025-06-21,Chambers H.,Obando A.,2.1,1.671,oddsportal,BJK G2 singles,wta,bjk_cup
2025-06-21,Reasco Gonzalez M. E.,Trigosso N.,1.06,8.0,oddsportal,BJK G2 singles,wta,bjk_cup
2025-06-21,Goenadi M.S.,Saw J.,2.5,1.5,oddsportal,BJK G2 singles,wta,bjk_cup
2025-06-20,Andreevskaya V.,Delaunay C.,1.4,2.75,oddsportal,BJK G2 singles,wta,bjk_cup
2025-06-20,Olimjanova S.,Desvignes E. M.,1.671,2.1,oddsportal,BJK G2 singles,wta,bjk_cup
2025-06-20,Chogsomjav M.,Madis T.,2.5,1.5,oddsportal,BJK G2 singles,wta,bjk_cup
2025-06-20,Junarto A. K.,Wan E.,2.0,1.73,oddsportal,BJK G2 singles,wta,bjk_cup
2025-06-20,Zeballos N.,Zamburek A. C.,1.441,2.63,oddsportal,BJK G2 singles,wta,bjk_cup
2025-06-20,Espinal Sanchez N. G.,Alfaro N.,1.3,3.4,oddsportal,BJK G2 singles,wta,bjk_cup
2025-06-20,Perez Alarcon L.,Romero C.,1.36,3.0,oddsportal,BJK G2 singles,wta,bjk_cup
2025-06-20,Guzman D.,Reasco Gonzalez M. E.,1.36,3.0,oddsportal,BJK G2 singles,wta,bjk_cup
2025-06-20,Gallegos L.,Obando A.,1.833,1.833,oddsportal,BJK G2 singles,wta,bjk_cup
2025-06-20,Saw J.,Desvignes E. M.,2.0,1.571,oddsportal,BJK G2 singles,wta,bjk_cup
2025-06-20,Safi M.,Olimjanova S.,2.2,1.621,oddsportal,BJK G2 singles,wta,bjk_cup
2025-06-20,Milliam A. J.,Delaunay C.,2.38,1.529,oddsportal,BJK G2 singles,wta,bjk_cup
2025-06-20,Chogsomjav M.,Khabibrakhmanova S.,1.441,2.63,oddsportal,BJK G2 singles,wta,bjk_cup
2025-06-20,Shubina D.,Yazdani Y.,1.4,2.75,oddsportal,BJK G2 singles,wta,bjk_cup
2025-06-19,Zeballos N.,Leslie G.,1.11,6.0,oddsportal,BJK G2 singles,wta,bjk_cup
2025-06-19,Romero C.,Espinal Sanchez N. G.,1.07,7.5,oddsportal,BJK G2 singles,wta,bjk_cup
2025-06-19,Perez Alarcon L.,Alfaro N.,1.06,8.0,oddsportal,BJK G2 singles,wta,bjk_cup
2025-06-19,Guzman D.,Gallegos L.,1.04,9.0,oddsportal,BJK G2 singles,wta,bjk_cup
2025-06-19,Olimjanova S.,Delaunay C.,1.441,2.63,oddsportal,BJK G2 singles,wta,bjk_cup
2025-06-18,Desvignes E. M.,Andreevskaya V.,2.38,1.529,oddsportal,BJK G2 singles,wta,bjk_cup
2025-06-18,Yazdani Y.,Zuleyka Hukmasabiyya C.,1.33,3.25,oddsportal,BJK G2 singles,wta,bjk_cup
2025-06-18,Apisah V.,Shubina D.,2.0,1.73,oddsportal,BJK G2 singles,wta,bjk_cup
2025-04-12,Kardava Z.,Burylo M.,1.17,4.5,oddsportal,BJK G2 singles,wta,bjk_cup
2025-04-12,Andronicou N.,Mitevska A.,1.2,4.33,oddsportal,BJK G2 singles,wta,bjk_cup
2025-04-11,Tucakovic S.,Buchnik M.,2.5,1.5,oddsportal,BJK G2 singles,wta,bjk_cup
2025-04-11,Serban R.,Alhussein L.,1.17,4.5,oddsportal,BJK G2 singles,wta,bjk_cup
2025-04-11,Bolkvadze M.,Karatancheva L.,1.22,4.0,oddsportal,BJK G2 singles,wta,bjk_cup
2025-04-11,Laron M.,Mikaca S.,1.3,3.4,oddsportal,BJK G2 singles,wta,bjk_cup
2025-04-11,Frayman D.,Hossam Salah J.,1.2,4.33,oddsportal,BJK G2 singles,wta,bjk_cup
2025-04-11,Gorgodze E.,Glushkova D.,1.73,2.0,oddsportal,BJK G2 singles,wta,bjk_cup
2025-04-10,Glushko L.,Van Zyl J.,1.17,4.5,oddsportal,BJK G2 singles,wta,bjk_cup
2025-04-10,Gjorcheska L.,Alhussein L.,1.25,3.75,oddsportal,BJK G2 singles,wta,bjk_cup
2025-04-10,Karatancheva L.,Helgo M.,1.833,1.833,oddsportal,BJK G2 singles,wta,bjk_cup
2025-04-09,Burgic E.,Malygina E.,1.671,2.1,oddsportal,BJK G2 singles,wta,bjk_cup
2025-04-09,Helgo M.,Van Zyl J.,1.19,4.5,oddsportal,BJK G2 singles,wta,bjk_cup
2025-04-09,Bolkvadze M.,Serban R.,1.4,3.0,oddsportal,BJK G2 singles,wta,bjk_cup
2025-04-09,Karatancheva L.,Samir S.,1.33,3.4,oddsportal,BJK G2 singles,wta,bjk_cup
2025-04-09,Dencheva R.,Alhussein L.,1.36,3.0,oddsportal,BJK G2 singles,wta,bjk_cup
2025-04-09,Eikeri U.,Van Zyl M.,1.25,3.75,oddsportal,BJK G2 singles,wta,bjk_cup
2025-04-09,Frayman D.,Gorgodze E.,1.671,2.1,oddsportal,BJK G2 singles,wta,bjk_cup
2025-04-09,Tucakovic S.,Gorlats V.,1.36,3.0,oddsportal,BJK G2 singles,wta,bjk_cup
2025-04-09,Stoilkovska M.,Gjinaj V.,2.0,1.73,oddsportal,BJK G2 singles,wta,bjk_cup
2025-04-08,Van Zyl J.,Lekaj A.,1.14,5.0,oddsportal,BJK G2 singles,wta,bjk_cup
2025-04-08,Burgic E.,Serban R.,2.75,1.4,oddsportal,BJK G2 singles,wta,bjk_cup
2025-04-08,Gjorcheska L.,Helgo M.,1.571,2.25,oddsportal,BJK G2 singles,wta,bjk_cup
2025-04-08,Karatancheva L.,Glushko L.,1.833,1.833,oddsportal,BJK G2 singles,wta,bjk_cup
2025-04-08,Bolkvadze M.,Malygina E.,1.14,5.0,oddsportal,BJK G2 singles,wta,bjk_cup
2025-04-08,Eikeri U.,Stoilkovska M.,1.13,5.5,oddsportal,BJK G2 singles,wta,bjk_cup
2025-04-08,Glushkova D.,Laron M.,1.2,4.33,oddsportal,BJK G2 singles,wta,bjk_cup
2025-04-08,le Roux D.,Gjinaj V.,1.4,2.75,oddsportal,BJK G2 singles,wta,bjk_cup
2024-07-27,Kettlewell L.,Rodriguez J.,1.833,1.833,oddsportal,BJK G2 singles,wta,bjk_cup
2024-07-27,Britez Risso L. F.,Zeballos N.,3.75,1.25,oddsportal,BJK G2 singles,wta,bjk_cup
2024-07-26,Weedon K.,Kettlewell L.,1.17,4.5,oddsportal,BJK G2 singles,wta,bjk_cup
2024-07-19,Chong E.,Wan E.,1.05,8.5,oddsportal,BJK G2 singles,wta,bjk_cup
2024-07-19,Chogsomjav M.,Olimjanova S.,1.36,3.0,oddsportal,BJK G2 singles,wta,bjk_cup
2024-07-19,Sawangkaew M.,Wan E.,1.05,8.5,oddsportal,BJK G2 singles,wta,bjk_cup
2024-07-18,Safi M.,Solomatina A.,1.441,2.63,oddsportal,BJK G2 singles,wta,bjk_cup
2024-07-18,Sawangkaew M.,Chong E.,1.73,2.0,oddsportal,BJK G2 singles,wta,bjk_cup
2024-07-18,Chogsomjav M.,Zuleyka Hukmasabiyya C.,1.05,8.5,oddsportal,BJK G2 singles,wta,bjk_cup
2024-07-17,Shubina D.,Wan E.,3.75,1.25,oddsportal,BJK G2 singles,wta,bjk_cup
2024-07-16,Sawangkaew M.,Gumulya B.,1.08,7.0,oddsportal,BJK G2 singles,wta,bjk_cup
2024-07-16,Tan S. Y.,Suhail U.,1.07,7.5,oddsportal,BJK G2 singles,wta,bjk_cup
2024-07-16,Wong Hong Yi C.,Chogsomjav M.,1.02,11.0,oddsportal,BJK G2 singles,wta,bjk_cup
2024-07-16,Shubina D.,Andreevskaya V.,3.4,1.3,oddsportal,BJK G2 singles,wta,bjk_cup
2024-07-15,Chogsomjav M.,Tan S. Y.,1.621,2.2,oddsportal,BJK G2 singles,wta,bjk_cup
2024-07-15,Chogsomjav M.,Choo D.,1.671,2.1,oddsportal,BJK G2 singles,wta,bjk_cup
2024-07-15,Wan E.,Andreevskaya V.,1.571,2.25,oddsportal,BJK G2 singles,wta,bjk_cup
2024-07-14,Rompies J.,Safi M.,1.571,2.25,oddsportal,BJK G2 singles,wta,bjk_cup
2024-07-14,Chong E.,Tan S. Y.,1.03,10.0,oddsportal,BJK G2 singles,wta,bjk_cup
2024-07-14,Chogsomjav M.,Suhail U.,1.02,12.0,oddsportal,BJK G2 singles,wta,bjk_cup
2024-07-14,Wu Ho C.,Choo D.,1.03,10.0,oddsportal,BJK G2 singles,wta,bjk_cup
2024-07-14,Olimjanova S.,Razick S.,1.17,4.5,oddsportal,BJK G2 singles,wta,bjk_cup
2024-04-13,Boskovic L.,Mikulskyte J.,1.441,2.63,oddsportal,BJK G2 singles,wta,bjk_cup
2024-04-13,Primorac I.,Paukstyte P.,1.14,5.0,oddsportal,BJK G2 singles,wta,bjk_cup
2024-04-13,Tucakovic S.,Rahnel L.,1.25,3.75,oddsportal,BJK G2 singles,wta,bjk_cup
2024-04-13,Stoilkovska M.,Buchnik M.,2.25,1.571,oddsportal,BJK G2 singles,wta,bjk_cup
2024-04-10,El Allami M.,Buchnik M.,1.571,2.25,oddsportal,BJK G2 singles,wta,bjk_cup
2024-04-10,Kardava Z.,Samir S.,7.0,1.08,oddsportal,BJK G2 singles,wta,bjk_cup
2024-04-09,Ruzic A.,Kanepi K.,1.73,2.0,oddsportal,BJK G2 singles,wta,bjk_cup
2024-04-09,Sherif M.,Rushiti A.,1.13,5.5,oddsportal,BJK G2 singles,wta,bjk_cup
2024-04-09,Herdzelas D.,El Aouni A.,1.671,2.1,oddsportal,BJK G2 singles,wta,bjk_cup
2024-04-09,Mikulskyte J.,Glushko L.,2.63,1.441,oddsportal,BJK G2 singles,wta,bjk_cup
2024-04-09,Gorgodze E.,Montebello E.,1.01,15.0,oddsportal,BJK G2 singles,wta,bjk_cup
2024-04-09,Boskovic L.,Malygina E.,1.22,4.0,oddsportal,BJK G2 singles,wta,bjk_cup
2024-04-09,Khirin N.,Lukosiute A.,1.73,2.0,oddsportal,BJK G2 singles,wta,bjk_cup
2024-04-09,Samir S.,Lekaj A.,1.17,4.5,oddsportal,BJK G2 singles,wta,bjk_cup
2024-04-09,Tucakovic S.,El Allami M.,2.1,1.671,oddsportal,BJK G2 singles,wta,bjk_cup
2024-04-08,Mikulskyte J.,El Aouni A.,1.36,3.0,oddsportal,BJK G2 singles,wta,bjk_cup
2024-04-08,Gjorcheska L.,Kanepi K.,3.0,1.36,oddsportal,BJK G2 singles,wta,bjk_cup
2024-04-08,Rushiti A.,Gorgodze E.,2.63,1.441,oddsportal,BJK G2 singles,wta,bjk_cup
2024-04-08,Glushko L.,Herdzelas D.,1.529,2.38,oddsportal,BJK G2 singles,wta,bjk_cup
2024-04-08,Sherif M.,Montebello E.,1.02,12.0,oddsportal,BJK G2 singles,wta,bjk_cup
2024-04-08,Kardava Z.,Lekaj A.,1.833,1.833,oddsportal,BJK G2 singles,wta,bjk_cup
2024-04-08,El Allami M.,Bubelyte K.,3.0,1.36,oddsportal,BJK G2 singles,wta,bjk_cup
2024-04-08,Malygina E.,Stoilkovska M.,1.13,5.5,oddsportal,BJK G2 singles,wta,bjk_cup
2024-04-08,Khirin N.,Tucakovic S.,1.14,5.0,oddsportal,BJK G2 singles,wta,bjk_cup
2023-07-29,Suarez V.,De Santa Ana L.,2.2,1.621,oddsportal,BJK G2 singles,wta,bjk_cup
2023-07-29,Britez Risso L. F.,Reasco Gonzalez M. E.,4.0,1.22,oddsportal,BJK G2 singles,wta,bjk_cup
2023-07-29,Williford K.,Clarke S.,1.25,3.75,oddsportal,BJK G2 singles,wta,bjk_cup
2023-07-28,De Santa Ana L.,Williford K.,1.571,2.25,oddsportal,BJK G2 singles,wta,bjk_cup
2023-07-28,Suarez V.,Britez Risso L. F.,4.0,1.22,oddsportal,BJK G2 singles,wta,bjk_cup
2023-07-28,Cabezas Dominguez E.,Escauriza L.,1.671,2.1,oddsportal,BJK G2 singles,wta,bjk_cup
2023-07-27,Suarez V.,Alfaro N.,1.2,4.33,oddsportal,BJK G2 singles,wta,bjk_cup
2023-07-27,Reasco Gonzalez M. E.,De Santa Ana L.,1.17,4.5,oddsportal,BJK G2 singles,wta,bjk_cup
2023-07-27,Leong S. L. X.,Chogsomjav M.,1.621,2.2,oddsportal,BJK G2 singles,wta,bjk_cup
2023-07-26,Gumulya B.,Otway J.,2.75,1.4,oddsportal,BJK G2 singles,wta,bjk_cup
2023-07-26,Tan S. Y.,Wu Ho C.,7.0,1.08,oddsportal,BJK G2 singles,wta,bjk_cup
2023-07-26,Chogsomjav M.,Lim S. X.,1.3,3.4,oddsportal,BJK G2 singles,wta,bjk_cup
2023-07-26,Ivanov V.,Sabrina F.,1.22,4.0,oddsportal,BJK G2 singles,wta,bjk_cup
2023-07-26,Razick S.,Bikbulatova A.,1.08,7.0,oddsportal,BJK G2 singles,wta,bjk_cup
2023-07-26,Espinal Sanchez N. G.,Perez A.,1.08,7.0,oddsportal,BJK G2 singles,wta,bjk_cup
2023-07-25,Routliffe E.,Leong S. L. X.,1.01,17.0,oddsportal,BJK G2 singles,wta,bjk_cup
2023-07-25,Lee C. Y.,Tan S. Y.,1.05,8.5,oddsportal,BJK G2 singles,wta,bjk_cup
2023-07-25,Chogsomjav M.,Toymyradova B.,1.01,15.0,oddsportal,BJK G2 singles,wta,bjk_cup
2023-07-25,Chan L.,Packbier S.,1.01,17.0,oddsportal,BJK G2 singles,wta,bjk_cup
2023-07-25,Ng M.,Suhail U.,1.01,15.0,oddsportal,BJK G2 singles,wta,bjk_cup
2023-07-25,Otway J.,Lim S. X.,1.08,7.0,oddsportal,BJK G2 singles,wta,bjk_cup
2023-07-25,Lee C. Y.,Lee P.-C.,1.621,2.2,oddsportal,BJK G2 singles,wta,bjk_cup
2023-07-24,Sabatini F.,Lim S. X.,1.08,7.0,oddsportal,BJK G2 singles,wta,bjk_cup
2023-04-13,Kontaveit A.,Mikulskyte J.,1.07,7.5,oddsportal,BJK G2 singles,wta,bjk_cup
2023-04-13,Gorgodze E.,Rushiti A.,1.25,3.75,oddsportal,BJK G2 singles,wta,bjk_cup
2023-04-13,Berberovic N.,Papamichail D.,2.38,1.529,oddsportal,BJK G2 singles,wta,bjk_cup
2023-04-13,Genovese E.,Kimchi S.,7.5,1.07,oddsportal,BJK G2 singles,wta,bjk_cup
2023-04-13,Paukstyte P.,Nuudi M.,4.0,1.22,oddsportal,BJK G2 singles,wta,bjk_cup
2023-04-12,Gorgodze E.,Mikulskyte J.,1.571,2.25,oddsportal,BJK G2 singles,wta,bjk_cup
2023-04-12,Bubelyte K.,Shapatava S.,1.441,2.63,oddsportal,BJK G2 singles,wta,bjk_cup
2023-04-11,Curmi F.,Jorge F.,2.0,1.73,oddsportal,BJK G2 singles,wta,bjk_cup
2023-04-11,Gorgodze E.,Kruger I.,1.671,2.1,oddsportal,BJK G2 singles,wta,bjk_cup
2023-04-11,Mikulskyte J.,Simunyu C.,1.14,5.0,oddsportal,BJK G2 singles,wta,bjk_cup
2022-08-25,Amanmuradova A.,Wijesooriya R.,1.01,15.0,oddsportal,BJK G2 singles,wta,bjk_cup
2022-08-25,Valihanova O.,Kurera A.,1.61,2.2,oddsportal,BJK G2 singles,wta,bjk_cup
2022-08-12,Ly-Nguyen S.,Zanjani F.,1.01,15.0,oddsportal,BJK G2 singles,wta,bjk_cup
2022-08-10,Chong E.,Lee P.-C.,1.22,4.0,oddsportal,BJK G2 singles,wta,bjk_cup
2022-07-30,Carrera S.,Camacho E.,1.571,2.25,oddsportal,BJK G2 singles,wta,bjk_cup
2022-07-30,Snyder S. I.,Clarke S.,1.441,2.62,oddsportal,BJK G2 singles,wta,bjk_cup
2022-07-30,Echeverria N.,Espinal Sanchez N. G.,2.62,1.441,oddsportal,BJK G2 singles,wta,bjk_cup
2022-07-29,Chambers H.,Rahmanparast A.,2.2,1.61,oddsportal,BJK G2 singles,wta,bjk_cup
2022-07-29,Espinal Sanchez N. G.,James J.,1.01,15.0,oddsportal,BJK G2 singles,wta,bjk_cup
2022-07-29,O'Neill Garcia D.,Bjornestad A. L.,1.05,8.5,oddsportal,BJK G2 singles,wta,bjk_cup
2022-07-29,Alfaro N.,Bryan S.,1.14,5.0,oddsportal,BJK G2 singles,wta,bjk_cup
2022-07-28,Ccuno R.,Echeverria N.,1.571,2.25,oddsportal,BJK G2 singles,wta,bjk_cup
2022-07-28,Grant G.,Rahmanparast A.,1.06,8.0,oddsportal,BJK G2 singles,wta,bjk_cup
2022-07-28,James J.,Chambers H.,4.33,1.2,oddsportal,BJK G2 singles,wta,bjk_cup
2022-07-28,Williford K.,Clarke S.,1.36,3.0,oddsportal,BJK G2 singles,wta,bjk_cup
2022-07-28,Carrera S.,Messier L.,1.33,3.25,oddsportal,BJK G2 singles,wta,bjk_cup
2022-07-28,Aguilar D.,Hollis A.,1.05,8.5,oddsportal,BJK G2 singles,wta,bjk_cup
2022-07-28,Iamachkine A.,Suarez V.,1.1,6.5,oddsportal,BJK G2 singles,wta,bjk_cup
2022-07-28,Zamburek A. C.,Mackey E.,8.5,1.05,oddsportal,BJK G2 singles,wta,bjk_cup
2022-07-28,Valdez R.,Del Olmo M.,1.833,1.833,oddsportal,BJK G2 singles,wta,bjk_cup
2022-07-27,Espinal Sanchez N. G.,Chambers H.,1.4,2.75,oddsportal,BJK G2 singles,wta,bjk_cup
2022-07-27,Echeverria N.,Carrera S.,1.02,10.5,oddsportal,BJK G2 singles,wta,bjk_cup
2022-07-27,Grant G.,James J.,1.03,10.0,oddsportal,BJK G2 singles,wta,bjk_cup
2022-07-27,O'Neill Garcia D.,Solagnier K.,1.04,9.0,oddsportal,BJK G2 singles,wta,bjk_cup
2022-07-27,Obando D.,Bryan S.,1.08,7.0,oddsportal,BJK G2 singles,wta,bjk_cup
2022-07-27,Suarez V.,Valdez R.,1.03,10.0,oddsportal,BJK G2 singles,wta,bjk_cup
2022-04-12,Helgo M.,Samir S.,1.529,2.37,oddsportal,BJK G2 singles,wta,bjk_cup
2022-04-12,Minella M.,Glushko L.,1.658,2.1,oddsportal,BJK G2 singles,wta,bjk_cup
2022-04-12,Mikulskyte J.,Ahti V.,1.02,10.5,oddsportal,BJK G2 singles,wta,bjk_cup
