Date,Winner,Loser,odds_w,odds_l,tournament,tour,event_type,source,source_url,page_tournament,page_player1,page_player2,bucket
2024-04-13,Ana Bogdan,Elina Svitolina,1.25,1.25,BJK Cup Qualifiers,wta,manual_web,welcome_bet,https://welcome.bet/elina-svitolina-vs-ana-bogdan-apr-13-2024/,,Elina Svitolina,Ana Bogdan,BJK Cup Qualifiers 2024
2024-04-12,Anna Karolina Schmiedlova,Ela Nala Milic,1.06,1.08,BJK Cup Qualifiers,wta,manual_web,welcome_bet,https://welcome.bet/anna-karolina-schmiedlova-vs-ela-nala-milic-apr-12-2024/,,Anna Karolina Schmiedlova,Ela Nala Milic,BJK Cup Qualifiers 2024
2024-04-11,Arina Rodionova,Giuliana Olmos,1.09,6.75,BJK Cup Qualifiers,wta,manual_web,welcome_bet,https://welcome.bet/arina-rodionova-vs-giuliana-olmos-apr-11-2024/,,Arina Rodionova,Giuliana Olmos,BJK Cup Qualifiers 2024
2024-04-11,Daria Saville,Marcela Zacarias,1.05,8.5,BJK Cup Qualifiers,wta,manual_web,welcome_bet,https://welcome.bet/daria-saville-vs-marcela-zacarias-apr-11-2024/,,Daria Saville,Marcela Zacarias,BJK Cup Qualifiers 2024
2024-04-12,Diane Parry,Katie Boulter,1.65,2.2,BJK Cup Qualifiers,wta,manual_web,welcome_bet,https://welcome.bet/diane-parry-vs-katie-boulter-apr-12-2024/,,Diane Parry,Katie Boulter,BJK Cup Qualifiers 2024
2024-04-12,Emma Raducanu,Caroline Garcia,2.5,1.5,BJK Cup Qualifiers,wta,manual_web,welcome_bet,https://welcome.bet/caroline-garcia-vs-emma-raducanu-apr-12-2024/,,Caroline Garcia,Emma Raducanu,BJK Cup Qualifiers 2024
2024-04-13,Emma Raducanu,Diane Parry,1.55,2.45,BJK Cup Qualifiers,wta,manual_web,welcome_bet,https://welcome.bet/diane-parry-vs-emma-raducanu-apr-13-2024/,,Diane Parry,Emma Raducanu,BJK Cup Qualifiers 2024
2024-04-13,Iga Swiatek,Celine Naef,1.03,12.5,BJK Cup Qualifiers,wta,manual_web,welcome_bet,https://welcome.bet/celine-naef-vs-iga-swiatek-apr-13-2024/,,Celine Naef,Iga Swiatek,BJK Cup Qualifiers 2024
2024-04-12,Iga Swiatek,Simona Waltert,1.01,12.5,BJK Cup Qualifiers,wta,manual_web,welcome_bet,https://welcome.bet/simona-waltert-vs-iga-swiatek-apr-12-2024/,,Simona Waltert,Iga Swiatek,BJK Cup Qualifiers 2024
2024-04-12,Jessica Pegula,Sofia Costoulas,1.02,1.02,BJK Cup Qualifiers,wta,manual_web,welcome_bet,https://welcome.bet/jessica-pegula-vs-sofia-costoulas-apr-12-2024/,,Jessica Pegula,Sofia Costoulas,BJK Cup Qualifiers 2024
2024-04-12,Laura Siegemund,Beatriz Haddad Maia,3.1,1.36,BJK Cup Qualifiers,wta,manual_web,welcome_bet,https://welcome.bet/beatriz-haddad-maia-vs-laura-siegemund-apr-12-2024/,,Beatriz Haddad Maia,Laura Siegemund,BJK Cup Qualifiers 2024
2024-04-12,Lesia Tsurenko,Ana Bogdan,1.87,1.9,BJK Cup Qualifiers,wta,manual_web,welcome_bet,https://welcome.bet/lesia-tsurenko-vs-ana-bogdan-apr-12-2024/,,Lesia Tsurenko,Ana Bogdan,BJK Cup Qualifiers 2024
2024-04-12,Magdalena Frech,Celine Naef,1.87,1.87,BJK Cup Qualifiers,wta,manual_web,welcome_bet,https://welcome.bet/celine-naef-vs-magdalena-frech-apr-12-2024/,,Celine Naef,Magdalena Frech,BJK Cup Qualifiers 2024
2024-04-12,Nao Hibino,Anna Danilina,1.06,1.04,BJK Cup Qualifiers,wta,manual_web,welcome_bet,https://welcome.bet/nao-hibino-vs-anna-danilina-apr-12-2024/,,Nao Hibino,Anna Danilina,BJK Cup Qualifiers 2024
2024-04-12,Naomi Osaka,Yulia Putintseva,1.44,2.62,BJK Cup Qualifiers,wta,manual_web,welcome_bet,https://welcome.bet/naomi-osaka-vs-yulia-putintseva-apr-12-2024/,,Naomi Osaka,Yulia Putintseva,BJK Cup Qualifiers 2024
2024-04-12,Tatjana Maria,Laura Pigossi,1.4,2.95,BJK Cup Qualifiers,wta,manual_web,welcome_bet,https://welcome.bet/laura-pigossi-vs-tatjana-maria-apr-12-2024/,,Laura Pigossi,Tatjana Maria,BJK Cup Qualifiers 2024
2024-04-12,Taylah Preston,Marcela Zacarias,1.06,7.84,BJK Cup Qualifiers,wta,manual_web,welcome_bet,https://welcome.bet/taylah-preston-vs-marcela-zacarias-apr-12-2024/,,Taylah Preston,Marcela Zacarias,BJK Cup Qualifiers 2024
2024-04-12,Viktoria Hruncakova,Veronika Erjavec,1.36,1.4,BJK Cup Qualifiers,wta,manual_web,welcome_bet,https://welcome.bet/viktoria-hruncakova-vs-veronika-erjavec-apr-12-2024/,,Viktoria Hruncakova,Veronika Erjavec,BJK Cup Qualifiers 2024
2024-07-27,Cristina Bucsa,Petra Martic,1.9,1.9,Paris Olympics,wta,manual_web,welcome_bet,https://welcome.bet/petra-martic-vs-cristina-bucsa-jul-27-2024/,,Petra Martic,Cristina Bucsa,Paris Olympics 2024
2026-03-18,Alycia Parks,Sinja Kraus,1.9,1.9,Miami,wta,manual_web,welcome_bet,https://welcome.bet/alycia-parks-vs-sinja-kraus-predictions-mar-18-2026/,,Alycia Parks,Sinja Kraus,Miami 2026
2026-03-18,Anastasia Zakharova,Anna Bondar,1.5,2.6,Miami,wta,manual_web,welcome_bet,https://welcome.bet/anastasia-zakharova-vs-anna-bondar-predictions-mar-18-2026/,,Anastasia Zakharova,Anna Bondar,Miami 2026
2026-03-18,Ann Li,Kimberly Birrell,2.42,1.52,Miami,wta,manual_web,welcome_bet,https://welcome.bet/ann-li-vs-kimberly-birrell-predictions-mar-18-2026/,,Ann Li,Kimberly Birrell,Miami 2026
2026-03-15,Elvina Kalieva,Dalma Galfi,2.3,1.52,Miami,wta,manual_web,welcome_bet,https://welcome.bet/dalma-galfi-vs-elvina-kalieva-predictions-mar-15-2026/,,Dalma Galfi,Elvina Kalieva,Miami 2026
2026-03-18,Emerson Jones,Linda Fruhvirtova,1.74,2.1,Miami,wta,manual_web,welcome_bet,https://welcome.bet/emerson-jones-vs-linda-fruhvirtova-predictions-mar-18-2026/,,Emerson Jones,Linda Fruhvirtova,Miami 2026
2026-03-18,Lilli Tagger,Ella Seidel,1.74,2.11,Miami,wta,manual_web,welcome_bet,https://welcome.bet/lilli-tagger-vs-ella-seidel-predictions-mar-18-2026/,,Lilli Tagger,Ella Seidel,Miami 2026
2026-03-19,Magda Linette,Iga Swiatek,10.62,1.02,Miami,wta,manual_web,welcome_bet,https://welcome.bet/magda-linette-vs-iga-swiatek-predictions-mar-19-2026/,,Magda Linette,Iga Swiatek,Miami 2026
2026-03-19,Marie Bouzkova,Elsa Jacquemot,1.32,3.4,Miami,wta,manual_web,welcome_bet,https://welcome.bet/elsa-jacquemot-vs-marie-bouzkova-predictions-mar-19-2026/,,Elsa Jacquemot,Marie Bouzkova,Miami 2026
2026-03-19,Mirra Andreeva,McCartney Kessler,1.24,4.43,Miami,wta,manual_web,welcome_bet,https://welcome.bet/mirra-andreeva-vs-mccartney-kessler-predictions-mar-19-2026/,,Mirra Andreeva,McCartney Kessler,Miami 2026
2026-03-18,Paula Badosa,Aliaksandra Sasnovich,1.54,2.5,Miami,wta,manual_web,welcome_bet,https://welcome.bet/paula-badosa-vs-aliaksandra-sasnovich-predictions-mar-18-2026/,,Paula Badosa,Aliaksandra Sasnovich,Miami 2026
2026-03-18,Taylor Townsend,Lulu Sun,1.53,2.5,Miami,wta,manual_web,welcome_bet,https://welcome.bet/lulu-sun-vs-taylor-townsend-predictions-mar-18-2026/,,Lulu Sun,Taylor Townsend,Miami 2026
2026-03-18,Tereza Valentova,Katie Volynets,1.5,2.6,Miami,wta,manual_web,welcome_bet,https://welcome.bet/tereza-valentova-vs-katie-volynets-predictions-mar-18-2026/,,Tereza Valentova,Katie Volynets,Miami 2026
2024-04-12,Elina Svitolina,Jaqueline Cristian,1.33,3.25,BJK Cup Qualifiers,wta,manual_web,welcome_bet,https://welcome.bet/elina-svitolina-vs-jaqueline-adina-cristian-apr-12-2024/,,Elina Svitolina,Jaqueline Adina Cristian,BJK Cup Qualifiers 2024
2024-04-13,Jaqueline Cristian,Lesia Tsurenko,2.3,1.62,BJK Cup Qualifiers,wta,manual_web,welcome_bet,https://welcome.bet/lesia-tsurenko-vs-jaqueline-adina-cristian-apr-13-2024/,,Lesia Tsurenko,Jaqueline Adina Cristian,BJK Cup Qualifiers 2024
