tour,player_id,player_name,needs_age,needs_hand,needs_height,affected_rows,latest_event_date,missing_fields
atp,AC39,M. Zayid,False,False,True,1,2026-02-16,height_cm
wta,333126,Ada Kumru,False,False,True,4,2026-03-10,height_cm
wta,333812,Adelina Lachinova,False,False,True,4,2026-03-03,height_cm
wta,322631,Alana Smith,False,False,True,8,2025-11-03,height_cm
wta,334557,Alena Kovackova,False,False,True,1,2025-07-21,height_cm
wta,332575,Alevtina Ibragimova,False,False,True,4,2026-02-24,height_cm
wta,321880,Alicia Herrero Linana,False,False,True,10,2025-12-01,height_cm
wta,329198,Alina Charaeva,False,False,True,28,2026-03-10,height_cm
wta,331330,Alina Korneeva,False,False,True,23,2026-02-16,height_cm
wta,329250,Aliona Falei,False,False,True,3,2025-10-27,height_cm
wta,332718,Alisa Oktiabreva,False,False,True,4,2025-09-01,height_cm
wta,904523,Alyssa Ahn,False,False,True,1,2025-08-24,height_cm
wta,328131,Amarissa Toth,False,False,True,6,2026-02-24,height_cm
wta,331305,Ana Candiotto,False,False,True,5,2025-10-27,height_cm
wta,318790,Ana Filipa Santos,False,False,True,2,2026-02-16,height_cm
wta,331513,Analu Freitas,False,False,True,1,2025-07-14,height_cm
wta,326961,Anastasia Tikhonova,False,False,True,7,2026-02-16,height_cm
wta,328466,Anastasia Zolotareva,False,False,True,12,2026-02-24,height_cm
wta,332162,Anastasiia Gureva,False,False,True,2,2025-04-01,height_cm
wta,329858,Anastasiia Sobolieva,False,False,True,8,2026-02-16,height_cm
wta,330442,Anca Alexia Todoni,False,False,True,17,2025-09-08,height_cm
wta,328767,Ane Mintegi Del Olmo,False,False,True,5,2025-09-08,height_cm
wta,331776,Angelina Voloshchuk,False,False,True,6,2026-02-16,height_cm
wta,333703,Anna Frey,False,False,True,3,2026-02-16,height_cm
wta,324995,Anna Siskova,False,False,True,10,2026-02-16,height_cm
wta,331759,Anouck Vrancken Peeters,False,False,True,1,2025-06-09,height_cm
wta,328988,Anouk Koevermans,False,False,True,22,2026-02-16,height_cm
wta,331405,Antonia Vergara Rivera,False,False,True,6,2025-11-17,height_cm
wta,329009,Aoi Ito,False,False,True,13,2025-08-07,height_cm
wta,330569,Ariana Geerlings,False,False,True,3,2025-07-14,height_cm
wta,328701,Arianna Zucchini,False,False,True,1,2025-05-06,height_cm
wta,323451,Arianne Hartono,False,False,True,11,2025-10-27,height_cm
wta,330713,Astrid Lew Yan Foon,False,False,True,3,2026-02-16,height_cm
wta,325404,Aurora Zantedeschi,False,False,True,8,2025-10-20,height_cm
wta,330483,Aya El Aouni,False,False,True,1,2025-05-19,height_cm
wta,331545,Brenda Fruhvirtova,False,False,True,1,2026-02-01,height_cm
wta,318201,Camilla Rosatello,False,False,True,8,2026-02-16,height_cm
wta,333123,Candela Vazquez,False,False,True,2,2025-11-24,height_cm
wta,330727,Carla Markus,False,False,True,3,2025-11-03,height_cm
wta,336667,Carlota Garibay Romero,False,False,True,1,2025-10-20,height_cm
wta,332097,Carmen Andreea Herea,False,False,True,4,2025-11-03,height_cm
wta,329383,Carol Young Suh Lee,False,False,True,8,2026-02-16,height_cm
wta,325991,Carole Monnet,False,False,True,31,2026-03-10,height_cm
wta,331593,Carolyn Ansari,False,False,True,1,2026-02-16,height_cm
wta,333616,Charo Esquiva Banuls,False,False,True,2,2025-09-08,height_cm
wta,334420,Christasha McNeil,False,False,True,1,2025-11-03,height_cm
wta,331859,Claudia Sofia Martinez Solis,False,False,True,1,2025-03-24,height_cm
wta,330788,Clervie Ngounoue,False,False,True,3,2025-08-07,height_cm
wta,789688,Clervie Ngounoue,False,False,True,1,2025-08-24,height_cm
wta,330603,Cristina Diaz Adrover,False,False,True,1,2025-10-05,height_cm
wta,325048,Dalayna Hewitt,False,False,True,1,2026-02-16,height_cm
wta,322510,Dalila Spiteri,False,False,True,10,2026-02-24,height_cm
wta,328468,Daria Kudashova,False,False,True,1,2025-09-01,height_cm
wta,329057,Darja Vidmanova,False,False,True,22,2026-03-17,height_cm
wta,328578,Darya Astakhova,False,False,True,4,2025-10-13,height_cm
wta,327351,Dayeon Back,False,False,True,1,2025-09-15,height_cm
wta,334175,Deniz Dilek,False,False,True,1,2025-03-18,height_cm
wta,328625,Diana Martynov,False,False,True,3,2026-02-16,height_cm
wta,328173,Diletta Cherubini,False,False,True,7,2026-02-02,height_cm
wta,323244,Ekaterina Kazionova,False,False,True,5,2026-02-16,height_cm
wta,328308,Ekaterina Makarova,False,False,True,3,2025-07-07,height_cm
wta,328237,Ekaterina Reyngold,False,False,True,6,2025-10-13,height_cm
wta,314660,Ekaterine Gorgodze,False,False,True,29,2026-03-10,height_cm
wta,330920,Elena Micic,False,False,True,1,2026-01-05,height_cm
wta,330905,Elena Pridankina,False,False,True,21,2026-03-10,height_cm
wta,328440,Eleonora Alvisi,False,False,True,1,2025-06-02,height_cm
wta,320215,Elina Nepliy,False,False,True,2,2025-10-20,height_cm
wta,323640,Elisa Visentin,False,False,True,1,2025-10-20,height_cm
wta,337032,Elizabeth Abarquez,True,False,True,1,2026-01-26,"age,height_cm"
wta,327833,Elizabeth Coleman,False,False,True,1,2026-02-16,height_cm
wta,337068,Elizabeth Jones,True,False,True,1,2026-02-16,"age,height_cm"
wta,331660,Ella McDonald,False,False,True,1,2025-06-09,height_cm
wta,327834,Elvina Kalieva,False,False,True,16,2026-03-17,height_cm
wta,324308,Emeline Dartron,False,False,True,2,2025-04-28,height_cm
wta,333111,Emerson Jones,False,False,True,10,2026-03-17,height_cm
wta,978117,Emerson Jones,False,False,True,2,2026-01-18,height_cm
wta,323694,Emily Appleton,False,False,True,6,2026-02-16,height_cm
wta,316464,Emina Bektas,False,False,True,7,2025-10-13,height_cm
wta,324830,En-Shuo Liang,False,False,True,10,2026-02-16,height_cm
wta,325295,Eri Shimizu,False,False,True,2,2026-02-02,height_cm
wta,330151,Erika Andreeva,False,False,True,11,2025-10-13,height_cm
wta,325011,Eva Vedder,False,False,True,15,2025-12-08,height_cm
wta,330420,Federica Urgesi,False,False,True,4,2025-09-15,height_cm
wta,324948,Francisca Jorge,False,False,True,6,2026-02-16,height_cm
wta,335062,Francisca Laundes,False,False,True,1,2025-07-14,height_cm
wta,336892,Gabriela Agra Amorim,True,False,True,1,2026-02-09,"age,height_cm"
wta,325374,Gergana Topalova,False,False,True,1,2025-11-03,height_cm
wta,330372,Giorgia Pedone,False,False,True,9,2025-09-08,height_cm
wta,334883,Giulia Safina Popa,False,False,True,1,2025-07-14,height_cm
wta,324786,Guiomar Maristany Zuleta De Reales,False,False,True,20,2026-03-10,height_cm
wta,325758,Haley Giavara,False,False,True,5,2025-10-20,height_cm
wta,329824,Han Shi,False,False,True,4,2025-10-13,height_cm
wta,321743,Hanna Chang,False,False,True,11,2026-02-16,height_cm
wta,333440,Hannah Klugman,False,False,True,2,2025-06-30,height_cm
wta,318857,Haruka Kaji,False,False,True,4,2025-10-13,height_cm
wta,328320,Hina Inoue,False,False,True,6,2025-11-03,height_cm
wta,326723,Hong Yi Cody Wong,False,False,True,2,2025-10-27,height_cm
wta,319663,Ines Murta,False,False,True,2,2025-09-15,height_cm
wta,321157,Irene Burillo Escorihuela,False,False,True,14,2025-12-01,height_cm
wta,333783,Isis Louise Van Den Broek,False,False,True,1,2025-06-09,height_cm
wta,327283,Jazmin Ortenzi,False,False,True,13,2025-12-01,height_cm
wta,331852,Jeline Vandromme,False,False,True,1,2025-12-01,height_cm
wta,332862,Jennifer Jackson,False,False,True,1,2025-11-03,height_cm
wta,329217,Jennifer Ruggeri,False,False,True,1,2025-09-15,height_cm
wta,324300,Julia Konishi Camargo Silva,False,False,True,2,2025-10-20,height_cm
wta,332803,Julia Stusek,False,False,True,1,2025-10-05,height_cm
wta,326766,Julie Belgraver,False,False,True,6,2025-11-03,height_cm
wta,333685,Julieta Pareja,False,False,True,6,2025-10-20,height_cm
wta,938101,Julieta Pareja,False,False,True,1,2025-08-24,height_cm
wta,323677,Justina Mikulskyte,False,False,True,3,2025-09-29,height_cm
wta,331742,Kaitlin Quevedo,False,False,True,21,2026-02-16,height_cm
wta,320190,Kajsa Rinaldo Persson,False,False,True,1,2025-07-07,height_cm
wta,333485,Kanon Sawashiro,False,False,True,1,2026-02-16,height_cm
wta,337031,Kaye Ann Emana,True,False,True,1,2026-01-26,"age,height_cm"
wta,331986,Kristiana Sidorova,False,False,True,3,2026-02-02,height_cm
wta,328034,Kristina Dmitruk,False,False,True,2,2025-09-15,height_cm
wta,326209,Kristina Novak,False,False,True,2,2025-10-13,height_cm
wta,333944,Laura Samson,False,False,True,10,2025-12-01,height_cm
wta,323171,Lea Boskovic,False,False,True,7,2025-09-08,height_cm
wta,331512,Lena Couto,False,False,True,1,2025-07-14,height_cm
wta,326891,Leyre Romero Gormaz,False,False,True,40,2026-03-10,height_cm
wta,327773,Lia Karatancheva,False,False,True,7,2026-03-10,height_cm
wta,327527,Lian Tran,False,False,True,3,2025-11-03,height_cm
wta,332150,Lilli Tagger,False,False,True,14,2026-03-17,height_cm
wta,323091,Lina Glushko,False,False,True,2,2025-09-15,height_cm
wta,329061,Linda Klimovicova,False,False,True,15,2026-02-16,height_cm
wta,331958,Linea Bajraliu,False,False,True,1,2025-07-07,height_cm
wta,328193,Lisa Pigato,False,False,True,4,2026-03-10,height_cm
wta,331268,Lucciana Perez Alarcon,False,False,True,2,2025-11-24,height_cm
wta,325073,Lucia Cortez Llorca,False,False,True,2,2025-09-08,height_cm
wta,330894,Lucija Ciric Bagaric,False,False,True,1,2025-09-08,height_cm
wta,330746,Luisina Giovannini,False,False,True,13,2025-12-01,height_cm
wta,327175,Luiza Fullana,False,False,True,3,2025-10-20,height_cm
wta,332727,Luna Maria Cinalli,False,False,True,1,2025-11-03,height_cm
wta,336085,Madalena Matias,False,False,True,1,2026-02-16,height_cm
wta,330035,Malaika Rapolu,False,False,True,4,2025-11-03,height_cm
wta,325794,Manon Leonard,False,False,True,6,2026-02-16,height_cm
wta,320673,Maria Fernanda Navarro Oliva,False,False,True,1,2025-10-20,height_cm
wta,333324,Maria Jose Sanchez Uribe,False,False,True,1,2025-03-31,height_cm
wta,325632,Maria Kozyreva,False,False,True,4,2025-09-01,height_cm
wta,324255,Maria Portillo Ramirez,False,False,True,2,2025-10-20,height_cm
wta,329464,Maria Torres Murcia,False,False,True,2,2025-10-27,height_cm
wta,320592,Mariam Bolkvadze,False,False,True,3,2025-07-07,height_cm
wta,336402,Marianne Angel Gonzalez,False,False,True,1,2025-10-20,height_cm
wta,329124,Maribella Zamarripa,False,False,True,1,2025-10-20,height_cm
wta,335853,Mariia Nozdrachova,False,False,True,1,2025-09-15,height_cm
wta,328472,Mariia Tkacheva,False,False,True,2,2026-01-26,height_cm
wta,331376,Marina Bulbarella,False,False,True,1,2025-11-24,height_cm
wta,320369,Martina Colmegna,False,False,True,8,2025-12-01,height_cm
wta,321407,Mary Lewis,False,False,True,2,2025-11-03,height_cm
wta,328261,Mathilde Lollia,False,False,True,1,2025-07-07,height_cm
wta,328730,Matilde Jorge,False,False,True,9,2026-02-16,height_cm
wta,326162,Meiling Wang,False,False,True,2,2025-09-22,height_cm
wta,326546,Meiqi Guo,False,False,True,1,2025-09-01,height_cm
wta,328910,Mell Reasco Gonzalez,False,False,True,2,2025-12-01,height_cm
wta,334183,Mia Pohankova,False,False,True,3,2025-10-27,height_cm
wta,330926,Mia Ristic,False,False,True,1,2026-03-03,height_cm
wta,329417,Midori Castillo Meza,False,False,True,1,2025-10-20,height_cm
wta,331153,Miho Kuramochi,False,True,False,3,2026-02-02,hand
wta,326113,Mina Hodzic,False,False,True,1,2025-10-05,height_cm
wta,317541,Miriana Tona,False,False,True,4,2025-10-20,height_cm
wta,326780,Misaki Matsuda,False,False,True,2,2026-02-02,height_cm
wta,334588,Monika Stankiewicz,False,False,True,1,2025-07-28,height_cm
wta,327063,Monique Barry,False,False,True,1,2026-01-05,height_cm
wta,334245,Natalia Sousa Salazar,False,False,True,2,2025-10-20,height_cm
wta,334602,Nauhany Vitoria Leme Da Silva,False,False,True,3,2025-10-20,height_cm
wta,327918,Nika Radisic,False,False,True,1,2025-09-08,height_cm
wta,330574,Noemi Basiletti,False,False,True,2,2025-10-20,height_cm
wta,326653,Olivia Gadecki,False,False,True,16,2026-01-04,height_cm
wta,322579,Petra Hule,False,False,True,1,2025-07-07,height_cm
wta,329774,Pia Lovric,False,False,True,1,2025-09-08,height_cm
wta,333580,Pietra Rivoli,False,False,True,1,2025-10-13,height_cm
wta,330466,Polina Iatcenko,False,False,True,10,2026-02-02,height_cm
wta,328797,Priska Nugroho,False,False,True,6,2026-02-02,height_cm
wta,328153,Radka Zelnickova,False,False,True,1,2025-10-20,height_cm
wta,335945,Ru Xi Wu,False,False,True,2,2025-09-22,height_cm
wta,332761,Ruth Roura Llaverias,False,False,True,2,2025-04-28,height_cm
wta,325614,Sada Nahimana,False,False,True,14,2025-12-01,height_cm
wta,331152,Sahaja Yamalapalli,False,False,True,8,2026-02-02,height_cm
wta,331491,Samira De Stefano,False,False,True,2,2025-10-20,height_cm
wta,322752,Sara Cakarevic,False,False,True,1,2025-04-28,height_cm
wta,332175,Sara Saito,False,False,True,11,2026-01-26,height_cm
wta,330848,Sara Svetac,False,False,True,1,2025-06-03,height_cm
wta,320329,Shilin Xu,False,False,True,1,2026-02-16,height_cm
wta,328071,Shrivalli Bhamidipaty,False,False,True,6,2026-02-02,height_cm
wta,328426,Sijia Wei,False,False,True,14,2025-10-27,height_cm
wta,329578,Silvia Ambrosio,False,False,True,9,2025-10-20,height_cm
wta,327061,Sinja Kraus,False,False,True,41,2026-03-17,height_cm
wta,330451,Sofia Costoulas,False,False,True,18,2026-02-16,height_cm
wta,330932,Sofia Da Cruz Mendonca,False,False,True,2,2025-10-20,height_cm
wta,326561,Sohyun Park,False,False,True,3,2026-02-02,height_cm
wta,321032,Susan Bandecchi,False,False,True,10,2025-10-20,height_cm
wta,332661,Tahlia Kokkinis,False,False,True,1,2026-01-05,height_cm
wta,313144,Tania Varela,False,False,True,1,2025-12-01,height_cm
wta,330236,Tara Wuerth,False,False,True,15,2025-10-13,height_cm
wta,322735,Tatiana Pieri,False,False,True,5,2025-09-29,height_cm
wta,330723,Tatiana Prozorova,False,False,True,25,2026-02-02,height_cm
wta,318559,Tena Lukas,False,False,True,1,2025-06-03,height_cm
wta,337030,Tennielle Madis,True,False,True,1,2026-01-26,"age,height_cm"
wta,321236,Thaisa Grana Pedretti,False,False,True,2,2025-10-13,height_cm
wta,327633,Thasaporn Naklo,False,False,True,1,2025-10-27,height_cm
wta,326908,Tina Smith,False,False,True,11,2026-01-05,height_cm
wta,324972,Tiphanie Lemaitre,False,False,True,5,2026-02-16,height_cm
wta,322990,Vaidehee Chaudhari,False,False,True,1,2026-02-02,height_cm
wta,333018,Vaishnavi Adkar,False,False,True,3,2026-02-02,height_cm
wta,332846,Valentina Mediorreal Arias,False,False,True,3,2025-12-01,height_cm
wta,327219,Valentina Ryser,False,False,True,8,2025-09-15,height_cm
wta,332270,Valentina Steiner,False,False,True,1,2025-07-14,height_cm
wta,330838,Valentina Vargas,False,True,True,1,2025-12-01,"hand,height_cm"
wta,319133,Valeriya Strakhova,False,False,True,7,2025-12-01,height_cm
wta,331847,Vendula Valdmannova,False,False,True,1,2026-02-01,height_cm
wta,327655,Veronika Erjavec,False,False,True,49,2026-03-10,height_cm
wta,331197,Veronika Podrez,False,False,True,2,2025-12-01,height_cm
wta,335246,Victoria Luiza Barros,False,False,True,1,2025-09-08,height_cm
wta,324465,Viktoria Morvayova,False,False,True,4,2026-02-02,height_cm
wta,332494,Vittoria Paganetti,False,False,True,1,2025-06-02,height_cm
wta,331857,Wakana Sonobe,False,False,True,5,2025-10-20,height_cm
wta,332314,Weronika Ewald,False,False,True,1,2025-07-28,height_cm
wta,321329,Wushuang Zheng,False,False,True,7,2025-10-27,height_cm
wta,333671,Xiaowei Li,False,False,True,1,2025-10-13,height_cm
wta,331361,Xinxin Yao,False,False,True,3,2025-09-29,height_cm
wta,330633,Yara Bartashevich,False,False,True,1,2025-04-28,height_cm
wta,330733,Yasmine Kabbaj,False,False,True,3,2026-02-02,height_cm
wta,325188,Yasmine Mansouri,False,False,True,2,2026-02-16,height_cm
wta,331136,Yelyzaveta Kotliar,False,False,True,2,2025-10-05,height_cm
wta,327252,Yeonwoo Ku,False,False,True,1,2025-09-15,height_cm
wta,332913,Yufei Ren,False,False,True,2,2025-10-13,height_cm
wta,325338,Yuliia Starodubtseva,False,False,True,34,2026-03-17,height_cm
wta,333753,Zuzanna Pawlikowska,False,False,True,1,2026-02-02,height_cm
