event_date,fighter_a,fighter_b,bet_on,bet_side,bet_size,odds,model_prob,market_prob,edge,won,profit,bankroll_after
2022-01-15,Katlyn Chookagian,Jennifer Maia,Jennifer Maia,b,23.58,5.192423024806017,0.2687398076057434,0.19258831478534222,0.07615149282040118,False,-23.58,976.42
2022-01-15,TJ Brown,Charles Rosa,Charles Rosa,b,29.5,2.885614303960973,0.42550730109214785,0.3465466603167783,0.07896064077536957,False,-29.5,946.92
2022-02-05,Hakeem Dawodu,Michael Trizano,Hakeem Dawodu,a,24.47,1.9604127508773244,0.5607382178306579,0.5100966618139368,0.050641556016721156,True,23.501300013968127,970.4213000139681
2022-02-05,Jack Hermansson,Sean Strickland,Jack Hermansson,a,28.08,3.9239056074040186,0.3410940200090408,0.25484812838338916,0.08624589162565166,False,-28.08,942.3413000139681
2022-02-05,Shavkat Rakhmonov,Carlston Harris,Shavkat Rakhmonov,a,47.12,1.6294584733968502,0.7093648314476013,0.6137008192147114,0.0956640122328899,True,29.660083266459587,972.0013832804276
2022-02-12,Douglas Silva de Andrade,Sergey Morozov,Douglas Silva de Andrade,a,14.26,4.418752724572548,0.27170940935611726,0.2263082055800567,0.04540120377606055,True,48.75141385240454,1020.7527971328321
2022-02-12,Roxanne Modafferi,Casey O'Neill,Roxanne Modafferi,a,25.4,3.4425916239391703,0.3610940188169479,0.29047883375018335,0.07061518506676456,False,-25.4,995.3527971328322
2022-02-12,Israel Adesanya,Robert Whittaker,Robert Whittaker,b,26.25,3.2766417348869576,0.37847295999526975,0.305190521549192,0.07328243844607774,False,-26.25,969.1027971328322
2022-02-12,Alexander Hernandez,Renato Moicano,Alexander Hernandez,a,28.84,2.49050242024564,0.47276281714439394,0.4015254078337211,0.07123740931067285,False,-28.84,940.2627971328321
2022-02-19,Joaquin Buckley,Abdul Razak Alhassan,Abdul Razak Alhassan,b,30.37,3.530267378101735,0.37587857246398926,0.2832646632385424,0.09261390922544688,False,-30.37,909.8927971328321
2022-02-19,Jessica-Rose Clark,Stephanie Egger,Jessica-Rose Clark,a,37.61,1.53398479953684,0.7094466209411621,0.6518969420700469,0.05754967887111517,False,-37.61,872.2827971328321
2022-02-26,Arman Tsarukyan,Joel Alvarez,Arman Tsarukyan,a,28.36,1.6852222945743383,0.6462790727615356,0.5933935263137406,0.05288554644779497,True,19.432904274128234,891.7157014069603
2022-02-26,Ji Yeon Kim,Priscila Cachoeira,Priscila Cachoeira,b,14.19,2.824159531632415,0.3952148914337158,0.35408764582855634,0.04112724560515946,True,25.88482375386397,917.6005251608242
2022-02-26,Misha Cirkunov,Wellington Turman,Misha Cirkunov,a,27.61,2.029375741263021,0.5538045525550842,0.4927623700565331,0.06104218249855109,False,-27.61,889.9905251608242
2022-03-05,Kevin Holland,Alex Oliveira,Kevin Holland,a,44.5,1.4851861567860252,0.7472423672676086,0.6733162677492373,0.07392609951837137,True,21.590783976978116,911.5813091378022
2022-03-05,Colby Covington,Jorge Masvidal,Jorge Masvidal,b,13.68,8.35018377922348,0.1726139545440674,0.11975784323312155,0.052856111310945836,False,-13.68,897.9013091378023
2022-03-05,Dustin Jacoby,Michal Oleksiejczuk,Dustin Jacoby,a,36.7,1.6841478047199179,0.6601814150810241,0.5937721126361026,0.06640930244492149,True,25.10822443322099,923.0095335710232
2022-03-05,Marina Rodriguez,Yan Xiaonan,Marina Rodriguez,a,46.15,1.7479186506242543,0.670092511177063,0.5721090049830743,0.09798350619398877,True,34.516445726309335,957.5259792973326
2022-03-12,JJ Aldrich,Gillian Robertson,JJ Aldrich,a,33.84,2.656152457613983,0.46463642120361326,0.37648441343547656,0.0881520077681367,True,56.044199165657204,1013.5701784629898
2022-03-12,Marlon Moraes,Song Yadong,Song Yadong,b,23.45,2.2574926091748373,0.4945193111896515,0.44296933506485403,0.05154997612479745,True,29.488201685149935,1043.0583801481398
2022-03-12,Thiago Santos,Magomed Ankalaev,Magomed Ankalaev,b,42.31,1.4025075545889407,0.7595726430416108,0.7130086370858008,0.046564005955810006,True,17.030094634658084,1060.088474782798
2022-03-19,Arnold Allen,Dan Hooker,Arnold Allen,a,31.76,1.9962953285237404,0.5607382178306579,0.5009278866266244,0.05981033120403356,True,31.642339633913995,1091.7308144167118
2022-03-19,Gunnar Nelson,Takashi Sato,Gunnar Nelson,a,54.59,1.1635369597903118,0.9147651672363282,0.8594484185360267,0.055316748700301455,True,8.927482634953122,1100.6582970516652
2022-03-19,Alexander Volkov,Tom Aspinall,Tom Aspinall,b,20.34,2.2198331787530163,0.49111059308052063,0.4504843019608107,0.040626291119709945,True,24.81140685583635,1125.4697039075015
2022-03-19,Shamil Abdurakhimov,Sergei Pavlovich,Sergei Pavlovich,b,35.3,1.63597972708226,0.6600317746400833,0.6112545182839654,0.04877725635611796,True,22.45008436600378,1147.9197882735054
2022-03-19,Jai Herbert,Ilia Topuria,Jai Herbert,a,16.97,3.4426123005244347,0.3324379652738571,0.2904770891127252,0.04196087616113192,False,-16.97,1130.9497882735054
2022-03-26,Matheus Nicolau,David Dvorak,David Dvorak,b,34.27,2.2703985025797455,0.5082633137702942,0.44045131234175305,0.06781200142854116,False,-34.27,1096.6797882735054
2022-03-26,Sara McMann,Karol Rosa,Karol Rosa,b,49.81,1.381614599377819,0.7739674910902977,0.7237908461956966,0.05017664489460116,False,-49.81,1046.8697882735055
2022-03-26,Askar Askarov,Kai Kara-France,Kai Kara-France,b,25.71,4.603763135932797,0.29411543607711793,0.21721360775381937,0.07690182832329856,True,92.65275022483223,1139.5225384983378
2022-04-09,Aspen Ladd,Raquel Pennington,Raquel Pennington,b,32.03,3.2869091901919996,0.38246936798095704,0.30423718519025666,0.07823218279070038,True,73.24970136184974,1212.7722398601875
2022-04-09,Vinc Pichel,Mark Madsen,Vinc Pichel,a,56.68,3.340244468928047,0.4303665399551392,0.29937928475065195,0.13098725520448723,False,-56.68,1156.0922398601874
2022-04-09,Mackenzie Dern,Tecia Torres,Tecia Torres,b,24.26,1.959501042380464,0.5514291226863861,0.5103339974676249,0.04109512521876124,False,-24.26,1131.8322398601874
2022-04-16,Rafa Garcia,Jesse Ronson,Rafa Garcia,a,44.57,2.7097595966611303,0.46841487288475037,0.36903642715470575,0.09937844573004462,True,76.20398522318658,1208.0362250833741
2022-04-16,Mayra Bueno Silva,Wu Yanan,Wu Yanan,b,50.41,1.794452902193283,0.6311676174402236,0.5572729152031479,0.07389470223707573,False,-50.41,1157.626225083374
2022-04-23,Dwight Grant,Sergey Khandozhko,Sergey Khandozhko,b,35.98,1.6380721234956646,0.6589059799909591,0.6104737304643147,0.04843224952664438,True,22.957835003374008,1180.584060086748
2022-04-23,Jordan Wright,Marc-Andre Barriault,Marc-Andre Barriault,b,37.04,1.573980402575261,0.6811020314693451,0.6353319255842413,0.04577010588510377,True,21.260234111387668,1201.8442941981357
2022-04-23,Tyson Pedro,Ike Villanueva,Tyson Pedro,a,58.19,1.2638013921279332,0.8316882491111756,0.7912635689665162,0.040424680144659386,True,15.350603007924434,1217.19489720606
2022-04-30,Jared Gordon,Grant Dawson,Jared Gordon,a,33.76,2.9379975378986427,0.41354362964630126,0.34036788223969533,0.07317574740660593,False,-33.76,1183.43489720606
2022-05-07,Michael Chandler,Tony Ferguson,Tony Ferguson,b,35.97,4.459620437309099,0.3185436248779297,0.2242343298174031,0.0943092950605266,False,-35.97,1147.46489720606
2022-05-07,Ariane Carnelossi,Loopy Godinez,Ariane Carnelossi,a,24.24,6.150367341158679,0.23336045145988465,0.16259191435736392,0.07076853710252073,False,-24.24,1123.22489720606
2022-05-07,Randy Brown,Khaos Williams,Randy Brown,a,21.48,2.1028845030789345,0.5156511545181275,0.47553729105704656,0.04011386346108092,True,23.689959126135516,1146.9148563321955
2022-05-14,Virna Jandiroba,Angela Hill,Virna Jandiroba,a,57.35,1.7487469862462353,0.6677765727043152,0.5718380119393631,0.09593856076495211,True,42.94063966122159,1189.8554959934172
2022-05-14,Nick Maximov,Andre Petroski,Andre Petroski,b,41.84,8.038654227946818,0.2475610375404358,0.12439893191617146,0.12316210562426433,True,294.49729289729487,1484.3527888907122
2022-05-14,Jan Blachowicz,Aleksandar Rakic,Jan Blachowicz,a,27.02,5.0603404631514834,0.25604906380176545,0.19761516192078885,0.05843390188097661,True,109.7103993143531,1594.0631882050652
2022-05-21,Santiago Ponzinibbio,Michel Pereira,Santiago Ponzinibbio,a,45.34,2.6043092218036685,0.45407153367996217,0.3839789805403481,0.07009255313961404,False,-45.34,1548.7231882050653
2022-05-21,Polyana Viana,Tabatha Ricci,Tabatha Ricci,b,62.1,1.7771728423301474,0.6328311860561371,0.5626914705093321,0.07013971554680498,True,48.26243350870215,1596.9856217137676
2022-05-21,Omar Morales,Uros Medic,Omar Morales,a,39.19,1.863089356537855,0.5822122812271118,0.5367429084873748,0.045469372739736946,False,-39.19,1557.7956217137676
2022-05-21,Elise Reed,Sam Hughes,Sam Hughes,b,37.64,2.446588176759755,0.4658735990524292,0.40873245832667815,0.05714114072575105,True,54.44957897323718,1612.2452006870046
2022-06-04,Erin Blanchfield,JJ Aldrich,JJ Aldrich,b,46.85,17.31247190261007,0.16728460788726807,0.057761826596769095,0.10952278129049897,False,-46.85,1565.3952006870047
2022-06-04,Jeff Molina,Zhalgas Zhumagulov,Jeff Molina,a,51.43,1.604728946346103,0.6726850152015686,0.6231581989450342,0.049526816256534434,True,31.101209710580072,1596.4964103975847
2022-06-04,Alexander Volkov,Jairzinho Rozenstruik,Alexander Volkov,a,62.48,1.981457089924608,0.5822122812271118,0.5046791096738051,0.07753317155330663,True,61.3214389784895,1657.8178493760743
2022-06-04,Felice Herrig,Karolina Kowalkiewicz,Felice Herrig,a,45.21,1.9488452069475992,0.5662395715713501,0.5131243858850448,0.053115185686305244,False,-45.21,1612.6078493760742
2022-06-11,Glover Teixeira,Jiri Prochazka,Jiri Prochazka,b,39.51,1.7096544059644456,0.625589394569397,0.5849135337009135,0.040675860868483515,True,28.03844557965524,1640.6462949557294
2022-06-11,Brendan Allen,Jacob Malkoun,Brendan Allen,a,51.68,1.5743563149349182,0.6811514377593995,0.6351802260477093,0.04597121171169016,True,29.68273435583658,1670.329029311566
2022-06-11,Zhang Weili,Joanna Jedrzejczyk,Joanna Jedrzejczyk,b,38.4,6.3609646820814465,0.23470557928085328,0.15720885902997628,0.077496720250877,False,-38.4,1631.929029311566
2022-06-18,Calvin Kattar,Josh Emmett,Calvin Kattar,a,65.13,1.705214238993,0.6524594068527222,0.5864365761985084,0.06602283065421377,False,-65.13,1566.7990293115658
2022-06-18,Tim Means,Kevin Holland,Tim Means,a,33.8,3.530760249367244,0.3450726568698883,0.2832251213259842,0.0618475355439041,False,-33.8,1532.999029311566
2022-06-18,Roman Dolidze,Kyle Daukaus,Kyle Daukaus,b,76.65,1.4291774410439058,0.7650603175163269,0.6997031798022055,0.06535713771412133,False,-76.65,1456.3490293115658
2022-06-18,Eddie Wineland,Cody Stamann,Eddie Wineland,a,27.41,5.482804348860108,0.24393163174390792,0.18238841592221017,0.06154321582169775,False,-27.41,1428.9390293115657
2022-06-18,Phil Hawes,Deron Winn,Phil Hawes,a,56.18,2.045281431527807,0.5693044304847718,0.48893026875671036,0.08037416172806139,True,58.723910823232195,1487.6629401347977
2022-06-25,Neil Magny,Shavkat Rakhmonov,Neil Magny,a,30.4,3.6870727190519275,0.3307830423116684,0.271217867451536,0.05956517486013241,False,-30.4,1457.2629401347976
2022-06-25,Thiago Moises,Christos Giagos,Christos Giagos,b,47.17,3.5787244714258843,0.3727178931236267,0.2794291675663889,0.09328872555723777,False,-47.17,1410.0929401347976
2022-07-02,Jim Miller,Donald Cerrone,Jim Miller,a,39.45,1.6596755799745984,0.6470031142234802,0.602527392742204,0.04447572148127621,True,26.024201629997904,1436.1171417647954
2022-07-02,Robbie Lawler,Bryan Barberena,Bryan Barberena,b,29.32,2.0133132433613175,0.5377967059612274,0.49669369796150287,0.04110300799972455,True,29.710344295353828,1465.8274860601493
2022-07-02,Sean Strickland,Alex Pereira,Alex Pereira,b,57.69,2.5154103365786167,0.4923891007900238,0.39754945165732647,0.09483964913269732,True,87.42402231722039,1553.2515083773696
2022-07-02,Uriah Hall,Andre Muniz,Uriah Hall,a,21.76,3.7340961807564406,0.3088365375995636,0.26780242168197804,0.041034115917585545,False,-21.76,1531.4915083773697
2022-07-02,Jessica Eye,Maycee Barber,Maycee Barber,b,54.84,1.679040257652459,0.6535081133246422,0.595578334374272,0.057929778950370214,True,37.23856772966086,1568.7300761070305
2022-07-02,Ian Garry,Gabe Green,Ian Garry,a,36.19,2.1192699316755528,0.5205946922302246,0.4718606087188585,0.0487340835113661,True,40.50637882733825,1609.2364549343688
2022-07-02,Brad Tavares,Dricus Du Plessis,Dricus Du Plessis,b,31.86,2.5523395814901337,0.43996620178222656,0.39179739532001046,0.04816880646221611,True,49.45753906627566,1658.6939940006446
2022-07-09,Antonina Shevchenko,Cortney Casey,Antonina Shevchenko,a,36.97,1.8433157340960635,0.5832911729812622,0.5425006587329902,0.04079051424827196,True,31.17738268953147,1689.871376690176
2022-07-09,Douglas Silva de Andrade,Said Nurmagomedov,Said Nurmagomedov,b,52.98,1.4921483079230673,0.7115338325500489,0.6701746700982476,0.04135916245180127,True,26.0740173537641,1715.94539404394
2022-07-16,Lauren Murphy,Miesha Tate,Lauren Murphy,a,27.31,3.0608445481320463,0.3695650935173035,0.32670721569648936,0.04285787782081413,True,56.281664609486185,1772.2270586534262
2022-07-16,Li Jingliang,Muslim Salikhov,Li Jingliang,a,45.42,2.093256120054586,0.5312692523002625,0.47772462739720684,0.053544624903055615,True,49.655692972879294,1821.8827516263054
2022-07-16,Bill Algeo,Herbert Burns,Herbert Burns,b,81.24,4.211250158252607,0.37346763610839845,0.23745917777891745,0.136008458329481,False,-81.24,1740.6427516263054
2022-07-16,Punahele Soriano,Dalcha Lungiambula,Dalcha Lungiambula,b,53.43,2.4507275134305604,0.48071880340576173,0.40804209954789583,0.0726767038578659,False,-53.43,1687.2127516263054
2022-07-23,Paul Craig,Volkan Oezdemir,Paul Craig,a,32.57,2.3384068220153313,0.47183445692062376,0.4276415851105671,0.044192871810056655,False,-32.57,1654.6427516263054
2022-07-23,Nikita Krylov,Alexander Gustafsson,Nikita Krylov,a,51.23,2.0118179088699293,0.5593498170375824,0.49706287810198296,0.06228693893559939,True,51.83543147140647,1706.478183097712
2022-07-23,Mason Jones,Ludovit Klein,Ludovit Klein,b,22.76,5.0658962309209405,0.2402183771133423,0.19739843739716867,0.04281993971617362,True,92.53979821576061,1799.0179813134725
2022-07-23,Nathaniel Wood,Charles Rosa,Nathaniel Wood,a,89.95,1.419562894973818,0.780184555053711,0.7044421938194178,0.07574236123429323,True,37.73968240289493,1836.7576637163675
2022-07-23,Jai Herbert,Kyle Nelson,Jai Herbert,a,40.07,1.942618283208778,0.5571088552474975,0.5147691693440772,0.0423396859034203,True,37.77071460817573,1874.5283783245432
2022-07-30,Brandon Moreno,Kai Kara-France,Brandon Moreno,a,43.82,2.005958940923199,0.5454059422016144,0.49851469020585826,0.04689125199575617,True,44.081120791254584,1918.609499115798
2022-07-30,Julianna Pena,Amanda Nunes,Julianna Pena,a,55.49,2.471821249942375,0.473443466424942,0.4045599980270874,0.06888346839785459,False,-55.49,1863.119499115798
2022-07-30,Derrick Lewis,Sergei Pavlovich,Sergei Pavlovich,b,41.09,2.4828361867733517,0.4554552972316742,0.4027651946299291,0.052690102601745115,True,60.92973891451703,1924.049238030315
2022-07-30,Alexandre Pantoja,Alex Perez,Alex Perez,b,38.23,3.1390735362546347,0.3727178931236267,0.31856533096486284,0.05415256215876385,False,-38.23,1885.819238030315
2022-07-30,Drakkar Klose,Rafa Garcia,Drakkar Klose,a,56.52,1.9110419714579046,0.5804232597351074,0.5232747448435763,0.057148514891531166,True,51.49209222680077,1937.311330257116
2022-08-06,Vicente Luque,Geoff Neal,Geoff Neal,b,48.4,2.3155806028893404,0.4886354148387909,0.431857132829761,0.0567782820090299,True,63.67410117984408,2000.98543143696
2022-08-06,Sam Alvey,Michal Oleksiejczuk,Michal Oleksiejczuk,b,100.05,2.279473313879989,0.6313344061374664,0.4386978316047303,0.19263657453273608,True,128.01130505369287,2128.996736490653
2022-08-06,Thiago Santos,Jamahal Hill,Jamahal Hill,b,71.82,1.5468426383938123,0.6941782593727112,0.6464781711980511,0.047700088174660094,True,39.2742382894436,2168.2709747800964
2022-08-20,Tyson Pedro,Harry Hunsucker,Tyson Pedro,a,91.55,1.4685495453672246,0.7348312377929688,0.6809439988965035,0.053887238896465295,True,42.8957108783694,2211.1666856584657
2022-08-20,Paulo Costa,Luke Rockhold,Luke Rockhold,b,40.0,4.038359291969779,0.30207284688949587,0.24762531704112756,0.054447529848368315,False,-40.0,2171.1666856584657
2022-08-20,Amir Albazi,Francisco Figueiredo,Amir Albazi,a,108.56,1.4204363422364148,0.7973722815513611,0.7040090219217736,0.09336325962958747,True,45.64256931318519,2216.8092549716507
2022-08-20,Leonardo Santos,Jared Gordon,Jared Gordon,b,110.84,1.9855091619703604,0.6193820774555207,0.5036491491218452,0.11573292833367543,True,109.23383551279474,2326.043090484445
2022-08-20,Wu Yanan,Lucie Pudilova,Wu Yanan,a,87.49,2.15492118805322,0.5446898877620697,0.46405409420258714,0.08063579355948258,False,-87.49,2238.5530904844454
2022-09-10,Jake Collier,Chris Barnett,Chris Barnett,b,68.35,8.175480794069726,0.22951416969299315,0.12231696522672686,0.1071972044662663,True,490.4441122746657,2728.997202759111
2022-09-10,Johnny Walker,Ion Cutelaba,Johnny Walker,a,86.61,4.94218048834285,0.303596967458725,0.20233983812584463,0.10125712933288036,True,341.4322520953742,3070.4294548544854
2022-09-10,Khamzat Chimaev,Kevin Holland,Kevin Holland,b,44.18,3.85428965643198,0.30207284688949587,0.2594511801496847,0.04262166673981116,False,-44.18,3026.2494548544855
2022-09-17,Tanner Boser,Rodrigo Nascimento,Tanner Boser,a,111.79,1.6839835271427166,0.6538448572158814,0.5938300368630925,0.06001482035278882,False,-111.79,2914.4594548544856
2022-09-17,Anthony Hernandez,Marc-Andre Barriault,Marc-Andre Barriault,b,46.15,3.1590866885813838,0.35983494520187376,0.3165471854933677,0.04328775970850607,False,-46.15,2868.3094548544855
2022-10-01,Ilir Latifi,Aleksei Oleinik,Aleksei Oleinik,b,133.48,1.9019483714454541,0.6140493392944336,0.5257766272803788,0.08827271201405484,False,-133.48,2734.8294548544854
2022-10-01,Krzysztof Jotko,Brendan Allen,Krzysztof Jotko,a,89.32,1.9326513202615314,0.5804681062698365,0.5174239085530842,0.06304419771675229,False,-89.32,2645.5094548544853
2022-10-01,Joaquim Silva,Jesse Ronson,Jesse Ronson,b,58.09,2.094176020695083,0.5234078764915466,0.4775147791388078,0.04589309735273883,False,-58.09,2587.419454854485
2022-10-01,Mike Davis,Viacheslav Borshchev,Viacheslav Borshchev,b,121.63,2.295170737275517,0.5418052434921264,0.4356974336414947,0.10610780985063173,False,-121.63,2465.789454854485
2022-10-01,Raoni Barcelos,Trevin Jones,Trevin Jones,b,41.67,4.232396237435322,0.2878960371017456,0.23627277407418823,0.051623263027557376,False,-41.67,2424.119454854485
2022-10-01,Randy Brown,Francisco Trinaldo,Randy Brown,a,120.43,1.6188909577274846,0.6936753273010254,0.6177068290033247,0.07596849829770069,True,74.53303803912098,2498.652492893606
2022-10-15,Alexa Grasso,Viviane Araujo,Alexa Grasso,a,88.56,1.4856631285253101,0.7194466233253479,0.6731000997464438,0.04634652357890412,True,43.010326662201464,2541.6628195558073
2022-10-15,Mana Martinez,Brandon Davis,Brandon Davis,b,54.18,3.8903237322454682,0.3203935742378235,0.2570480167784923,0.06334555745933118,False,-54.18,2487.4828195558075
2022-10-22,Belal Muhammad,Sean Brady,Belal Muhammad,a,124.37,4.083919101173451,0.4069261997938156,0.24486283279036197,0.16206336700345364,True,383.5470186129421,2871.02983816875
2022-10-22,Makhmud Muradov,Caio Borralho,Makhmud Muradov,a,47.54,4.410862502249933,0.2779324114322662,0.2267130293655517,0.0512193820667145,False,-47.54,2823.48983816875
2022-10-22,Muhammad Mokaev,Malcolm Gordon,Muhammad Mokaev,a,141.17,1.2294177402357371,0.8757823348045349,0.8133931757062924,0.0623891590982425,True,32.38690238907901,2855.8767405578287
2022-10-22,Charles Oliveira,Islam Makhachev,Islam Makhachev,b,142.79,1.627263424258524,0.696149218082428,0.6145286528858462,0.08162056519658178,True,89.56694434987463,2945.4436849077033
2022-10-22,Katlyn Chookagian,Manon Fiorot,Katlyn Chookagian,a,78.04,3.074516363530096,0.3967614769935608,0.32525440809552914,0.07150706889803166,False,-78.04,2867.4036849077033
2022-10-22,Aljamain Sterling,TJ Dillashaw,TJ Dillashaw,b,76.33,3.0942095260422824,0.3952479839324951,0.32318431947918935,0.07206366445330575,False,-76.33,2791.0736849077034
2022-10-22,Volkan Oezdemir,Nikita Krylov,Volkan Oezdemir,a,69.83,3.538419151991748,0.35440518856048586,0.2826120810015139,0.07179310755897195,False,-69.83,2721.2436849077035
2022-10-29,Joseph Holmes,JunYong Park,Joseph Holmes,a,44.14,4.104160759169839,0.2927306056022644,0.24365517304986684,0.04907543255239755,False,-44.14,2677.1036849077036
2022-10-29,Andrei Arlovski,Marcos Rogerio de Lima,Marcos Rogerio de Lima,b,83.31,1.8768399780456828,0.5909686625003815,0.5328104748926334,0.058158187607748046,True,73.04953857098585,2750.1532234786896
2022-11-05,Darrick Minner,Shayilan Nuerdanbieke,Shayilan Nuerdanbieke,b,137.51,1.360481826707918,0.8143345475196838,0.7350337067124162,0.07930084080726763,True,49.56985599060579,2799.7230794692955
2022-11-05,Neil Magny,Daniel Rodriguez,Neil Magny,a,84.88,2.0423768567339295,0.5515163779258728,0.4896256029845304,0.06189077494134243,True,88.47694759957594,2888.2000270688713
2022-11-05,Marina Rodriguez,Amanda Lemos,Marina Rodriguez,a,144.41,1.8404088734341115,0.6409619092941284,0.5433575193180034,0.09760438997612508,False,-144.41,2743.7900270688715
2022-11-05,Tagir Ulanbekov,Nate Maness,Nate Maness,b,83.32,8.195663570027685,0.22866741418838502,0.1220157454555717,0.10665166873281332,False,-83.32,2660.4700270688713
2022-11-12,Dustin Poirier,Michael Chandler,Dustin Poirier,a,50.56,2.199195731524889,0.4961614370346069,0.4547116864885033,0.041449750546103614,True,60.63133618589839,2721.1013632547697
2022-11-12,Frankie Edgar,Chris Gutierrez,Chris Gutierrez,b,128.9,1.2730645669419676,0.8261492192745209,0.7855061133325729,0.04064310594194798,True,35.198022678819626,2756.2993859335893
2022-11-12,Brad Riddell,Renato Moicano,Renato Moicano,b,80.67,1.6239444475866842,0.6607646048069,0.6157846110352375,0.04497999377166251,True,50.333598586817814,2806.6329845204073
2022-11-12,Matt Frevola,Ottman Azaitar,Ottman Azaitar,b,53.06,2.28177832690055,0.480734771490097,0.4382546666390458,0.04248010485105125,False,-53.06,2753.5729845204073
2022-11-19,Kennedy Nzechukwu,Ion Cutelaba,Ion Cutelaba,b,68.25,2.8114092968252216,0.41957674026489256,0.35569349547547136,0.0638832447894212,False,-68.25,2685.3229845204073
2022-12-03,Matheus Nicolau,Matt Schnell,Matt Schnell,b,46.76,15.888884312212037,0.12821102142333984,0.06293708106562335,0.0652739403577165,False,-46.76,2638.562984520407
2022-12-03,Tai Tuivasa,Sergei Pavlovich,Sergei Pavlovich,b,50.93,2.1134935170964324,0.5138257384300232,0.47315025662999133,0.04067548180003189,True,56.710224825721305,2695.2732093461286
2022-12-03,Niko Price,Phil Rowe,Phil Rowe,b,70.88,2.0933465652219194,0.5326428294181824,0.47770398681882287,0.05493884259935955,True,77.49640454292964,2772.7696138890583
2022-12-03,Jack Hermansson,Roman Dolidze,Roman Dolidze,b,42.73,3.0263136826419688,0.3717058300971985,0.33043501264779696,0.04127081744940153,True,86.58438365929132,2859.3539975483495
2022-12-10,Bryce Mitchell,Ilia Topuria,Bryce Mitchell,a,57.71,2.0275118484580714,0.5341264009475708,0.49321536678589717,0.04091103416167363,False,-57.71,2801.6439975483495
2022-12-10,Darren Till,Dricus Du Plessis,Dricus Du Plessis,b,140.08,1.4910231065268071,0.7752997815608978,0.6706804177766248,0.10461936378427306,True,68.78251676227515,2870.426514310625
2022-12-10,Santiago Ponzinibbio,Alex Morono,Santiago Ponzinibbio,a,69.08,2.094348830708347,0.5277762472629547,0.4774753781879696,0.0503008690749851,True,75.59761722533263,2946.0241315359576
2022-12-10,Paddy Pimblett,Jared Gordon,Paddy Pimblett,a,116.27,1.6248807432592827,0.6761392116546631,0.6154297810152765,0.06070943063938661,True,72.65488401875679,3018.6790155547146
2022-12-17,Jared Cannonier,Sean Strickland,Sean Strickland,b,63.44,2.3810954676186014,0.46873074769973755,0.41997476102885,0.04875598667088754,False,-63.44,2955.2390155547146
2022-12-17,Drew Dober,Bobby Green,Drew Dober,a,64.99,2.0409491882151936,0.5348308205604553,0.4899681019861637,0.04486271857429158,True,67.65128774210542,3022.89030329682
2022-12-17,Sergey Morozov,Journey Newson,Journey Newson,b,59.04,3.864749660064653,0.31665451526641847,0.2587489715914151,0.05790554367500339,False,-59.04,2963.85030329682
2023-01-14,Dan Ige,Damon Jackson,Dan Ige,a,66.37,1.8546226359855424,0.5804681062698365,0.5391932464302109,0.04127485983962553,True,56.721304350360455,3020.571607647181
2023-01-21,Glover Teixeira,Jamahal Hill,Glover Teixeira,a,84.21,2.7106422767440828,0.4392894446849823,0.36891625596615457,0.07037318871882775,False,-84.21,2936.361607647181
2023-01-21,Deiveson Figueiredo,Brandon Moreno,Deiveson Figueiredo,a,86.83,2.578195202392465,0.46027244329452516,0.38786822621965894,0.07240421707486622,False,-86.83,2849.531607647181
2023-01-21,Josiane Nunes,Zarah Fairn,Josiane Nunes,a,115.91,1.3381058476890821,0.7884360551834106,0.7473250354050891,0.041111019778321545,True,39.1898488056415,2888.7214564528226
2023-02-04,Derrick Lewis,Serghei Spivac,Serghei Spivac,b,130.88,1.6864794026126138,0.6667190194129944,0.5929512085655168,0.07376781084747763,True,89.84642421393889,2978.5678806667615
2023-02-11,Justin Tafa,Parker Porter,Justin Tafa,a,98.45,1.610714736999246,0.6709688663482666,0.6208423981163761,0.050126468231890486,True,60.124865857575784,3038.6927465243375
2023-02-11,Loma Lookboonmee,Elise Reed,Elise Reed,b,40.75,4.98758491382988,0.2433808207511902,0.20049783959108924,0.04288298116010095,False,-40.75,2997.9427465243375
2023-02-18,Ovince Saint Preux,Philipe Lins,Ovince Saint Preux,a,42.63,3.666505341490516,0.3141008198261261,0.27273927264850995,0.04136154717761614,False,-42.63,2955.3127465243374
2023-02-18,Jim Miller,Alexander Hernandez,Alexander Hernandez,b,129.68,1.7750054397482695,0.6400155007839203,0.5633785551337913,0.07663694565012902,True,100.5027054265556,3055.815451950893
2023-03-04,Valentina Shevchenko,Alexa Grasso,Alexa Grasso,b,100.07,5.615446556626971,0.2857393503189087,0.17808022744333085,0.10765912287557783,True,461.8677369216609,3517.6831888725537
2023-03-04,Derek Brunson,Dricus Du Plessis,Dricus Du Plessis,b,174.18,1.2824093848026121,0.8233982229605317,0.7797821911244978,0.04361603183603391,True,49.19006664491897,3566.873255517473
2023-03-04,Geoff Neal,Shavkat Rakhmonov,Shavkat Rakhmonov,b,122.57,1.5359836608500352,0.6990121334791184,0.651048592174858,0.04796354130426039,True,65.69551731038882,3632.5687728278617
2023-03-04,Mateusz Gamrot,Jalin Turner,Jalin Turner,b,95.11,3.255328115003341,0.379745876789093,0.3071886963993409,0.07255718038975212,False,-95.11,3537.4587728278616
2023-03-11,Said Nurmagomedov,Jonathan Martinez,Said Nurmagomedov,a,176.87,2.1086882290686275,0.5804232597351074,0.4742284735196171,0.10619478621549033,False,-176.87,3360.5887728278617
2023-03-11,Victor Henry,Tony Gravely,Victor Henry,a,85.0,1.6651486199778396,0.6409619092941284,0.6005469950263709,0.04041491426775756,True,56.53763269811637,3417.126405525978
2023-03-11,Tyson Nam,Bruno Silva,Bruno Silva,b,170.86,2.047451107250731,0.5979022979736328,0.4884121513127492,0.10949014666088364,True,178.96749618485995,3596.093901710838
2023-03-11,Carlston Harris,Jared Gooden,Carlston Harris,a,73.42,2.058109845653613,0.5278688073158264,0.4858827152067876,0.04198609210903881,True,77.68642486788825,3673.780326578726
2023-03-18,Marvin Vettori,Roman Dolidze,Roman Dolidze,b,99.83,6.349568918707911,0.24906394481658936,0.1574910065238716,0.09157293829271776,False,-99.83,3573.950326578726
2023-03-18,Jennifer Maia,Casey O'Neill,Jennifer Maia,a,89.88,2.9090488328839275,0.4097666323184967,0.3437549719674646,0.06601166035103212,True,171.5853090996074,3745.5356356783336
2023-03-18,Leon Edwards,Kamaru Usman,Leon Edwards,a,80.84,2.084835119851513,0.5245749711990356,0.47965423763161774,0.04492073356741788,True,87.69807108879633,3833.2337067671297
2023-03-18,Gunnar Nelson,Bryan Barberena,Bryan Barberena,b,58.28,4.574839493609385,0.26610809564590454,0.21858690373660206,0.047521191909302485,False,-58.28,3774.9537067671295
2023-03-18,Jake Hadley,Malcolm Gordon,Malcolm Gordon,b,92.11,19.999999999999982,0.1427165150642395,0.050000000000000044,0.09271651506423945,False,-92.11,3682.8437067671293
2023-03-25,Chidi Njokuani,Albert Duraev,Albert Duraev,b,85.88,2.718988946898155,0.42675577402114867,0.3677837679850844,0.058972006036064284,True,147.62677075961355,3830.470477526743
2023-03-25,Trevin Giles,Preston Parsons,Trevin Giles,a,139.74,2.4213077540134234,0.49865668416023257,0.4129999577056887,0.08565672645454386,True,198.6135455458358,4029.084023072579
2023-03-25,Andrea Lee,Maycee Barber,Maycee Barber,b,142.13,1.9221141605027174,0.5879540801048279,0.5202604613965572,0.06769361870827062,True,131.06008563225123,4160.14410870483
2023-03-25,Marlon Vera,Cory Sandhagen,Cory Sandhagen,b,124.34,2.0732387669294106,0.5442279279232025,0.48233711232452947,0.061890815598673043,True,133.44650828000292,4293.590616984832
2023-03-25,Daniel Pineda,Tucker Lutz,Daniel Pineda,a,101.72,6.299419556272347,0.23846616744995117,0.1587447845102328,0.07972138293971837,True,539.056957264023,4832.647574248855
2023-04-08,Alex Pereira,Israel Adesanya,Alex Pereira,a,138.28,1.874036463554307,0.5869885683059692,0.5336075468368395,0.05338102146912971,False,-138.28,4694.367574248855
2023-04-15,Pedro Munhoz,Chris Gutierrez,Chris Gutierrez,b,205.64,1.507202947919039,0.7224455147981643,0.663480655594973,0.05896485920319128,False,-205.64,4488.727574248855
2023-04-15,Edson Barboza,Billy Quarantillo,Billy Quarantillo,b,164.71,2.1204968914415514,0.5491451799869538,0.47158758121082756,0.07755759877612622,False,-164.71,4324.0175742488545
2023-04-15,Clay Guida,Rafa Garcia,Rafa Garcia,b,216.2,1.261883810113207,0.8563498288393021,0.7924659877443766,0.06388384109492551,True,56.61927974647534,4380.63685399533
2023-04-15,Brandon Royval,Matheus Nicolau,Brandon Royval,a,151.02,2.2535072757501875,0.520458436012268,0.44375272747548694,0.0767057085367811,True,189.30466878379335,4569.941522779123
2023-04-15,Zak Cummings,Ed Herman,Zak Cummings,a,151.19,1.7388804538876623,0.6313147664070129,0.5750826618151195,0.05623210459189343,True,111.71133582327565,4681.6528586024
2023-04-22,Rani Yahya,Montel Jackson,Montel Jackson,b,187.95,1.7426224292542551,0.6422793507575989,0.5738477728809814,0.06843157787661747,True,139.57588557833725,4821.228744180737
2023-04-22,Brad Tavares,Bruno Silva,Bruno Silva,b,88.75,2.938908719554555,0.38884090185165404,0.34026235430393637,0.048578547547717676,True,172.07814886046674,4993.306893041204
2023-04-22,Brady Hiestand,Batgerel Danaa,Batgerel Danaa,b,192.84,3.0028794765536344,0.43605109453201296,0.3330136982879136,0.10303739624409936,False,-192.84,4800.466893041204
2023-04-22,Karol Rosa,Norma Dumont,Norma Dumont,b,166.41,2.724425950149391,0.4548168420791626,0.3670497999570024,0.08776704212216024,True,286.96172236436007,5087.4286154055635
2023-04-29,Martin Buday,Jake Collier,Martin Buday,a,95.5,2.7976815052946034,0.4056850016117096,0.35743882858270437,0.048246173029005246,True,171.67858375563463,5259.107199161198
2023-04-29,Rodolfo Vieira,Cody Brundage,Cody Brundage,b,96.08,3.62542169110056,0.32875120639801025,0.2758299820555309,0.05292122434247937,False,-96.08,5163.027199161198
2023-04-29,Caio Borralho,Michal Oleksiejczuk,Caio Borralho,a,258.15,1.6747674463117004,0.6850347995758057,0.5970978252546499,0.08793697432115577,True,174.19121626536543,5337.218415426564
2023-04-29,Song Yadong,Ricky Simon,Song Yadong,a,138.53,2.3248078440743205,0.4893060028553009,0.43014307722201217,0.05916292563328873,True,183.52563063961563,5520.74404606618
2023-04-29,Marcos Rogerio de Lima,Waldo Cortes-Acosta,Marcos Rogerio de Lima,a,219.16,2.7941952869778017,0.45984640121459963,0.3578847923265946,0.10196160888800504,True,393.215839094055,5913.959885160235
2023-05-06,Aljamain Sterling,Henry Cejudo,Aljamain Sterling,a,222.04,2.310034167723338,0.5180631518363953,0.43289402986863756,0.08516912196775772,True,290.87998660128994,6204.839871761525
2023-05-06,Belal Muhammad,Gilbert Burns,Belal Muhammad,a,137.14,4.556616297297062,0.2884661674499512,0.2194610945392066,0.06900507291074459,True,487.754359011319,6692.594230772844
2023-05-06,Jessica Andrade,Yan Xiaonan,Yan Xiaonan,b,207.9,2.9014287540082098,0.42608855962753295,0.3446577823489684,0.08143077727856457,True,395.30703795830686,7087.901268731151
2023-05-06,Drew Dober,Matt Frevola,Matt Frevola,b,214.81,2.6292441465526553,0.4554552972316742,0.3803374446268728,0.07511785260480142,True,349.9779351209759,7437.879203852126
2023-05-13,Cody Stamann,Douglas Silva de Andrade,Cody Stamann,a,371.89,1.8419362052522206,0.6462790727615356,0.5429069677595417,0.1033721050019939,False,-371.89,7065.989203852126
2023-05-13,Anthony Smith,Johnny Walker,Anthony Smith,a,229.81,2.005415455386667,0.5638732671737671,0.4986497921485244,0.06522347502524267,False,-229.81,6836.179203852125
2023-05-20,Edmen Shahbazyan,Anthony Hernandez,Edmen Shahbazyan,a,113.76,3.8528186996651157,0.3088365375995636,0.2595502352827864,0.049286302316777164,False,-113.76,6722.419203852125
2023-05-20,Mackenzie Dern,Angela Hill,Angela Hill,b,112.88,3.4602551956954213,0.3367531418800354,0.2889960258549734,0.047757116025061996,False,-112.88,6609.539203852125
2023-05-20,Karolina Kowalkiewicz,Vanessa Demopoulos,Karolina Kowalkiewicz,a,208.18,1.7252129342682236,0.6325992703437805,0.579638594249333,0.052960676094447545,True,150.9748286559588,6760.514032508084
2023-05-20,Ilir Latifi,Rodrigo Nascimento,Ilir Latifi,a,130.05,2.5688921901580883,0.4362668454647064,0.3892728561483386,0.04699398931636778,False,-130.05,6630.464032508084
2023-06-03,Elise Reed,Jinh Yu Frey,Elise Reed,a,185.39,1.8615664395762197,0.5889441251754761,0.5371820090545074,0.051762116120968704,True,159.72580223303538,6790.189834741119
2023-06-03,Andrei Arlovski,Don'Tale Mayes,Andrei Arlovski,a,207.47,1.9610307305554993,0.56982980966568,0.5099359150362376,0.05989389462944239,False,-207.47,6582.719834741119
2023-06-03,Tim Elliott,Victor Altamirano,Victor Altamirano,b,247.85,2.8756966499680336,0.44597808122634885,0.3477418245805294,0.09823625664581948,False,-247.85,6334.869834741118
2023-06-10,Marc-Andre Barriault,Eryk Anders,Marc-Andre Barriault,a,306.28,2.469943553686737,0.5199636101722718,0.4048675519354925,0.11509605823677926,True,450.2143116231738,6785.084146364292
2023-06-17,Zac Pauga,Modestas Bukauskas,Zac Pauga,a,183.96,3.3175726350125885,0.3771847546100616,0.301425201500134,0.0757595531099276,False,-183.96,6601.124146364292
2023-06-17,Nicolas Dalby,Muslim Salikhov,Muslim Salikhov,b,178.18,2.7248091436911848,0.43534189462661743,0.3669981812543912,0.06834371337222622,False,-178.18,6422.944146364292
2023-06-17,Arman Tsarukyan,Joaquim Silva,Joaquim Silva,b,145.9,10.550293057475386,0.17703248262405397,0.0947840969489897,0.08224838567506426,False,-145.9,6277.044146364292
2023-06-24,Brendan Allen,Bruno Silva,Bruno Silva,b,124.77,3.3788141233739486,0.3519405722618103,0.2959618266900814,0.05597874557172888,False,-124.77,6152.2741463642915
2023-06-24,Amanda Ribas,Maycee Barber,Amanda Ribas,a,162.61,1.8244587721052352,0.5958847761154175,0.5481077540853961,0.04777702203002132,False,-162.61,5989.664146364292
2023-06-24,Neil Magny,Phil Rowe,Phil Rowe,b,299.48,3.5844713617687107,0.4329252064228058,0.27898116600004386,0.15394404042276194,False,-299.48,5690.184146364292
2023-07-01,Kevin Lee,Rinat Fakhretdinov,Kevin Lee,a,142.65,5.025278936861677,0.27931624501943586,0.1989939290065572,0.08032231601287865,False,-142.65,5547.534146364293
2023-07-01,Damir Ismagulov,Grant Dawson,Damir Ismagulov,a,173.37,2.319502362388115,0.5022396445274353,0.4311269590475516,0.0711126854798837,False,-173.37,5374.164146364293
2023-07-08,Yazmin Jauregui,Denise Gomes,Yazmin Jauregui,a,94.9,4.2664160558997555,0.2884661674499512,0.23438876726923144,0.05407740018071974,False,-94.9,5279.264146364293
2023-07-08,Jalin Turner,Dan Hooker,Dan Hooker,b,177.5,2.6826291280165995,0.45712571740150454,0.3727686356478763,0.08435708175362822,True,298.6666702229464,5577.93081658724
2023-07-08,Robert Whittaker,Dricus Du Plessis,Dricus Du Plessis,b,113.24,2.1874252724116343,0.501240462064743,0.4571584742172705,0.044081987847472526,True,134.46403784789345,5712.394854435133
2023-07-08,Alexander Volkanovski,Yair Rodriguez,Yair Rodriguez,b,247.34,1.7459376310171262,0.6467553526163101,0.5727581456718088,0.07399720694450129,False,-247.34,5465.054854435133
2023-07-15,Albert Duraev,JunYong Park,JunYong Park,b,273.25,1.6129213992189575,0.696149218082428,0.6199930142189451,0.07615620386348287,True,167.48077233658012,5632.535626771713
2023-07-15,Evan Elder,Genaro Valdez,Evan Elder,a,191.96,1.4617651466511636,0.7271686315536499,0.6841044214872367,0.043064210066413144,True,88.64043755115736,5721.176064322871
2023-07-22,Marc Diakiese,Joel Alvarez,Marc Diakiese,a,126.14,2.4276104545604364,0.46379001140594484,0.411927703689622,0.05186230771632283,False,-126.14,5595.0360643228705
2023-07-22,Makhmud Muradov,Bryan Barberena,Makhmud Muradov,a,166.57,1.5813819500818291,0.6761392116546631,0.6323582989854252,0.04378091266923789,True,96.84079142513025,5691.876855748001
2023-07-22,Jai Herbert,Fares Ziam,Jai Herbert,a,150.07,2.903569750321151,0.41354362964630126,0.34440364309808447,0.06913998654821679,False,-150.07,5541.806855748001
2023-07-22,Paul Craig,Andre Muniz,Andre Muniz,b,118.55,2.179615954697322,0.5051052987575531,0.458796421380971,0.04630887737658207,False,-118.55,5423.256855748001
2023-07-22,Nathaniel Wood,Andre Fili,Andre Fili,b,172.15,4.030631899267471,0.34357088804244995,0.24810005601894347,0.09547083202350648,False,-172.15,5251.106855748001
2023-07-22,Molly McCann,Julija Stoliarenko,Molly McCann,a,179.91,2.04184219919219,0.5596821904182434,0.4897538117272863,0.06992837869095708,False,-179.91,5071.196855748001
2023-07-29,Derrick Lewis,Marcos Rogerio de Lima,Derrick Lewis,a,71.89,3.7412683690918396,0.3088365375995636,0.2672890317790117,0.04154750582055189,True,197.06978305401236,5268.266638802013
2023-07-29,Roman Kopylov,Claudio Ribeiro,Roman Kopylov,a,128.36,1.7961395325926968,0.5999491572380066,0.5567496187540157,0.04319953848399083,True,102.19247040359858,5370.459109205613
2023-08-05,Ignacio Bahamondes,Ludovit Klein,Ignacio Bahamondes,a,135.36,1.8185178296984073,0.5952765583992005,0.5498983752971206,0.04537818310207986,False,-135.36,5235.099109205613
2023-08-05,Tanner Boser,Aleksa Camur,Tanner Boser,a,94.4,3.1020014171929047,0.37125027775764463,0.32237251551771706,0.04887776223992757,True,198.4289337830102,5433.528042988623
2023-08-05,Cory Sandhagen,Rob Font,Cory Sandhagen,a,271.68,1.60081322587634,0.7081527590751648,0.6246824950190962,0.08347026405606861,True,163.22893720608403,5596.7569801947075
2023-08-12,Khalil Rountree Jr.,Chris Daukaus,Khalil Rountree Jr.,a,208.86,2.1985223914626073,0.53622807264328,0.45485095074912185,0.08137712189415813,True,250.32338668088016,5847.080366875588
2023-08-12,Polyana Viana,Iasmin Lucindo,Polyana Viana,a,159.85,5.722585069297808,0.2649903059005737,0.17474620086734777,0.09024410503322594,False,-159.85,5687.230366875588
2023-08-19,Zhang Weili,Amanda Lemos,Amanda Lemos,b,94.02,4.181706807888331,0.28945144414901736,0.23913680368829537,0.05031464046072198,False,-94.02,5593.210366875587
2023-08-19,Gregory Rodrigues,Denis Tiuliulin,Denis Tiuliulin,b,74.15,4.717000157365795,0.2537837505340576,0.21199914493080052,0.041784605603257086,False,-74.15,5519.0603668755875
2023-08-19,Da'Mon Blackshear,Mario Bautista,Da'Mon Blackshear,a,93.14,2.7573706815050394,0.4056850016117096,0.362664333347512,0.04302066826419759,False,-93.14,5425.920366875587
2023-08-19,Kurt Holobaugh,Austin Hubbard,Kurt Holobaugh,a,112.27,3.7259498605715415,0.32893874794244765,0.2683879379543248,0.060550809988122845,True,306.04239084636697,5731.9627577219535
2023-08-19,Chris Weidman,Brad Tavares,Chris Weidman,a,150.1,4.833754178667328,0.28995454162359235,0.20687853851014437,0.08307600311344798,False,-150.1,5581.862757721953
2023-08-19,Karine Silva,Maryna Moroz,Karine Silva,a,100.35,2.6938219725775565,0.41643561124801637,0.37121977999279593,0.04521583125522044,True,169.9750349481578,5751.8377926701105
2023-08-26,Chidi Njokuani,Michal Oleksiejczuk,Chidi Njokuani,a,161.53,2.0114715576379707,0.5536338090896606,0.49714846635677973,0.05648534273288092,False,-161.53,5590.307792670111
2023-08-26,Giga Chikadze,Alex Caceres,Alex Caceres,b,155.36,2.8442769226656597,0.42366163730621337,0.3515832062733184,0.07207843103289496,False,-155.36,5434.947792670111
2023-08-26,Anthony Smith,Ryan Spann,Anthony Smith,a,271.19,2.6258723012262624,0.5044080555438996,0.3808258305375351,0.12358222500636445,True,440.9203093695501,5875.868102039662
2023-09-09,Jamie Mullarkey,John Makdessi,John Makdessi,b,114.97,3.9375514256615376,0.31235404014587403,0.2539649370628836,0.058389103082990446,False,-114.97,5760.898102039661
2023-09-23,Rafael Fiziev,Mateusz Gamrot,Rafael Fiziev,a,233.29,2.3666451048652557,0.51607865691185,0.42253906086055715,0.0935395960512928,False,-233.29,5527.608102039661
2023-09-23,Ricardo Ramos,Charles Jourdain,Ricardo Ramos,a,105.65,2.9352155459051703,0.3910947978496552,0.34069048230378496,0.050404315545870215,False,-105.65,5421.958102039662
2023-09-23,Bryce Mitchell,Dan Ige,Bryce Mitchell,a,271.1,1.7334242841920304,0.678799033164978,0.5768928064060853,0.10190622675889272,True,198.83132344445949,5620.789425484121
2023-09-23,Mohammed Usman,Jake Collier,Jake Collier,b,115.22,2.1330993544466534,0.5123576521873474,0.46880141701576283,0.04355623517158458,False,-115.22,5505.569425484121
2023-09-23,Jacob Malkoun,Cody Brundage,Cody Brundage,b,159.23,9.706585530293378,0.20679287910461425,0.10302283917234234,0.1037700399322719,True,1386.3496139886145,6891.919039472736
2023-09-23,Bryan Battle,AJ Fletcher,AJ Fletcher,b,155.24,2.999415716827134,0.3934589624404907,0.3333982663322935,0.0600606961081972,False,-155.24,6736.679039472736
2023-10-07,Vanessa Demopoulos,Kanako Murata,Kanako Murata,b,304.52,1.8642141734543662,0.620240917801857,0.5364190521880928,0.08382186561376415,False,-304.52,6432.1590394727355
2023-10-07,Alex Morono,Joaquin Buckley,Joaquin Buckley,b,117.7,2.3070882110599187,0.4749170780181885,0.43344679895901406,0.04147027905917444,True,153.84428244175245,6586.003321914488
2023-10-07,Joe Pyfer,Abdul Razak Alhassan,Joe Pyfer,a,329.3,1.662379949973379,0.7121039628982544,0.6015471974478601,0.11055676545039428,True,218.12171752623368,6804.125039440722
2023-10-14,Sodiq Yusuff,Edson Barboza,Edson Barboza,b,266.95,3.6159110317899734,0.3900901198387146,0.2765554769484948,0.1135346428902198,True,698.3174499363333,7502.442489377056
2023-10-14,Chris Gutierrez,Alatengheili,Alatengheili,b,177.09,2.53605193637503,0.4515013933181763,0.3943136911578299,0.05718770216034641,False,-177.09,7325.3524893770555
2023-10-14,Ashley Yoder,Emily Ducote,Ashley Yoder,a,234.14,2.371052298550254,0.49568297863006594,0.42175366634107386,0.07392931228899208,False,-234.14,7091.212489377055
2023-10-21,Kamaru Usman,Khamzat Chimaev,Kamaru Usman,a,119.53,2.7041544339930677,0.41229358315467834,0.36980136468143876,0.042492218473239585,False,-119.53,6971.682489377055
2023-10-21,Abu Azaitar,Sedriques Dumas,Sedriques Dumas,b,265.55,1.3745523441938154,0.7690263718366623,0.7275095810094501,0.04151679082721227,True,99.46237500066769,7071.144864377723
2023-11-04,Vitor Petrino,Modestas Bukauskas,Modestas Bukauskas,b,164.11,2.266708814278539,0.4930452644824982,0.44116826726960323,0.05187699721289496,False,-164.11,6907.034864377723
2023-11-04,Jailton Almeida,Derrick Lewis,Jailton Almeida,a,222.79,1.496480078753019,0.7110389471054077,0.6682347558099644,0.04280419129544333,True,110.6107967453851,7017.645661123109
2023-11-11,Jiri Prochazka,Alex Pereira,Jiri Prochazka,a,129.47,2.6652452384513556,0.42130826115608216,0.3751999949472009,0.046108266208881254,False,-129.47,6888.1756611231085
2023-11-11,Matt Frevola,Benoit Saint Denis,Benoit Saint Denis,b,183.89,1.6868176491022284,0.6363126039505005,0.5928323079452175,0.043480296005283026,True,126.29889749340879,7014.474558616517
2023-11-11,Jared Gordon,Mark Madsen,Mark Madsen,b,154.39,4.345669377616787,0.2978960394859314,0.23011414654568385,0.06778189294024756,False,-154.39,6860.084558616517
2023-11-11,Tabatha Ricci,Loopy Godinez,Tabatha Ricci,a,119.3,3.372987330577968,0.34541128277778627,0.2964730969886709,0.04893818578911535,False,-119.3,6740.784558616517
2023-11-18,Christian Leroy Duncan,Denis Tiuliulin,Denis Tiuliulin,b,202.06,4.600637650285332,0.31120096445083617,0.21736117382293296,0.09383979062790321,False,-202.06,6538.724558616516
2023-11-18,Luana Pinheiro,Amanda Ribas,Luana Pinheiro,a,141.34,3.5684536475925275,0.3424661636352539,0.280233428469683,0.062232735165570874,False,-141.34,6397.384558616516
2023-11-18,Chase Hooper,Jordan Leavitt,Chase Hooper,a,301.51,1.8930552939031862,0.6171826004981995,0.5282465880529856,0.08893601244521387,True,269.26510166474964,6666.649660281266
2023-11-18,Michael Morales,Jake Matthews,Jake Matthews,b,168.28,3.8586487570964842,0.33396029472351074,0.25915807914905153,0.07480221557445921,False,-168.28,6498.369660281266
2023-12-02,Clay Guida,Joaquim Silva,Joaquim Silva,b,324.92,1.7648698610980438,0.6889016151428222,0.5666140161619809,0.1222875989808413,True,248.52151526797644,6746.891175549243
2023-12-02,Miesha Tate,Julia Avila,Miesha Tate,a,158.73,2.4874164260246037,0.45829800963401796,0.4020235572690991,0.05627445236491885,True,236.09760930288533,6982.988784852128
2023-12-09,JunYong Park,Andre Muniz,Andre Muniz,b,252.35,2.8651594009567942,0.4431219458580017,0.34902072103424997,0.09410122482375172,True,470.67297483144694,7453.661759683575
2023-12-09,Nasrat Haqparast,Jamie Mullarkey,Jamie Mullarkey,b,182.81,3.181702115568195,0.38156818151474,0.3142971792069912,0.0672710023077488,False,-182.81,7270.8517596835745
2023-12-09,Anthony Smith,Khalil Rountree Jr.,Khalil Rountree Jr.,b,363.54,1.5159501939009816,0.7393116101622581,0.6596522788302883,0.07965933133196978,True,187.56853349076283,7458.4202931743375
2023-12-16,Alexandre Pantoja,Brandon Royval,Alexandre Pantoja,a,180.27,2.0983397090392213,0.5271724760532379,0.47656725729022953,0.050605218763008386,True,197.99769934850045,7656.417992522837
2023-12-16,Josh Emmett,Bryce Mitchell,Bryce Mitchell,b,241.35,2.5414399976497686,0.46995522975921633,0.3934777137861857,0.07647751597303065,False,-241.35,7415.067992522837
2023-12-16,Casey O'Neill,Ariane da Silva,Casey O'Neill,a,156.61,2.4137099693072406,0.4637802243232727,0.4142999833103437,0.04948024101292903,False,-156.61,7258.457992522837
2023-12-16,Tagir Ulanbekov,Cody Durden,Cody Durden,b,194.15,2.046371314388351,0.5433794438838959,0.4886698679603484,0.054709575923547527,False,-194.15,7064.307992522838
2023-12-16,Alonzo Menifield,Dustin Jacoby,Alonzo Menifield,a,199.07,3.7602972518713043,0.348679256439209,0.2659364228459205,0.08274283359328849,True,549.4923739300204,7613.800366452859
2023-12-16,Cody Garbrandt,Brian Kelleher,Cody Garbrandt,a,294.54,2.2068871847918765,0.5377501547336578,0.45312692324791687,0.08462323148574097,True,355.4765514085993,7969.276917861458
2023-12-16,Leon Edwards,Colby Covington,Colby Covington,b,157.65,2.0839457582004837,0.5210174679756164,0.4798589387775207,0.041158529198095706,False,-157.65,7811.626917861458
2024-01-13,Ricky Simon,Mario Bautista,Ricky Simon,a,304.8,1.928818977090479,0.5936091184616089,0.5184519708057036,0.07515714765590531,False,-304.8,7506.826917861458
2024-01-13,Jim Miller,Gabriel Benitez,Gabriel Benitez,b,226.61,3.2373870459570457,0.3923421621322632,0.30889108586779346,0.08345107626446974,False,-226.61,7280.216917861459
2024-01-13,Phil Hawes,Brunno Ferreira,Phil Hawes,a,191.21,2.590132234872352,0.4505787193775177,0.386080674390465,0.0644980449870527,False,-191.21,7089.0069178614585
2024-01-20,Jasmine Jasudavicius,Priscila Cachoeira,Priscila Cachoeira,b,115.15,7.517181857653729,0.18935682773590087,0.13302857625851305,0.05632825147738782,False,-115.15,6973.856917861459
2024-01-20,Raquel Pennington,Mayra Bueno Silva,Raquel Pennington,a,348.69,2.686125635150815,0.5071277379989624,0.3722834058518838,0.13484433214707858,True,587.9351477207376,7561.792065582197
2024-01-20,Charles Jourdain,Sean Woodson,Sean Woodson,b,268.65,2.861650809348432,0.4418964505195618,0.3494486457722945,0.09244780474726727,True,500.1324899314561,8061.924555513654
2024-01-20,Gillian Robertson,Polyana Viana,Gillian Robertson,a,301.18,1.5879153948460063,0.6850827693939209,0.6297564739568373,0.05532629543708356,True,177.0683586197202,8238.992914133374
2024-02-03,Luana Carolina,Julija Stoliarenko,Julija Stoliarenko,b,411.95,2.313769936246231,0.5608630776405334,0.4321950874780405,0.12866799016249297,False,-411.95,7827.042914133374
2024-02-10,Jack Hermansson,Joe Pyfer,Joe Pyfer,b,391.35,1.4570161658753134,0.7615338325500488,0.6863341831209144,0.07519964942913437,False,-391.35,7435.692914133374
2024-02-17,Merab Dvalishvili,Henry Cejudo,Merab Dvalishvili,a,371.78,1.4365943997629276,0.7664662837982178,0.6960906990623268,0.070375584735891,True,162.31706594386117,7598.009980077235
2024-02-17,Amanda Lemos,Mackenzie Dern,Mackenzie Dern,b,193.53,2.574166486850288,0.45077952146530154,0.38847526184042014,0.0623042596248814,False,-193.53,7404.479980077235
2024-02-17,Anthony Hernandez,Roman Kopylov,Anthony Hernandez,a,370.22,1.9753462231435064,0.6099098801612854,0.506240368540878,0.1036695116204075,True,361.0926787321889,7765.572658809424
2024-02-17,Marcos Rogerio de Lima,Junior Tafa,Junior Tafa,b,169.21,2.6748498602123703,0.4284281015396118,0.3738527589434888,0.05457534259612301,False,-169.21,7596.362658809424
2024-02-17,Andrea Lee,Miranda Maverick,Andrea Lee,a,379.82,2.548592177799919,0.524921977519989,0.3923734871003384,0.1325484904196506,False,-379.82,7216.542658809424
2024-02-24,Claudio Puelles,Fares Ziam,Claudio Puelles,a,127.12,4.719461410286776,0.2674173772335052,0.2118885849602138,0.05552879227329144,False,-127.12,7089.422658809424
2024-02-24,Brandon Moreno,Brandon Royval,Brandon Royval,b,215.76,3.5677103993824812,0.367905330657959,0.2802918084867778,0.08761352217118118,True,554.0091957707641,7643.431854580188
2024-02-24,Yair Rodriguez,Brian Ortega,Brian Ortega,b,155.76,2.347177589176418,0.4728275239467621,0.42604360428938903,0.04678391965737305,True,209.83638129011888,7853.268235870307
2024-02-24,Daniel Zellhuber,Francisco Prado,Francisco Prado,b,159.61,4.58778090667295,0.2815480589866638,0.21797030423695585,0.06357775474970795,False,-159.61,7693.658235870307
2024-02-24,Manuel Torres,Chris Duncan,Manuel Torres,a,220.02,1.974329916180261,0.5629535496234894,0.506500961062628,0.05645258856086144,True,214.37206815798103,7908.030304028288
2024-03-02,Christian Leroy Duncan,Claudio Ribeiro,Christian Leroy Duncan,a,272.14,1.7983146588911012,0.6171826004981995,0.5560762100536022,0.061106390444597314,True,217.25335127062425,8125.283655298912
2024-03-09,Joanne Wood,Maryna Moroz,Maryna Moroz,b,191.13,2.6046417400842095,0.4418964505195618,0.3839299603513493,0.05796649016821248,False,-191.13,7934.153655298912
2024-03-09,Michel Pereira,Michal Oleksiejczuk,Michel Pereira,a,246.09,1.7720541091318454,0.6183700203895569,0.564316854009562,0.05405316637999491,True,189.99479571625582,8124.148451015168
2024-03-09,Dustin Poirier,Benoit Saint Denis,Dustin Poirier,a,165.3,4.321861400656803,0.29393746256828307,0.2313817837490179,0.06255567881926516,True,549.1036895285695,8673.252140543736
2024-03-09,Sean O'Malley,Marlon Vera,Marlon Vera,b,149.32,3.038784830540354,0.3752802610397339,0.32907891007938883,0.046201350960345056,False,-149.32,8523.932140543737
2024-03-16,Gerald Meerschaert,Bryan Barberena,Bryan Barberena,b,343.41,2.195190081188084,0.5432811260223389,0.45554141692312067,0.08773970909921824,False,-343.41,8180.522140543737
2024-03-16,Tai Tuivasa,Marcin Tybura,Tai Tuivasa,a,288.43,1.8313418007044802,0.6100691795349121,0.5460477119100979,0.0640214676248142,False,-288.43,7892.092140543737
2024-03-16,Pannie Kianzad,Macy Chiasson,Pannie Kianzad,a,271.69,2.2999489000010116,0.5126237273216248,0.4347922686454296,0.07783145867619518,False,-271.69,7620.402140543737
2024-03-16,Jaqueline Amorim,Cory McKenna,Cory McKenna,b,173.16,2.364321419317364,0.4754047989845276,0.4229543376926831,0.0524504612918445,False,-173.16,7447.242140543737
2024-03-16,Natan Levy,Mike Davis,Natan Levy,a,257.89,2.03419811227361,0.5620172679424286,0.49159420312425056,0.070423064818178,False,-257.89,7189.352140543737
2024-03-23,Miles Johns,Cody Gibson,Miles Johns,a,288.39,2.8471557786744683,0.45532417893409727,0.35122770853991114,0.10409647039418612,True,532.7012550119299,7722.053395555667
2024-03-23,Kurt Holobaugh,Trey Ogden,Trey Ogden,b,317.06,2.0681247182208424,0.5683526515960693,0.4835298331815674,0.0848228184145019,True,338.65962315910025,8060.713018714767
2024-03-23,Billy Quarantillo,Youssef Zalal,Youssef Zalal,b,244.86,1.8315353387620243,0.6011551052331925,0.5459900111323663,0.05516509410082615,True,203.6097430492693,8264.322761764037
2024-03-30,Chris Weidman,Bruno Silva,Chris Weidman,a,281.18,1.9814523476577106,0.5720895886421203,0.5046803175368347,0.0674092711052856,True,275.9647711143951,8540.287532878432
2024-03-30,Chidi Njokuani,Rhys McKee,Chidi Njokuani,a,281.75,2.8406299418912746,0.4375430107116699,0.3520345910788386,0.08550841963283129,True,518.5974861278667,9058.885019006299
2024-04-13,Charles Oliveira,Arman Tsarukyan,Arman Tsarukyan,b,452.94,1.7030584648412763,0.6704526245594025,0.5871789023362737,0.08327372222312879,True,318.44330106520766,9377.328320071505
2024-04-13,Bo Nickal,Cody Brundage,Cody Brundage,b,138.84,5.870844918669184,0.21946778297424316,0.17033323377696752,0.04913454919727564,False,-138.84,9238.488320071505
2024-04-13,Alex Pereira,Jamahal Hill,Alex Pereira,a,287.15,2.0601771655178567,0.5493739962577819,0.48539514792099686,0.06397884833678508,True,304.4298730784525,9542.918193149957
2024-04-13,Justin Gaethje,Max Holloway,Max Holloway,b,187.49,2.819848451450696,0.40534749031066897,0.3546289870597624,0.050718503250906544,True,341.20338616249103,9884.121579312448
2024-04-13,Zhang Weili,Yan Xiaonan,Zhang Weili,a,494.21,1.5587257385030102,0.7335933923721314,0.6415496808055491,0.09204371156658231,True,276.1278472255727,10160.249426538023
2024-04-13,Sodiq Yusuff,Diego Lopes,Diego Lopes,b,226.43,2.3654673524619154,0.47420722246170044,0.4227494405954183,0.05145778186628214,True,309.18277261795157,10469.432199155974
2024-04-13,Jalin Turner,Renato Moicano,Jalin Turner,a,475.75,1.880893547500167,0.6167913794517517,0.5316621992398596,0.08512918021189209,False,-475.75,9993.682199155974
2024-04-13,King Green,Jim Miller,King Green,a,257.76,1.9017152378664133,0.5747597217559814,0.5258410828752298,0.04891863888075165,True,232.42611971244668,10226.10831886842
2024-05-04,Anthony Smith,Vitor Petrino,Vitor Petrino,b,511.31,1.4304308770516478,0.8307091578841209,0.6990900546422514,0.13161910324186954,False,-511.31,9714.798318868421
2024-05-04,Michel Pereira,Ihor Potieria,Michel Pereira,a,371.89,1.4493019728703889,0.737457275390625,0.6899873309490279,0.047469944441597134,True,167.09091069076896,9881.88922955919
2024-05-04,Jack Shore,Joanderson Brito,Joanderson Brito,b,348.74,1.595406111227607,0.6794817447662354,0.6267996549358434,0.05268208983039191,True,207.64192722951566,10089.531156788706
2024-05-04,Joaquim Silva,Drakkar Klose,Joaquim Silva,a,281.97,2.5289628731107134,0.46300324201583865,0.395419011735022,0.06758423028081667,False,-281.97,9807.561156788706
2024-05-04,Ismael Bonfim,Vinc Pichel,Ismael Bonfim,a,219.52,2.064336857333528,0.5305787265300751,0.4844170642245299,0.04616166230554519,True,233.6432269218561,10041.204383710561
2024-05-04,Karolina Kowalkiewicz,Iasmin Lucindo,Karolina Kowalkiewicz,a,211.53,6.048421327501115,0.23566545248031617,0.16533239763790505,0.07033305484241112,False,-211.53,9829.67438371056
2024-05-04,Paul Craig,Caio Borralho,Paul Craig,a,145.52,5.681002716826315,0.22481892611831428,0.17602526346944763,0.04879366264886664,False,-145.52,9684.15438371056
2024-05-11,Chase Hooper,Viacheslav Borshchev,Chase Hooper,a,215.98,1.9271308991104852,0.5618239998817444,0.5189061108726837,0.042917889009060683,True,200.24173158988256,9884.396115300444
2024-05-11,Diego Ferreira,Mateusz Rebecki,Mateusz Rebecki,b,494.22,2.468353765426728,0.533132541179657,0.4051283142662172,0.12800422691343982,False,-494.22,9390.176115300445
2024-05-11,Joaquin Buckley,Nursulton Ruziboev,Nursulton Ruziboev,b,250.11,2.170839587303911,0.5181149303913116,0.46065126407702783,0.05746366631428379,False,-250.11,9140.066115300444
2024-05-18,Adrian Yanez,Vinicius Salvador,Vinicius Salvador,b,356.25,1.453276363645246,0.7367280900478363,0.6881003675664998,0.04862772248133651,False,-356.25,8783.816115300444
2024-05-18,Khaos Williams,Carlston Harris,Khaos Williams,a,370.4,1.8707617159251908,0.6130528569221496,0.5345416209276268,0.07851123599452281,True,322.53013957869064,9106.346254879136
2024-05-18,Alatengheili,Kleydson Rodrigues,Kleydson Rodrigues,b,363.71,2.3106989865080885,0.5233919084072113,0.43276948050736486,0.09062242789984642,False,-363.71,8742.636254879137
2024-05-18,Piera Rodriguez,Ariane Carnelossi,Ariane Carnelossi,b,320.96,2.518506150036354,0.48560080528259275,0.39706077350081725,0.0885400317817755,True,487.37973391566817,9230.015988794807
2024-06-01,Islam Makhachev,Dustin Poirier,Dustin Poirier,b,268.85,1.8649954716641093,0.5902333676815033,0.5361943314037723,0.05403903627773099,False,-268.85,8961.165988794806
2024-06-01,Randy Brown,Elizeu Zaleski dos Santos,Randy Brown,a,309.84,1.9333245514464275,0.5840109467506409,0.5172437288151358,0.06676721793550511,True,289.18127902016107,9250.347267814966
2024-06-08,Cody Stamann,Taylor Lapilus,Cody Stamann,a,274.62,1.8354833293912407,0.598868453502655,0.5448156264822419,0.05405282702041314,False,-274.62,8975.727267814966
2024-06-08,Jared Cannonier,Nassourdine Imavov,Jared Cannonier,a,235.47,2.5533391851186455,0.4554814398288727,0.3916440110378572,0.0638374287910155,False,-235.47,8740.257267814966
2024-06-08,Andrea Lee,Montana De La Rosa,Andrea Lee,a,282.5,2.7960694886923054,0.44069294929504393,0.35764490261924436,0.08304804667579957,False,-282.5,8457.757267814966
2024-06-08,Miguel Baeza,Punahele Soriano,Punahele Soriano,b,167.58,2.1101268019370765,0.5156012773513794,0.47390516962393414,0.04169610772744525,True,186.0350494686153,8643.792317283582
2024-06-15,Melquizael Costa,Shayilan Nuerdanbieke,Shayilan Nuerdanbieke,b,161.38,3.391176052634071,0.3475405931472778,0.2948829504806326,0.05265764266664519,False,-161.38,8482.412317283583
2024-06-15,Alex Perez,Tatsuro Taira,Tatsuro Taira,b,182.03,2.205248862298975,0.5003777503967285,0.45346356009792865,0.04691419029879984,True,219.39145040428244,8701.803767687865
2024-06-22,Robert Whittaker,Ikram Aliskerov,Ikram Aliskerov,b,228.57,2.4849944261919688,0.465203195810318,0.4024153895316419,0.06278780627867608,False,-228.57,8473.233767687865
2024-06-22,Johnny Walker,Volkan Oezdemir,Johnny Walker,a,198.19,1.9160452032704332,0.5666387200355529,0.5219083549245778,0.04473036511097517,False,-198.19,8275.043767687865
2024-06-29,Alex Pereira,Jiri Prochazka,Jiri Prochazka,b,241.22,2.63486485283458,0.4518750011920929,0.37952610697440625,0.07234889421768664,False,-241.22,8033.823767687864
2024-06-29,Mayra Bueno Silva,Macy Chiasson,Macy Chiasson,b,186.68,2.2475235268331937,0.4965263903141022,0.4449341633406705,0.05159222697343169,True,232.88769198922063,8266.711459677084
2024-06-29,Anthony Smith,Roman Dolidze,Anthony Smith,a,282.7,2.1882257828371166,0.5312692523002625,0.4569912336484139,0.07427801865184858,False,-282.7,7984.0114596770845
2024-06-29,Cub Swanson,Andre Fili,Andre Fili,b,253.95,1.5375493598280765,0.6948671638965607,0.6503856241153888,0.044481539781171864,True,136.51065992834003,8120.522119605424
2024-07-13,Rose Namajunas,Tracy Cortez,Tracy Cortez,b,205.28,4.567932256254375,0.2978960394859314,0.21891743219939575,0.07897860728653566,False,-205.28,7915.242119605425
2024-07-13,Santiago Ponzinibbio,Muslim Salikhov,Muslim Salikhov,b,306.59,1.8833202993830704,0.6036463499069213,0.5309771260510363,0.07266922385588503,True,270.8171705878555,8186.05929019328
2024-07-13,Montel Jackson,Da'Mon Blackshear,Da'Mon Blackshear,b,253.45,2.320225986171162,0.5014598727226257,0.4309925007133467,0.070467372009279,False,-253.45,7932.60929019328
2024-07-13,Josh Fremd,Andre Petroski,Andre Petroski,b,162.17,2.8693246900073777,0.40178807973861697,0.3485140609853494,0.05327401875326754,True,303.14838497849644,8235.757675171775
2024-07-13,Julian Erosa,Christian Rodriguez,Christian Rodriguez,b,411.79,2.223742877088655,0.5646371841430664,0.44969227796210387,0.11494490618096254,False,-411.79,7823.967675171775
2024-07-20,Dooho Choi,Bill Algeo,Dooho Choi,a,130.36,3.217669606320496,0.356716525554657,0.3107839282304471,0.0459325973242099,True,289.0954098799399,8113.0630850517155
2024-07-20,Brian Kelleher,Cody Gibson,Brian Kelleher,a,229.21,2.4682321744792315,0.4723707973957062,0.4051482718439923,0.06722252555171387,False,-229.21,7883.853085051715
2024-07-20,Steve Garcia,SeungWoo Choi,Steve Garcia,a,281.53,1.5420020614139118,0.6987146019935608,0.6485075636559574,0.05020703833760343,True,152.5898403498586,8036.442925401574
2024-07-27,King Green,Paddy Pimblett,King Green,a,165.2,3.1517368018840357,0.37342147827148436,0.3172853771933694,0.05613610107811495,False,-165.2,7871.242925401574
2024-07-27,Mick Parkin,Lukasz Brzeski,Lukasz Brzeski,b,275.7,2.2388173020673925,0.524189430475235,0.44666440583453115,0.07752502464070388,False,-275.7,7595.542925401574
2024-07-27,Muhammad Mokaev,Manel Kape,Manel Kape,b,148.32,2.7032798871291,0.4191371202468872,0.36992100032305797,0.04921611992382924,False,-148.32,7447.222925401575
2024-07-27,Modestas Bukauskas,Marcin Prachnio,Modestas Bukauskas,a,185.73,2.0014996486055954,0.5495430707931519,0.49962536875621233,0.04991770203693957,True,186.00852973551721,7633.231455137093
2024-08-03,Cory Sandhagen,Umar Nurmagomedov,Cory Sandhagen,a,89.79,8.659789802343056,0.1570940226316452,0.11547624397643377,0.041617778655211435,False,-89.79,7543.441455137093
2024-08-03,Tony Ferguson,Michael Chiesa,Michael Chiesa,b,377.17,1.192087077724709,0.9098901063203811,0.8388648939208885,0.07102521239949267,True,72.4494831054285,7615.890938242521
2024-08-03,Joel Alvarez,Elves Brener,Elves Brener,b,174.77,2.8381057649993466,0.4117985129356384,0.3523476863802608,0.05945082655537759,False,-174.77,7441.12093824252
2024-08-03,Azamat Murzakanov,Alonzo Menifield,Alonzo Menifield,b,358.73,2.751933432477184,0.4861458897590637,0.363380882763519,0.12276500699554471,False,-358.73,7082.390938242521
2024-08-10,Marcin Tybura,Serghei Spivac,Marcin Tybura,a,210.83,2.750824118797437,0.4393146276473999,0.36352742189753834,0.07578720574986159,False,-210.83,6871.560938242521
2024-08-17,Kai Kara-France,Steve Erceg,Steve Erceg,b,343.58,1.4372944654668143,0.7962618798017502,0.6957516528634327,0.10051022693831757,False,-343.58,6527.980938242521
2024-08-17,Tom Nolan,Alex Reyes,Alex Reyes,b,272.91,2.159673934518674,0.5528267443180084,0.46303286066323235,0.08979388365477603,False,-272.91,6255.070938242521
2024-08-17,Song Kenan,Ricky Glenn,Ricky Glenn,b,230.9,2.100894073444862,0.5533630847930908,0.47598782472658774,0.07737526006650308,False,-230.9,6024.1709382425215
2024-08-24,Dennis Buzukja,Francis Marshall,Dennis Buzukja,a,125.89,5.71540690261454,0.24393163174390792,0.17496567034318156,0.06896596140072636,False,-125.89,5898.280938242521
2024-08-24,Jared Cannonier,Caio Borralho,Caio Borralho,b,294.91,1.7611650811259512,0.657533836364746,0.5678059431888567,0.08972789317588936,True,224.4751940748543,6122.756132317376
2024-09-07,Trevor Peek,Yanal Ashmouz,Yanal Ashmouz,b,151.84,2.1110518059707073,0.5259055614471435,0.47369751759368994,0.05220804385345357,True,168.7021062185922,6291.458238535968
2024-09-07,Steve Garcia,Kyle Nelson,Kyle Nelson,b,277.41,3.5256553208822514,0.40998183488845824,0.28363521359477717,0.12634662129368107,False,-277.41,6014.048238535968
2024-09-07,Matt Schnell,Cody Durden,Cody Durden,b,225.01,1.6584856757944568,0.6623793482780457,0.6029596846056415,0.059419663672404144,True,148.16586191051073,6162.214100446478
2024-09-14,Yazmin Jauregui,Ketlen Souza,Ketlen Souza,b,166.34,6.904941735294153,0.2371591806411743,0.14482381435437264,0.09233536628680167,True,982.2280082488293,7144.442108695308
2024-09-14,Daniel Zellhuber,Esteban Ribovics,Esteban Ribovics,b,134.37,3.8007141761413767,0.3185436248779297,0.26310844584878423,0.055435179029145465,True,376.3319638481168,7520.774072543425
2024-09-14,Sean O'Malley,Merab Dvalishvili,Merab Dvalishvili,b,148.81,2.076087507226072,0.522699373960495,0.48167526490062673,0.04102410905986831,True,160.13258195031176,7680.906654493737
2024-09-14,Alexa Grasso,Valentina Shevchenko,Valentina Shevchenko,b,157.24,2.867929577488229,0.40201733112335203,0.34868359664389437,0.05333373447945766,True,293.71324676424916,7974.619901257986
2024-09-28,Nassourdine Imavov,Brendan Allen,Nassourdine Imavov,a,182.51,1.805687360746536,0.594652509689331,0.5538057261399693,0.040846783549361776,True,147.04600020985026,8121.665901467836
2024-09-28,William Gomis,Joanderson Brito,Joanderson Brito,b,235.96,2.0794237369499347,0.541227912902832,0.48090246457741415,0.06032544832541786,False,-235.96,7885.705901467836
2024-09-28,Taylor Lapilus,Vince Morales,Vince Morales,b,149.55,11.235890500144752,0.1581084609031677,0.08900051135129139,0.06910794955187632,False,-149.55,7736.155901467836
2024-09-28,Nora Cornolle,Jacqueline Cavalcanti,Jacqueline Cavalcanti,b,325.92,1.5312316444391143,0.7115338325500489,0.6530690530277652,0.05846477952228368,True,173.13901755559613,7909.294919023432
2024-10-05,Raquel Pennington,Julianna Pena,Julianna Pena,b,343.44,2.650622729962697,0.4854325711727142,0.37726983500744116,0.10816273616527305,True,566.8898703783887,8476.184789401821
2024-10-05,Court McGee,Tim Means,Tim Means,b,216.47,2.6719863635933607,0.43817600011825564,0.37425340698789067,0.06392259313036497,False,-216.47,8259.714789401822
2024-10-05,Stephen Thompson,Joaquin Buckley,Stephen Thompson,a,172.33,5.396998563583906,0.25328097939491273,0.18528817234591677,0.06799280704899596,False,-172.33,8087.384789401822
2024-10-12,Themba Gorimbo,Niko Price,Niko Price,b,229.95,3.2624371968476265,0.38539197444915774,0.306519310460984,0.07887266398817372,False,-229.95,7857.434789401822
2024-10-19,Austen Lane,Robelis Despaigne,Robelis Despaigne,b,199.47,2.4296818655119616,0.4713288486003876,0.41157651715414545,0.059752331446242146,False,-199.47,7657.964789401822
2024-10-19,Charles Johnson,Sumudaerji,Charles Johnson,a,369.41,1.6520814585749564,0.6814563751220704,0.6052970298828816,0.07615934523918877,True,240.88541161217466,7898.850201013996
2024-10-19,Matheus Nicolau,Asu Almabayev,Matheus Nicolau,a,153.44,2.9458303479539723,0.3907886266708374,0.3394628617002844,0.05132576497055302,False,-153.44,7745.410201013997
2024-10-19,Joselyne Edwards,Tamires Vidal,Tamires Vidal,b,138.51,4.007479884937517,0.303214967250824,0.2495333797578354,0.05368158749298857,False,-138.51,7606.900201013997
2024-10-26,Lerone Murphy,Dan Ige,Lerone Murphy,a,308.42,1.459524596221257,0.7362162470817566,0.685154606225221,0.05106164085653564,True,141.72657596656012,7748.626776980556
2024-10-26,Robert Whittaker,Khamzat Chimaev,Robert Whittaker,a,295.77,3.5722216670462026,0.3898781329393387,0.2799378351083346,0.10994029783100412,False,-295.77,7452.856776980556
2024-10-26,Magomed Ankalaev,Aleksandar Rakic,Magomed Ankalaev,a,312.67,1.758825566879566,0.6409619092941284,0.5685612142733163,0.07240069502081214,True,237.26198999623392,7690.11876697679
2024-10-26,Geoff Neal,Rafael Dos Anjos,Rafael Dos Anjos,b,211.32,3.4737340859032004,0.3661508560180664,0.2878746545563494,0.07827620146171699,False,-211.32,7478.79876697679
2024-10-26,Abus Magomedov,Brunno Ferreira,Brunno Ferreira,b,301.36,2.40127460684056,0.510503351688385,0.41644549821635546,0.09405785347202955,False,-301.36,7177.43876697679
2024-11-02,Caio Machado,Brendson Ribeiro,Brendson Ribeiro,b,245.14,3.0848731627999526,0.41649428606033323,0.32416243625794994,0.09233184980238329,True,511.0858071287804,7688.5245741055705
2024-11-02,Brandon Moreno,Amir Albazi,Brandon Moreno,a,256.69,2.3318630409244774,0.5051179111003876,0.4288416525541507,0.07627625854623693,True,341.8759239749041,8030.400498080475
2024-11-02,Erin Blanchfield,Rose Namajunas,Erin Blanchfield,a,268.77,1.6657210398873281,0.6538448572158814,0.6003406188995737,0.053504238316307684,True,178.92584389051717,8209.326341970991
2024-11-02,Aiemann Zahabi,Pedro Munhoz,Aiemann Zahabi,a,269.5,1.9512308070577542,0.5765122532844543,0.5124970333509096,0.06401521993354475,True,256.35670250206476,8465.683044473055
2024-11-02,Chad Anheliger,Cody Gibson,Cody Gibson,b,218.69,1.7306245964292337,0.6214489310979843,0.577826064683977,0.043622866414007255,True,159.78029299310913,8625.463337466164
2024-11-09,Neil Magny,Carlos Prates,Neil Magny,a,167.28,5.1726127433894895,0.2559028685092926,0.1933258972997704,0.06257697120952221,False,-167.28,8458.183337466164
2024-11-09,Luana Pinheiro,Gillian Robertson,Gillian Robertson,b,422.91,1.4051694975925884,0.7838461488485337,0.7116579186448706,0.07218823020366305,True,171.3502322268816,8629.533569693045
2024-11-16,Charles Oliveira,Michael Chandler,Michael Chandler,b,187.45,4.2531796545477425,0.30157583951950073,0.23511821301287916,0.06645762650662157,False,-187.45,8442.083569693044
2024-11-16,Veronica Hardy,Eduarda Moura,Eduarda Moura,b,195.16,2.526098823736844,0.45173212289810183,0.39586733131869545,0.05586479157940638,True,297.8334464404825,8739.917016133528
2024-11-23,Volkan Oezdemir,Carlos Ulberg,Carlos Ulberg,b,376.62,1.7174458088892768,0.6542658627033233,0.5822600019308497,0.07200586077247362,True,270.2044405438794,9010.121456677407
2024-11-23,Yan Xiaonan,Tabatha Ricci,Tabatha Ricci,b,297.67,3.1387381472429428,0.4086463928222656,0.3185993711767249,0.09004702164554074,False,-297.67,8712.451456677407
2024-12-07,Ciryl Gane,Alexander Volkov,Ciryl Gane,a,379.57,1.8330254892033995,0.6247412919998169,0.5455461508255307,0.07919514117428617,True,316.1914849369344,9028.642941614342
2024-12-07,Dominick Reyes,Anthony Smith,Dominick Reyes,a,451.43,1.8338696499793445,0.6664889931678772,0.5452950268364294,0.12119396633144786,True,376.4337760901755,9405.076717704516
2024-12-07,Michael Chiesa,Max Griffin,Max Griffin,b,168.21,2.42442274078029,0.4545014977455139,0.41246932029607775,0.04203217744943616,False,-168.21,9236.866717704517
2024-12-07,Randy Brown,Bryan Battle,Randy Brown,a,264.59,2.662162283992437,0.44717325568199157,0.37563450057608916,0.07153875510590241,False,-264.59,8972.276717704517
2024-12-07,Movsar Evloev,Aljamain Sterling,Movsar Evloev,a,448.61,1.655774090763893,0.6984241604804993,0.6039471239332227,0.09447703654727657,True,294.18681485759,9266.463532562106
2024-12-14,Vitor Petrino,Dustin Jacoby,Dustin Jacoby,b,134.69,4.0732621605505095,0.28937158584594724,0.24550347131716366,0.043868114528783586,True,413.9376804045481,9680.401212966653
2024-12-14,Adrian Yanez,Daniel Marcos,Daniel Marcos,b,402.25,1.8256730886002939,0.6229131042957305,0.5477431892073731,0.07516991508835746,True,332.12699988946827,10012.528212856121
2024-12-14,Josefine Knutsson,Piera Rodriguez,Josefine Knutsson,a,272.82,1.7972577871309086,0.6047520160675048,0.5564032089110442,0.048348807156460616,False,-272.82,9739.708212856121
2024-12-14,Joel Alvarez,Drakkar Klose,Joel Alvarez,a,486.99,1.3454741577444933,0.801150643825531,0.7432324093659038,0.05791823445962718,True,168.2424600799908,9907.950672936113
2024-12-14,Colby Covington,Joaquin Buckley,Colby Covington,a,319.39,4.801110120885198,0.31037190556526184,0.2082851621440473,0.10208674342121454,False,-319.39,9588.560672936113
