event_date,fighter_a,fighter_b,query_date,offset_days,a_fair_prob,b_fair_prob,a_decimal_odds,b_decimal_odds,num_bookmakers,event_name,source_url
2012-07-07,Constantinos Philippou,Riki Fukuda,2012-07-07,0,0.5,0.5,1.06,1.06,1,UFC 148: Silva vs Sonnen 2,https://www.bestfightodds.com/events/ufc-148-silva-vs-sonnen-2-506
2012-10-13,Antonio Rodrigo Nogueira,Dave Herman,2012-10-13,0,0.5,0.5,1.19,1.19,1,UFC 153: Silva vs Bonnar,https://www.bestfightodds.com/events/ufc-153-silva-vs-bonnar-571
2012-12-29,Tim Boetsch,Constantinos Philippou,2012-12-29,0,0.5,0.5,1.19,1.19,1,UFC 155: Dos Santos vs Velasquez II,https://www.bestfightodds.com/events/ufc-155-dos-santos-vs-velasquez-ii-585
2013-01-26,Quinton Jackson,Glover Teixeira,2013-01-26,0,0.5,0.5,1.19,1.19,1,UFC on FOX: Johnson vs Dodson,https://www.bestfightodds.com/events/ufc-on-fox-6-johnson-vs-dodson-613
2013-06-08,Antonio Rodrigo Nogueira,Fabricio Werdum,2013-06-08,0,0.5,0.5,1.3,1.3,1,UFC on FUEL TV: Nogueira vs. Werdum,https://www.bestfightodds.com/events/ufc-on-fuel-tv-10-nogueira-vs-werdum-2-668
2013-09-21,Constantinos Philippou,Francis Carmont,2013-09-21,0,0.5,0.5,1.25,1.25,1,UFC 165: Jones vs Gustafsson,https://www.bestfightodds.com/events/ufc-165-jones-vs-gustafsson-697
2013-12-14,King Green,Pat Healy,2013-12-14,0,0.5,0.5,1.25,1.25,1,UFC on FOX: Johnson vs. Benavidez 2,https://www.bestfightodds.com/events/ufc-on-fox-9-johnson-vs-benavidez-729
2014-04-11,Antonio Rodrigo Nogueira,Roy Nelson,2014-04-11,0,0.5,0.5,1.31,1.31,1,UFC Fight Night: Minotauro vs Nelson,https://www.bestfightodds.com/events/ufc-fight-night-39-minotauro-vs-nelson-790
2014-05-10,Constantinos Philippou,Lorenz Larkin,2014-05-10,0,0.5,0.5,1.21,1.21,1,UFC Fight Night: Brown vs Silva,https://www.bestfightodds.com/events/ufc-fight-night-40-brown-vs-silva-794
2014-06-14,Ryan Bader,Rafael Cavalcante,2014-06-14,0,0.5,0.5,1.25,1.25,1,UFC 174: Johnson vs Bagautinov,https://www.bestfightodds.com/events/ufc-174-johnson-vs-bagautinov-807
2014-06-28,Kelvin Gastelum,Nicholas Musoke,2014-06-28,0,0.5,0.5,1.08,1.08,1,UFC Fight Night: Swanson vs Stephens,https://www.bestfightodds.com/events/ufc-fight-night-44-swanson-vs-stephens-800
2014-07-26,Josh Thomson,King Green,2014-07-26,0,0.5,0.5,1.25,1.25,1,UFC on FOX: Lawler vs Brown,https://www.bestfightodds.com/events/ufc-on-fox-12-lawler-vs-brown-829
2014-10-25,William Macario,Neil Magny,2014-10-25,0,0.5,0.5,1.25,1.25,1,UFC 179: Aldo vs Mendes 2,https://www.bestfightodds.com/events/ufc-179-aldo-vs-mendes-ii-855
2014-11-22,King Green,Edson Barboza,2014-11-22,0,0.5,0.5,1.21,1.21,1,UFC Fight Night: Edgar vs Swanson,https://www.bestfightodds.com/events/ufc-fight-night-57-edgar-vs-swanson-892
2015-01-24,Nicholas Musoke,Albert Tumenov,2015-01-24,0,0.5,0.5,1.25,1.25,1,UFC on FOX: Gustafsson vs Johnson,https://www.bestfightodds.com/events/ufc-on-fox-14-gustafsson-vs-johnson-906
2015-03-21,Edimilson Souza,Katsunori Kikuno,2015-03-21,0,0.5,0.5,1.21,1.21,1,UFC Fight Night: Maia vs LaFlare,https://www.bestfightodds.com/events/ufc-fight-night-62-maia-vs-laflare-934
2015-04-11,Gabriel Gonzaga,Mirko Filipovic,2015-04-11,0,0.5,0.5,1.3,1.3,1,UFC Fight Night: Gonzaga vs Cro Cop 2,https://www.bestfightodds.com/events/ufc-fight-night-64-gonzaga-vs-cro-cop-ii-936
2015-04-25,Quinton Jackson,Fabio Maldonado,2015-04-25,0,0.5,0.5,1.25,1.25,1,UFC 186: Johnson vs Horiguchi,https://www.bestfightodds.com/events/ufc-186-johnson-vs-horiguchi-929
2015-05-09,Dylan Andrews,Brad Scott,2015-05-09,0,0.5,0.5,1.2,1.2,1,UFC Fight Night: Miocic vs Hunt,https://www.bestfightodds.com/events/ufc-fight-night-65-hunt-vs-miocic-950
2015-05-16,Gegard Mousasi,Constantinos Philippou,2015-05-16,0,0.5,0.5,1.21,1.21,1,UFC Fight Night: Edgar vs Faber,https://www.bestfightodds.com/events/ufc-fight-night-66-edgar-vs-faber-946
2015-05-23,Justin Scoggins,Josh Sampo,2015-05-23,0,0.5,0.5,1.25,1.25,1,UFC 187: Johnson vs Cormier,https://www.bestfightodds.com/events/ufc-187-johnson-vs-cormier-945
2015-08-01,Rafael Cavalcante,Patrick Cummins,2015-08-01,0,0.5,0.5,1.26,1.26,1,UFC 190: Rousey vs Correia,https://www.bestfightodds.com/events/ufc-190-rousey-vs-correia-960
2015-08-01,Stefan Struve,Antonio Rodrigo Nogueira,2015-08-01,0,0.5,0.5,1.24,1.24,1,UFC 190: Rousey vs Correia,https://www.bestfightodds.com/events/ufc-190-rousey-vs-correia-960
2015-10-24,Darren Elkins,Robert Whiteford,2015-10-24,0,0.5,0.5,1.22,1.22,1,UFC Fight Night: Holohan vs Smolka,https://www.bestfightodds.com/events/ufc-fight-night-76-holohan-vs-smolka-976
2015-11-07,Edimilson Souza,Chas Skelly,2015-11-07,0,0.5,0.5,1.22,1.22,1,UFC Fight Night: Belfort vs Henderson 3,https://www.bestfightodds.com/events/ufc-fight-night-77-belfort-vs-henderson-3-997
2016-02-06,Ovince Saint Preux,Rafael Cavalcante,2016-02-06,0,0.5,0.5,1.22,1.22,1,UFC Fight Night: Hendricks vs Thompson,https://www.bestfightodds.com/events/ufc-fight-night-82-hendricks-vs-thompson-1056
2016-02-27,Brad Scott,Krzysztof Jotko,2016-02-27,0,0.5,0.5,1.22,1.22,1,UFC Fight Night: Silva vs Bisping,https://www.bestfightodds.com/events/ufc-fight-night-84-silva-vs-bisping-1052
2016-03-19,Bec Rawlings,Seo Hee Ham,2016-03-19,0,0.5,0.5,1.22,1.22,1,UFC Fight Night: Hunt vs Mir,https://www.bestfightodds.com/events/ufc-fight-night-85-hunt-vs-mir-1062
2016-04-10,Robert Whiteford,Lucas Martins,2016-04-10,0,0.5,0.5,1.22,1.22,1,UFC Fight Night: Rothwell vs Dos Santos,https://www.bestfightodds.com/events/ufc-fight-night-86-rothwell-vs-dos-santos-1077
2016-05-08,Yuta Sasaki,Willie Gates,2016-05-08,0,0.5,0.5,1.22,1.22,1,UFC Fight Night: Overeem vs Arlovski,https://www.bestfightodds.com/events/ufc-fight-night-87-overeem-vs-arlovski-1088
2016-06-04,Dustin Poirier,King Green,2016-06-04,0,0.5,0.5,1.26,1.26,1,UFC 199: Rockhold vs. Bisping 2,https://www.bestfightodds.com/events/ufc-199-rockhold-vs-bisping-ii-1081
2017-01-15,Jocelyn Jones-Lybarger,Nina Nunes,2017-01-15,0,0.5,0.5,1.22,1.22,1,UFC Fight Night: Rodriguez vs. Penn,https://www.bestfightodds.com/events/ufc-fight-night-103-rodriguez-vs-penn-1219
2017-02-11,Wilson Reis,Yuta Sasaki,2017-02-11,0,0.5,0.5,1.26,1.26,1,UFC 208: Holm vs. De Randamie,https://www.bestfightodds.com/events/ufc-208-holm-vs-de-randamie-1229
2017-03-18,Brad Scott,Scott Askham,2017-03-18,0,0.5,0.5,1.22,1.22,1,UFC Fight Night: Manuwa vs. Anderson,https://www.bestfightodds.com/events/ufc-fight-night-107-manuwa-vs-anderson-1246
2017-03-18,Daniel Omielanczuk,Timothy Johnson,2017-03-18,0,0.5,0.5,1.22,1.22,1,UFC Fight Night: Manuwa vs. Anderson,https://www.bestfightodds.com/events/ufc-fight-night-107-manuwa-vs-anderson-1246
2017-04-15,King Green,Rashid Magomedov,2017-04-15,0,0.5,0.5,1.26,1.26,1,UFC on FOX: Johnson vs. Reis,https://www.bestfightodds.com/events/ufc-on-fox-24-johnson-vs-reis-1259
2017-05-13,James Vick,Marco Polo Reyes,2017-05-13,0,0.5,0.5,1.26,1.26,1,UFC 211: Miocic vs. Dos Santos,https://www.bestfightodds.com/events/ufc-211-miocic-vs-dos-santos-2-1252
2017-05-28,Nicholas Musoke,Bojan Velickovic,2017-05-28,0,0.5,0.5,1.22,1.22,1,UFC Fight Night: Gustafsson vs. Teixeira,https://www.bestfightodds.com/events/ufc-fight-night-109-gustafsson-vs-teixeira-1265
2017-06-03,Antonio Carlos Junior,Eric Spicely,2017-06-03,0,0.5,0.5,1.26,1.26,1,UFC 212: Aldo vs. Holloway,https://www.bestfightodds.com/events/ufc-212-aldo-vs-holloway-1257
2017-06-17,Justin Scoggins,Yuta Sasaki,2017-06-17,0,0.5,0.5,1.22,1.22,1,UFC Fight Night: Holm vs. Correia,https://www.bestfightodds.com/events/ufc-fight-night-111-holm-vs-correia-1277
2017-06-25,Carla Esparza,Maryna Moroz,2017-06-25,0,0.5,0.5,1.22,1.22,1,UFC Fight Night: Chiesa vs. Lee,https://www.bestfightodds.com/events/ufc-fight-night-112-chiesa-vs-lee-1276
2017-08-05,Brad Scott,Jack Hermansson,2017-08-05,0,0.5,0.5,1.22,1.22,1,UFC Fight Night: Pettis vs. Moreno,https://www.bestfightodds.com/events/ufc-fight-night-114-pettis-vs-moreno-1307
2017-09-22,Jussier Formiga,Yuta Sasaki,2017-09-22,0,0.5,0.5,1.22,1.22,1,UFC Fight Night: Saint Preux vs. Okami,https://www.bestfightodds.com/events/ufc-fight-night-117-saint-preux-vs-okami-1332
2017-11-11,Angela Hill,Nina Nunes,2017-11-11,0,0.5,0.5,1.22,1.22,1,UFC Fight Night: Poirier vs. Pettis,https://www.bestfightodds.com/events/ufc-fight-night-120-poirier-vs-pettis-1353
2017-12-30,Cristiane Justino,Holly Holm,2017-12-30,0,0.5,0.5,1.36,1.36,1,UFC 219: Cyborg vs. Holm,https://www.bestfightodds.com/events/ufc-219-cyborg-vs-holm-1387
2017-12-30,Myles Jury,Ricky Glenn,2017-12-30,0,0.5,0.5,1.26,1.26,1,UFC 219: Cyborg vs. Holm,https://www.bestfightodds.com/events/ufc-219-cyborg-vs-holm-1387
2018-01-27,Erik Koch,King Green,2018-01-27,0,0.5,0.5,1.26,1.26,1,UFC Fight Night: Jacare vs. Brunson 2,https://www.bestfightodds.com/events/ufc-on-fox-27-jacare-vs-brunson-2-1413
2018-06-23,Jenel Lausa,Yuta Sasaki,2018-06-23,0,0.5,0.5,1.21,1.21,1,UFC Fight Night: Cowboy vs. Edwards,https://www.bestfightodds.com/events/ufc-fight-night-132-cowboy-vs-edwards-1475
2018-07-14,Dennis Bermudez,Ricky Glenn,2018-07-14,0,0.5,0.5,1.21,1.21,1,UFC Fight Night: Dos Santos vs. Ivanov,https://www.bestfightodds.com/events/ufc-fight-night-133-dos-santos-vs-ivanov-1504
2018-07-28,Randa Markos,Nina Nunes,2018-07-28,0,0.5,0.5,1.21,1.21,1,UFC Fight Night: Alvarez vs. Poirier 2,https://www.bestfightodds.com/events/ufc-on-fox-30-alvarez-vs-poirier-2-1502
2018-09-08,Robert Sanchez,Jarred Brooks,2018-09-08,0,0.5,0.5,1.22,1.22,1,UFC 228: Woodley vs. Till,https://www.bestfightodds.com/events/ufc-228-woodley-vs-till-1530
2018-11-17,Alexandre Pantoja,Yuta Sasaki,2018-11-17,0,0.665762,0.334238,1.245056,2.48,2,UFC Fight Night: Magny vs. Ponzinibbio,https://www.bestfightodds.com/events/ufc-fight-night-140-magny-vs-ponzinibbio-1578
2018-12-08,Claudia Gadelha,Nina Nunes,2018-12-08,0,0.652327,0.347673,1.25515,2.355,2,UFC 231: Holloway vs. Ortega,https://www.bestfightodds.com/events/ufc-231-holloway-vs-ortega-1584
2018-12-15,King Green,Drakkar Klose,2018-12-15,0,0.382698,0.617302,2.105,1.305,2,UFC Fight Night: Lee vs. Iaquinta,https://www.bestfightodds.com/events/ufc-on-fox-31-lee-vs-iaquinta-2-1587
2018-12-29,Cristiane Justino,Amanda Nunes,2018-12-29,0,0.592798,0.407202,1.404742,2.045,2,UFC 232: Jones vs. Gustafsson 2,https://www.bestfightodds.com/events/ufc-232-jones-vs-gustafsson-2-1583
2019-02-17,Aleksandra Albu,Emily Whitmire,2019-02-17,0,0.5,0.5,1.55545,1.55545,2,UFC Fight Night: Ngannou vs. Velasquez,https://www.bestfightodds.com/events/ufc-on-espn-1-ngannou-vs-velasquez-1637
2019-02-23,Damir Hadzovic,Marco Polo Reyes,2019-02-23,0,0.516077,0.483923,1.505,1.605,2,UFC Fight Night: Blachowicz vs. Santos,https://www.bestfightodds.com/events/ufc-on-espn-3-blachowicz-vs-santos-1638
2019-06-08,Tatiana Suarez,Nina Nunes,2019-06-08,0,0.75418,0.24582,1.175028,3.605,2,UFC 238: Cejudo vs. Moraes,https://www.bestfightodds.com/events/ufc-238-cejudo-vs-moraes-1677
2019-06-29,Demian Maia,Anthony Rocco Martin,2019-06-29,0,0.571523,0.428477,1.390714,1.855,2,UFC Fight Night: Ngannou vs. Dos Santos,https://www.bestfightodds.com/events/ufc-on-espn-3-ngannou-vs-dos-santos-1687
2019-07-06,Claudia Gadelha,Randa Markos,2019-07-06,0,0.606193,0.393807,1.325264,2.04,2,UFC 239: Jones vs. Santos,https://www.bestfightodds.com/events/ufc-239-jones-vs-santos-1686
2019-08-10,Vicente Luque,Mike Perry,2019-08-10,0,0.617302,0.382698,1.305,2.105,2,UFC Fight Night: Shevchenko vs. Carmouche 2,https://www.bestfightodds.com/events/ufc-on-espn-14-shevchenko-vs-carmouche-2-1724
2019-08-31,Li Jingliang,Elizeu Zaleski dos Santos,2019-08-31,0,0.365932,0.634068,2.235,1.289856,2,UFC Fight Night: Andrade vs. Zhang,https://www.bestfightodds.com/events/ufc-on-espn-15-andrade-vs-zhang-1733
2019-11-09,Alexander Volkov,Greg Hardy,2019-11-09,0,0.651907,0.348093,1.26015,2.36,2,UFC Fight Night: Zabit vs. Kattar,https://www.bestfightodds.com/events/ufc-on-espn-21-zabit-vs-kattar-1795
2019-11-09,Ramazan Emeev,Anthony Rocco Martin,2019-11-09,0,0.5304,0.4696,1.469712,1.66,2,UFC Fight Night: Zabit vs. Kattar,https://www.bestfightodds.com/events/ufc-on-espn-21-zabit-vs-kattar-1795
2019-11-16,Francisco Trinaldo,King Green,2019-11-16,0,0.5304,0.4696,1.469712,1.66,2,UFC Fight Night: Blachowicz vs. Jacare,https://www.bestfightodds.com/events/ufc-on-espn-22-blachowicz-vs-jacare-1755
2019-12-14,Brandon Moreno,Kai Kara-France,2019-12-14,0,0.440604,0.559396,1.79,1.409878,2,UFC 245: Usman vs. Covington,https://www.bestfightodds.com/events/ufc-245-usman-vs-covington-1787
2019-12-14,Petr Yan,Urijah Faber,2019-12-14,0,0.712766,0.287234,1.215,3.015,2,UFC 245: Usman vs. Covington,https://www.bestfightodds.com/events/ufc-245-usman-vs-covington-1787
2020-01-25,Justine Kish,Lucie Pudilova,2020-01-25,0,0.428477,0.571523,1.855,1.390714,2,UFC Fight Night: Blaydes vs. Dos Santos,https://www.bestfightodds.com/events/ufc-on-espn-24-blaydes-vs-dos-santos-1841
2020-02-22,Jimmy Crute,Michal Oleksiejczuk,2020-02-22,0,0.484076,0.515924,1.62,1.52,2,UFC Fight Night: Felder vs. Hooker,https://www.bestfightodds.com/events/ufc-on-espn-26-felder-vs-hooker-1846
2020-03-07,Zhang Weili,Joanna Jedrzejczyk,2020-03-07,0,0.601662,0.398338,1.400264,2.115,2,UFC 248: Adesanya vs. Romero,https://www.bestfightodds.com/events/ufc-248-adesanya-vs-romero-1849
2020-03-14,Elizeu Zaleski dos Santos,Aleksei Kunchenko,2020-03-14,0,0.5,0.5,1.56545,1.56545,2,UFC Fight Night: Lee vs. Oliveira,https://www.bestfightodds.com/events/ufc-on-espn-28-lee-vs-oliveira-1847
2020-06-20,Clay Guida,King Green,2020-06-20,0,0.36555,0.63445,2.23,1.284856,2,UFC Fight Night: Blaydes vs. Volkov,https://www.bestfightodds.com/events/ufc-on-espn-11-blaydes-vs-volkov-1897
2020-08-01,Lando Vannata,King Green,2020-08-01,0,0.553362,0.446638,1.420559,1.76,2,UFC Fight Night: Brunson vs. Shahbazyan,https://www.bestfightodds.com/events/ufc-on-espn-31-brunson-vs-shahbazyan-1918
2020-09-12,King Green,Alan Patrick,2020-09-12,0,0.651907,0.348093,1.26015,2.36,2,UFC Fight Night: Waterson vs. Hill,https://www.bestfightodds.com/events/ufc-on-espn-35-waterson-vs-hill-1945
2020-10-31,King Green,Thiago Moises,2020-10-31,0,0.647033,0.352967,1.32015,2.42,2,UFC Fight Night: Hall vs. Silva,https://www.bestfightodds.com/events/ufc-on-espn-39-hall-vs-silva-1973
2021-01-23,Arman Tsarukyan,Matt Frevola,2021-01-23,0,0.777383,0.222617,1.23138,4.3,3,UFC 257: Poirier vs. McGregor,https://www.bestfightodds.com/events/ufc-257-poirier-vs-mcgregor-2-2016
2021-06-05,Montana De La Rosa,Ariane da Silva,2021-06-05,0,0.516464,0.483536,1.734307,1.852407,5,UFC Fight Night: Rozenstruik vs. Sakai,https://www.bestfightodds.com/events/ufc-fight-night-186-rozenstruik-vs-gane-2039
2021-08-07,King Green,Rafael Fiziev,2021-08-07,0,0.302128,0.697872,3.163,1.369348,10,UFC 265: Lewis vs. Gane,https://www.bestfightodds.com/events/ufc-265-lewis-vs-gane-2142
2021-11-06,Al Iaquinta,King Green,2021-11-06,0,0.382452,0.617548,2.474,1.532167,10,UFC 268: Usman vs. Covington 2,https://www.bestfightodds.com/events/ufc-268-usman-vs-covington-2-2246
