history_type,event_date,fighter_a,fighter_b,winner,subject_result,method,finish_round,num_rounds,weight_class,title_bout,source,organization,ufcstats_id,ufcstats_url,subject_dob,source_profile_id,source_profile_url,source_profile_dob,dob_match
professional,2014-09-20,Gabriel Santos,Lucas de Sousa Silva,Gabriel Santos,win,TKO (punches),3,,,,sherdog,Action Fight 1,f2f140ce7532e327,http://ufcstats.com/fighter-details/f2f140ce7532e327,1996-11-28,179211,https://www.sherdog.com/fighter/Gabriel-Santos-179211,1996-11-28,true
professional,2016-05-28,Gabriel Santos,Thiago Carvalho,Gabriel Santos,win,Decision (unanimous),,,,,sherdog,Sao Francisco Fight 6,f2f140ce7532e327,http://ufcstats.com/fighter-details/f2f140ce7532e327,1996-11-28,179211,https://www.sherdog.com/fighter/Gabriel-Santos-179211,1996-11-28,true
professional,2017-06-10,Gabriel Santos,Jeovanny de Oliveira,Gabriel Santos,win,Submission (rear-naked choke),1,,,,sherdog,Aspera FC 53,f2f140ce7532e327,http://ufcstats.com/fighter-details/f2f140ce7532e327,1996-11-28,179211,https://www.sherdog.com/fighter/Gabriel-Santos-179211,1996-11-28,true
professional,2017-09-02,Gabriel Santos,Thiago Barbosa do Nascimento,Gabriel Santos,win,Submission (rear-naked choke),1,,,,sherdog,Coronel Combate 9,f2f140ce7532e327,http://ufcstats.com/fighter-details/f2f140ce7532e327,1996-11-28,179211,https://www.sherdog.com/fighter/Gabriel-Santos-179211,1996-11-28,true
professional,2018-09-22,Gabriel Santos,Jorge Nunez,Gabriel Santos,win,Submission (rear-naked choke),1,,,,sherdog,Victorious FC 1,f2f140ce7532e327,http://ufcstats.com/fighter-details/f2f140ce7532e327,1996-11-28,179211,https://www.sherdog.com/fighter/Gabriel-Santos-179211,1996-11-28,true
professional,2019-09-07,Gabriel Santos,Lucas Daniel Padilha Nunes,Gabriel Santos,win,Submission (rear-naked choke),1,,,,sherdog,Maktub Fight Pro,f2f140ce7532e327,http://ufcstats.com/fighter-details/f2f140ce7532e327,1996-11-28,179211,https://www.sherdog.com/fighter/Gabriel-Santos-179211,1996-11-28,true
professional,2020-10-16,Gabriel Santos,Elves Brener,Gabriel Santos,win,Decision (unanimous),,,,,sherdog,Future MMA 12,f2f140ce7532e327,http://ufcstats.com/fighter-details/f2f140ce7532e327,1996-11-28,179211,https://www.sherdog.com/fighter/Gabriel-Santos-179211,1996-11-28,true
professional,2021-09-24,Gabriel Santos,Elvis Silva,Gabriel Santos,win,Decision (unanimous),,,,,sherdog,Future MMA 13,f2f140ce7532e327,http://ufcstats.com/fighter-details/f2f140ce7532e327,1996-11-28,179211,https://www.sherdog.com/fighter/Gabriel-Santos-179211,1996-11-28,true
professional,2022-11-04,Gabriel Santos,Marcio Barbosa,Gabriel Santos,win,TKO (head kick and punches),2,,,,sherdog,LFA 146,f2f140ce7532e327,http://ufcstats.com/fighter-details/f2f140ce7532e327,1996-11-28,179211,https://www.sherdog.com/fighter/Gabriel-Santos-179211,1996-11-28,true
professional,2023-01-28,Gabriel Santos,Jose Mauro Delano,Gabriel Santos,win,KO (body punch),3,,,,sherdog,LFA 151,f2f140ce7532e327,http://ufcstats.com/fighter-details/f2f140ce7532e327,1996-11-28,179211,https://www.sherdog.com/fighter/Gabriel-Santos-179211,1996-11-28,true
professional,2012-10-20,Kai Kamaka III,Anthony Reyes,Kai Kamaka III,win,Decision (unanimous),2,,,,sherdog,KOTC Mana,eee0ef3e2b14816b,http://ufcstats.com/fighter-details/eee0ef3e2b14816b,1995-01-05,117585,https://www.sherdog.com/fighter/Kai-Kamaka-III-117585,1995-01-05,true
professional,2014-08-02,Kai Kamaka III,Nui Wheeler,Kai Kamaka III,win,Submission (rear-naked choke),1,,,,sherdog,Destiny MMA Na Koa 6,eee0ef3e2b14816b,http://ufcstats.com/fighter-details/eee0ef3e2b14816b,1995-01-05,117585,https://www.sherdog.com/fighter/Kai-Kamaka-III-117585,1995-01-05,true
professional,2015-06-14,Kai Kamaka III,Andrew Natividad,Andrew Natividad,loss,TKO (doctor stoppage),1,,,,sherdog,KOTC Sanctioned,eee0ef3e2b14816b,http://ufcstats.com/fighter-details/eee0ef3e2b14816b,1995-01-05,117585,https://www.sherdog.com/fighter/Kai-Kamaka-III-117585,1995-01-05,true
professional,2017-03-25,Kai Kamaka III,Jeff Mesa,Jeff Mesa,loss,Decision (unanimous),,,,,sherdog,PXC 56,eee0ef3e2b14816b,http://ufcstats.com/fighter-details/eee0ef3e2b14816b,1995-01-05,117585,https://www.sherdog.com/fighter/Kai-Kamaka-III-117585,1995-01-05,true
professional,2018-02-24,Kai Kamaka III,Rick James,Kai Kamaka III,win,Decision (unanimous),,,,,sherdog,KOTC Energetic Pursuit,eee0ef3e2b14816b,http://ufcstats.com/fighter-details/eee0ef3e2b14816b,1995-01-05,117585,https://www.sherdog.com/fighter/Kai-Kamaka-III-117585,1995-01-05,true
professional,2018-06-10,Kai Kamaka III,Mauricio Diaz,Kai Kamaka III,win,Decision (unanimous),,,,,sherdog,KOTC Highlight Reel,eee0ef3e2b14816b,http://ufcstats.com/fighter-details/eee0ef3e2b14816b,1995-01-05,117585,https://www.sherdog.com/fighter/Kai-Kamaka-III-117585,1995-01-05,true
professional,2018-12-15,Kai Kamaka III,Shojin Miki,Kai Kamaka III,win,Decision (unanimous),,,,,sherdog,Bellator 213,eee0ef3e2b14816b,http://ufcstats.com/fighter-details/eee0ef3e2b14816b,1995-01-05,117585,https://www.sherdog.com/fighter/Kai-Kamaka-III-117585,1995-01-05,true
professional,2019-12-21,Kai Kamaka III,Spencer Higa,Kai Kamaka III,win,Decision (unanimous),,,,,sherdog,Bellator 236,eee0ef3e2b14816b,http://ufcstats.com/fighter-details/eee0ef3e2b14816b,1995-01-05,117585,https://www.sherdog.com/fighter/Kai-Kamaka-III-117585,1995-01-05,true
professional,2020-07-31,Kai Kamaka III,Michael Stack,Kai Kamaka III,win,Decision (unanimous),,,,,sherdog,LFA 87,eee0ef3e2b14816b,http://ufcstats.com/fighter-details/eee0ef3e2b14816b,1995-01-05,117585,https://www.sherdog.com/fighter/Kai-Kamaka-III-117585,1995-01-05,true
professional,2010-10-10,Mizuki,Emi Murata,Mizuki,win,Submission (armbar),2,,,,sherdog,Jewels 10th Ring,43a59ce3bb40449e,http://ufcstats.com/fighter-details/43a59ce3bb40449e,1994-08-19,71390,https://www.sherdog.com/fighter/Mizuki-Inoue-71390,1994-08-19,true
professional,2010-12-17,Mizuki,Asako Saioka,Mizuki,win,Technical submission (armbar),1,,,,sherdog,Jewels 11th Ring,43a59ce3bb40449e,http://ufcstats.com/fighter-details/43a59ce3bb40449e,1994-08-19,71390,https://www.sherdog.com/fighter/Mizuki-Inoue-71390,1994-08-19,true
professional,2011-09-11,Mizuki,Ayaka Hamasaki,Ayaka Hamasaki,loss,Decision (unanimous),,,,,sherdog,Jewels 16th Ring,43a59ce3bb40449e,http://ufcstats.com/fighter-details/43a59ce3bb40449e,1994-08-19,71390,https://www.sherdog.com/fighter/Mizuki-Inoue-71390,1994-08-19,true
professional,2012-03-03,Mizuki,Alex Chambers,Mizuki,win,Submission (armbar),1,,,,sherdog,Jewels 18th Ring,43a59ce3bb40449e,http://ufcstats.com/fighter-details/43a59ce3bb40449e,1994-08-19,71390,https://www.sherdog.com/fighter/Mizuki-Inoue-71390,1994-08-19,true
professional,2012-12-15,Mizuki,Hyo Kyung Song,Mizuki,win,Submission (armbar),2,,,,sherdog,Jewels 22nd Ring,43a59ce3bb40449e,http://ufcstats.com/fighter-details/43a59ce3bb40449e,1994-08-19,71390,https://www.sherdog.com/fighter/Mizuki-Inoue-71390,1994-08-19,true
professional,2013-03-30,Mizuki,Seo Ye Jung,Mizuki,win,Submission (rear-naked choke),1,,,,sherdog,Jewels 23rd Ring,43a59ce3bb40449e,http://ufcstats.com/fighter-details/43a59ce3bb40449e,1994-08-19,71390,https://www.sherdog.com/fighter/Mizuki-Inoue-71390,1994-08-19,true
professional,2013-07-13,Mizuki,Bec Rawlings,Mizuki,win,Decision (unanimous),,,,,sherdog,Invicta FC 6,43a59ce3bb40449e,http://ufcstats.com/fighter-details/43a59ce3bb40449e,1994-08-19,71390,https://www.sherdog.com/fighter/Mizuki-Inoue-71390,1994-08-19,true
professional,2013-11-04,Mizuki,Emi Fujino,Mizuki,win,Decision (unanimous),,,,,sherdog,Deep Jewels 2,43a59ce3bb40449e,http://ufcstats.com/fighter-details/43a59ce3bb40449e,1994-08-19,71390,https://www.sherdog.com/fighter/Mizuki-Inoue-71390,1994-08-19,true
professional,2014-02-16,Mizuki,Emi Tomimatsu,Emi Tomimatsu,loss,DQ (missed weight),3,,,,sherdog,Deep Jewels 3,43a59ce3bb40449e,http://ufcstats.com/fighter-details/43a59ce3bb40449e,1994-08-19,71390,https://www.sherdog.com/fighter/Mizuki-Inoue-71390,1994-08-19,true
professional,2014-08-09,Mizuki,Emi Tomimatsu,Mizuki,win,Submission (armbar),3,,,,sherdog,Deep Jewels 5,43a59ce3bb40449e,http://ufcstats.com/fighter-details/43a59ce3bb40449e,1994-08-19,71390,https://www.sherdog.com/fighter/Mizuki-Inoue-71390,1994-08-19,true
professional,2014-11-01,Mizuki,Karolina Kowalkiewicz,Karolina Kowalkiewicz,loss,Decision (split),,,,,sherdog,Invicta FC 9,43a59ce3bb40449e,http://ufcstats.com/fighter-details/43a59ce3bb40449e,1994-08-19,71390,https://www.sherdog.com/fighter/Mizuki-Inoue-71390,1994-08-19,true
professional,2015-02-27,Mizuki,Alexa Grasso,Alexa Grasso,loss,Decision (unanimous),,,,,sherdog,Invicta FC 11,43a59ce3bb40449e,http://ufcstats.com/fighter-details/43a59ce3bb40449e,1994-08-19,71390,https://www.sherdog.com/fighter/Mizuki-Inoue-71390,1994-08-19,true
professional,2015-08-29,Mizuki,Emi Fujino,Mizuki,win,Decision (unanimous),,,,,sherdog,Deep Jewels 9,43a59ce3bb40449e,http://ufcstats.com/fighter-details/43a59ce3bb40449e,1994-08-19,71390,https://www.sherdog.com/fighter/Mizuki-Inoue-71390,1994-08-19,true
professional,2016-01-16,Mizuki,Lacey Sears,Mizuki,win,Submission (armbar),3,,,,sherdog,Invicta FC 15,43a59ce3bb40449e,http://ufcstats.com/fighter-details/43a59ce3bb40449e,1994-08-19,71390,https://www.sherdog.com/fighter/Mizuki-Inoue-71390,1994-08-19,true
professional,2016-03-06,Mizuki,Rina,Mizuki,win,Technical submission (armbar),1,,,,sherdog,Deep Jewels 11,43a59ce3bb40449e,http://ufcstats.com/fighter-details/43a59ce3bb40449e,1994-08-19,71390,https://www.sherdog.com/fighter/Mizuki-Inoue-71390,1994-08-19,true
professional,2016-07-29,Mizuki,Lynn Alvarez,Mizuki,win,Submission (armbar),2,,,,sherdog,Invicta FC 18,43a59ce3bb40449e,http://ufcstats.com/fighter-details/43a59ce3bb40449e,1994-08-19,71390,https://www.sherdog.com/fighter/Mizuki-Inoue-71390,1994-08-19,true
professional,2018-03-24,Mizuki,Virna Jandiroba,Virna Jandiroba,loss,Decision (split),,,,,sherdog,Invicta FC 28,43a59ce3bb40449e,http://ufcstats.com/fighter-details/43a59ce3bb40449e,1994-08-19,71390,https://www.sherdog.com/fighter/Mizuki-Inoue-71390,1994-08-19,true
professional,2018-11-16,Mizuki,Viviane Pereira,Mizuki,win,Decision (unanimous),,,,,sherdog,Invicta FC 32,43a59ce3bb40449e,http://ufcstats.com/fighter-details/43a59ce3bb40449e,1994-08-19,71390,https://www.sherdog.com/fighter/Mizuki-Inoue-71390,1994-08-19,true
amateur,2011-05-28,Kai Kamaka III,Donovan Callruda,Kai Kamaka III,win,Decision (unanimous),3,,,,sherdog,808 Battleground,eee0ef3e2b14816b,http://ufcstats.com/fighter-details/eee0ef3e2b14816b,1995-01-05,117585,https://www.sherdog.com/fighter/Kai-Kamaka-III-117585,1995-01-05,true
amateur,2013-04-06,Kai Kamaka III,Gerald Casteneto,Kai Kamaka III,win,TKO (punches),3,,,,sherdog,Destiny MMA Na Koa 3,eee0ef3e2b14816b,http://ufcstats.com/fighter-details/eee0ef3e2b14816b,1995-01-05,117585,https://www.sherdog.com/fighter/Kai-Kamaka-III-117585,1995-01-05,true
amateur,2013-06-29,Kai Kamaka III,Kevin Natividad,Kevin Natividad,loss,Submission (brabo choke),2,,,,sherdog,Destiny MMA Proving Grounds,eee0ef3e2b14816b,http://ufcstats.com/fighter-details/eee0ef3e2b14816b,1995-01-05,117585,https://www.sherdog.com/fighter/Kai-Kamaka-III-117585,1995-01-05,true
