event_name,event_date
ortiz vs shamrock 3: the final chapter,2006-10-10
the ultimate fighter: a champion will be crowned finale,2014-12-12
the ultimate fighter: a new world champion finale,2017-12-01
the ultimate fighter: american top team vs. blackzilians finale,2015-07-12
the ultimate fighter: heavy hitters finale,2018-11-30
the ultimate fighter: heavyweights finale,2009-12-05
the ultimate fighter: live finale,2012-06-01
the ultimate fighter: redemption finale,2017-07-07
the ultimate fighter: team bisping vs team miller finale,2011-12-03
the ultimate fighter: team carwin vs. team nelson finale,2012-12-15
the ultimate fighter: team couture vs. team liddell finale,2005-04-09
the ultimate fighter: team edgar vs. team penn finale,2014-07-06
the ultimate fighter: team gsp vs team koscheck finale,2010-12-04
the ultimate fighter: team hughes vs. team franklin finale,2005-11-05
the ultimate fighter: team hughes vs. team serra finale,2007-12-08
the ultimate fighter: team joanna vs. team cláudia finale,2016-07-08
the ultimate fighter: team jones vs. team sonnen finale,2013-04-13
the ultimate fighter: team lesnar vs team dos santos finale,2011-06-04
the ultimate fighter: team liddell vs team ortiz finale,2010-06-19
the ultimate fighter: team mcgregor vs. team faber finale,2015-12-11
the ultimate fighter: team nogueira vs. team mir finale,2008-12-13
the ultimate fighter: team ortiz vs. team shamrock finale,2006-06-24
the ultimate fighter: team pulver vs. team penn finale,2007-06-23
the ultimate fighter: team rampage vs team forrest finale,2008-06-21
the ultimate fighter: team rousey vs. team tate finale,2013-11-30
the ultimate fighter: the comeback finale,2006-11-11
the ultimate fighter: tournament of champions finale,2016-12-03
the ultimate fighter: undefeated finale,2018-07-06
the ultimate fighter: united states vs. united kingdom finale,2009-06-20
ufc - road to ufc 4.6,2025-08-22
ufc - ultimate brazil,1998-10-16
ufc - ultimate japan,1997-12-21
ufc - ultimate ultimate '95,1995-12-16
ufc - ultimate ultimate '96,1996-12-07
ufc 100,2009-07-11
ufc 101: declaration,2009-08-08
ufc 102: couture vs nogueira,2009-08-29
ufc 103: franklin vs belfort,2009-09-19
ufc 104: machida vs shogun,2009-10-24
ufc 105: couture vs vera,2009-11-14
ufc 106: ortiz vs griffin 2,2009-11-21
ufc 107: penn vs sanchez,2009-12-12
ufc 108: evans vs silva,2010-01-02
ufc 109: relentless,2010-02-06
ufc 10: the tournament,1996-07-12
ufc 110: nogueira vs velasquez,2010-02-20
ufc 111: st-pierre vs hardy,2010-03-27
ufc 112: invincible,2010-04-10
ufc 113: machida vs shogun 2,2010-05-08
ufc 114: rampage vs evans,2010-05-29
ufc 115: liddell vs franklin,2010-06-12
ufc 116: lesnar vs carwin,2010-07-03
ufc 117: silva vs sonnen,2010-08-07
ufc 118: edgar vs penn 2,2010-08-28
ufc 119: mir vs cro cop,2010-09-25
ufc 11: the proving ground,1996-09-20
ufc 120: bisping vs akiyama,2010-10-16
ufc 121: lesnar vs velasquez,2010-10-23
ufc 122: marquardt vs okami,2010-11-13
ufc 123: rampage vs machida,2010-11-20
ufc 124: st-pierre vs koscheck 2,2010-12-11
ufc 125: resolution,2011-01-01
ufc 126: silva vs belfort,2011-02-05
ufc 127: penn vs fitch,2011-02-26
ufc 128: shogun vs jones,2011-03-19
ufc 129: st-pierre vs shields,2011-04-30
ufc 12: judgement day,1997-02-07
ufc 130: rampage vs hamill,2011-05-28
ufc 131: dos santos vs carwin,2011-06-11
ufc 132: cruz vs faber,2011-07-02
ufc 133: evans vs ortiz 2,2011-08-06
ufc 134: silva vs okami,2011-08-27
ufc 135: jones vs rampage,2011-09-24
ufc 136: edgar vs maynard 3,2011-10-08
ufc 137: penn vs diaz,2011-10-29
ufc 138: leben vs munoz,2011-11-05
ufc 139: shogun vs henderson,2011-11-19
ufc 13: the ultimate force,1997-05-30
ufc 140: jones vs machida,2011-12-10
ufc 141: lesnar vs overeem,2011-12-30
ufc 142: aldo vs mendes,2012-01-14
ufc 143: diaz vs condit,2012-02-04
ufc 144: edgar vs henderson,2012-02-25
ufc 145: jones vs evans,2012-04-21
ufc 146: dos santos vs mir,2012-05-26
ufc 147: silva vs franklin 2,2012-06-23
ufc 148: silva vs sonnen 2,2012-07-07
ufc 149: faber vs barao,2012-07-21
ufc 14: showdown,1997-07-27
ufc 150: henderson vs edgar ii,2012-08-11
ufc 152: jones vs belfort,2012-09-22
ufc 153: silva vs bonnar,2012-10-13
ufc 154: st-pierre vs condit,2012-11-17
ufc 155: dos santos vs velasquez ii,2012-12-29
ufc 156: aldo vs edgar,2013-02-02
ufc 157: rousey vs carmouche,2013-02-23
ufc 158: st-pierre vs diaz,2013-03-16
ufc 159: jones vs sonnen,2013-04-27
ufc 15: collision course,1997-10-17
ufc 160: velasquez vs silva 2,2013-05-25
ufc 161: evans vs henderson,2013-06-15
ufc 162: silva vs weidman,2013-07-06
ufc 163: aldo vs jung,2013-08-03
ufc 164: henderson vs pettis 2,2013-08-31
ufc 165: jones vs gustafsson,2013-09-21
ufc 166: velasquez vs dos santos 3,2013-10-19
ufc 167: st-pierre vs hendricks,2013-11-16
ufc 168: weidman vs silva 2,2013-12-28
ufc 169: barao vs faber 2,2014-02-01
ufc 16: battle in the bayou,1998-03-13
ufc 170: rousey vs mcmann,2014-02-22
ufc 171: hendricks vs lawler,2014-03-15
ufc 172: jones vs teixeira,2014-04-26
ufc 173: barao vs dillashaw,2014-05-24
ufc 174: johnson vs bagautinov,2014-06-14
ufc 175: weidman vs machida,2014-07-05
ufc 177: dillashaw vs soto,2014-08-30
ufc 178: johnson vs cariaso,2014-09-27
ufc 179: aldo vs mendes 2,2014-10-25
ufc 17: redemption,1998-05-15
ufc 180: werdum vs hunt,2014-11-15
ufc 181: hendricks vs lawler ii,2014-12-06
ufc 182: jones vs cormier,2015-01-03
ufc 183: silva vs diaz,2015-01-31
ufc 184: rousey vs zingano,2015-02-28
ufc 185: pettis vs dos anjos,2015-03-14
ufc 186: johnson vs horiguchi,2015-04-25
ufc 187: johnson vs cormier,2015-05-23
ufc 188: velasquez vs werdum,2015-06-13
ufc 189: mendes vs mcgregor,2015-07-11
ufc 18: the road to the heavyweight title,1999-01-08
ufc 190: rousey vs correia,2015-08-01
ufc 191: johnson vs dodson 2,2015-09-05
ufc 192: cormier vs gustafsson,2015-10-03
ufc 193: rousey vs holm,2015-11-14
ufc 194: aldo vs mcgregor,2015-12-12
ufc 195: lawler vs condit,2016-01-02
ufc 196: mcgregor vs diaz,2016-03-05
ufc 197: jones vs saint preux,2016-04-23
ufc 198: werdum vs miocic,2016-05-14
ufc 199: rockhold vs. bisping 2,2016-06-04
ufc 19: ultimate young guns,1999-03-05
ufc 1: the beginning,1993-11-12
ufc 200: tate vs nunes,2016-07-09
ufc 201: lawler vs. woodley,2016-07-30
ufc 202: diaz vs. mcgregor 2,2016-08-20
ufc 203: miocic vs. overeem,2016-09-10
ufc 204: bisping vs. henderson,2016-10-08
ufc 205: alvarez vs mcgregor,2016-11-12
ufc 206: holloway vs. pettis,2016-12-10
ufc 207: nunes vs. rousey,2016-12-30
ufc 208: holm vs. de randamie,2017-02-11
ufc 209: woodley vs. thompson 2,2017-03-04
ufc 20: battle for the gold,1999-05-07
ufc 210: cormier vs. johnson 2,2017-04-08
ufc 211: miocic vs. dos santos,2017-05-13
ufc 212: aldo vs. holloway,2017-06-03
ufc 213: romero vs. whittaker,2017-07-08
ufc 214: cormier vs. jones 2,2017-07-29
ufc 215: nunes vs shevchenko 2,2017-09-09
ufc 216: ferguson vs. lee,2017-10-07
ufc 217: bisping vs. st-pierre,2017-11-04
ufc 218: holloway vs. aldo 2,2017-12-02
ufc 219: cyborg vs. holm,2017-12-30
ufc 21: return of the champions,1999-07-16
ufc 220: miocic vs. ngannou,2018-01-20
ufc 221: romero vs. rockhold,2018-02-10
ufc 222: cyborg vs. kunitskaya,2018-03-03
ufc 223: khabib vs. iaquinta,2018-04-07
ufc 224: nunes vs. pennington,2018-05-12
ufc 225: whittaker vs. romero 2,2018-06-09
ufc 226: miocic vs. cormier,2018-07-07
ufc 227: dillashaw vs. garbrandt 2,2018-08-04
ufc 228: woodley vs. till,2018-09-08
ufc 229: khabib vs. mcgregor,2018-10-06
ufc 22: only one can be champion,1999-09-24
ufc 230: cormier vs. lewis,2018-11-03
ufc 231: holloway vs. ortega,2018-12-08
ufc 232: jones vs. gustafsson 2,2018-12-29
ufc 234: adesanya vs. silva,2019-02-09
ufc 235: jones vs. smith,2019-03-02
ufc 236: holloway vs. poirier 2,2019-04-13
ufc 237: namajunas vs. andrade,2019-05-11
ufc 238: cejudo vs. moraes,2019-06-08
ufc 239: jones vs. santos,2019-07-06
ufc 23: ultimate japan 2,1999-11-19
ufc 240: holloway vs. edgar,2019-07-27
ufc 241: cormier vs. miocic 2,2019-08-17
ufc 242: khabib vs. poirier,2019-09-07
ufc 243: whittaker vs. adesanya,2019-10-05
ufc 244: masvidal vs. diaz,2019-11-02
ufc 245: usman vs. covington,2019-12-14
ufc 246: mcgregor vs. cowboy,2020-01-18
ufc 247: jones vs. reyes,2020-02-08
ufc 248: adesanya vs. romero,2020-03-07
ufc 249: ferguson vs. gaethje,2020-05-09
ufc 24: first defense,2000-03-10
ufc 250: nunes vs. spencer,2020-06-06
ufc 251: usman vs. masvidal,2020-07-11
ufc 252: miocic vs. cormier 3,2020-08-15
ufc 253: adesanya vs. costa,2020-09-26
ufc 254: khabib vs. gaethje,2020-10-24
ufc 255: figueiredo vs. perez,2020-11-21
ufc 256: figueiredo vs. moreno,2020-12-12
ufc 257: poirier vs. mcgregor,2021-01-23
ufc 258: usman vs. burns,2021-02-13
ufc 259: blachowicz vs. adesanya,2021-03-06
ufc 25: ultimate japan 3,2000-04-14
ufc 260: miocic vs. ngannou,2021-03-27
ufc 261: usman vs. masvidal 2,2021-04-24
ufc 262: oliveira vs. chandler,2021-05-15
ufc 263: adesanya vs. vettori 2,2021-06-12
ufc 264: poirier vs. mcgregor 3,2021-07-10
ufc 265: lewis vs. gane,2021-08-07
ufc 266: volkanovski vs. ortega,2021-09-25
ufc 267: blachowicz vs. teixeira,2021-10-30
ufc 268: usman vs. covington 2,2021-11-06
ufc 269: oliveira vs. poirier,2021-12-11
ufc 26: ultimate field of dreams,2000-06-09
ufc 270: ngannou vs. gane,2022-01-22
ufc 271: adesanya vs. whittaker 2,2022-02-12
ufc 272: covington vs. masvidal,2022-03-05
ufc 273: volkanovski vs. the korean zombie,2022-04-09
ufc 274: oliveira vs. gaethje,2022-05-07
ufc 275: teixeira vs. prochazka,2022-06-11
ufc 276: adesanya vs. cannonier,2022-07-02
ufc 277: pena vs. nunes 2,2022-07-30
ufc 278: usman vs. edwards,2022-08-20
ufc 279: diaz vs. ferguson,2022-09-10
ufc 27: ultimate bad boyz,2000-09-22
ufc 280: oliveira vs. makhachev,2022-10-22
ufc 281: adesanya vs. pereira,2022-11-12
ufc 282: blachowicz vs. ankalaev,2022-12-10
ufc 283: teixeira vs. hill,2023-01-21
ufc 284: makhachev vs. volkanovski,2023-02-11
ufc 285: jones vs. gane,2023-03-04
ufc 286: edwards vs. usman 3,2023-03-18
ufc 287: pereira vs. adesanya 2,2023-04-08
ufc 288: sterling vs. cejudo,2023-05-06
ufc 289: nunes vs. aldana,2023-06-10
ufc 28: high stakes,2000-11-17
ufc 290: volkanovski vs. rodriguez,2023-07-08
ufc 291: poirier vs. gaethje 2,2023-07-29
ufc 292: sterling vs. o'malley,2023-08-19
ufc 293: adesanya vs. strickland,2023-09-09
ufc 294: makhachev vs. volkanovski 2,2023-10-21
ufc 295: prochazka vs. pereira,2023-11-11
ufc 296: edwards vs. covington,2023-12-16
ufc 297: strickland vs. du plessis,2024-01-20
ufc 298: volkanovski vs. topuria,2024-02-17
ufc 299: o'malley vs. vera 2,2024-03-09
ufc 29: defense of the belts,2000-12-16
ufc 2: no way out,1994-03-11
ufc 300: pereira vs. hill,2024-04-13
ufc 301: pantoja vs. erceg,2024-05-04
ufc 302: makhachev vs. poirier,2024-06-01
ufc 303: pereira vs. prochazka 2,2024-06-29
ufc 304: edwards vs. muhammad 2,2024-07-27
ufc 305: du plessis vs. adesanya,2024-08-17
ufc 306: riyadh season noche ufc,2024-09-14
ufc 307: pereira vs. rountree jr.,2024-10-05
ufc 308: topuria vs. holloway,2024-10-26
ufc 309: jones vs. miocic,2024-11-16
ufc 30: battle on the boardwalk,2001-02-23
ufc 310: pantoja vs. asakura,2024-12-07
ufc 311: makhachev vs. moicano,2025-01-18
ufc 312: du plessis vs. strickland 2,2025-02-08
ufc 313: pereira vs. ankalaev,2025-03-08
ufc 314: volkanovski vs. lopes,2025-04-12
ufc 315: muhammad vs. della maddalena,2025-05-10
ufc 316: dvalishvili vs. o'malley 2,2025-06-07
ufc 317: topuria vs. oliveira,2025-06-28
ufc 318: holloway vs. poirier 3,2025-07-19
ufc 319: du plessis vs. chimaev,2025-08-16
ufc 31: locked and loaded,2001-05-04
ufc 320: ankalaev vs. pereira 2,2025-10-04
ufc 321: aspinall vs. gane,2025-10-25
ufc 322: della maddalena vs. makhachev,2025-11-15
ufc 323: dvalishvili vs. yan 2,2025-12-06
ufc 324: gaethje vs. pimblett,2026-01-24
ufc 325: volkanovski vs. lopes 2,2026-01-31
ufc 326: holloway vs. oliveira 2,2026-03-07
ufc 32: showdown in the meadowlands,2001-06-29
ufc 33: victory in vegas,2001-09-28
ufc 34: high voltage,2001-11-02
ufc 35: throwdown,2002-01-11
ufc 36: worlds collide,2002-03-22
ufc 37.5: as real as it gets,2002-06-22
ufc 37: high impact,2002-05-10
ufc 38: brawl at the hall,2002-07-13
ufc 39: the warriors return,2002-09-27
ufc 3: the american dream,1994-09-09
ufc 40: vendetta,2002-11-22
ufc 41: onslaught,2003-02-28
ufc 42: sudden impact,2003-04-25
ufc 43: meltdown,2003-06-06
ufc 44: undisputed,2003-09-26
ufc 45: revolution,2003-11-21
ufc 46: supernatural,2004-01-31
ufc 47: it's on!,2004-04-02
ufc 48: payback,2004-06-19
ufc 49: unfinished business,2004-08-21
ufc 4: revenge of the warriors,1994-12-16
ufc 50: the war of '04,2004-10-22
ufc 51: super saturday,2005-02-05
ufc 52: couture vs liddell 2,2005-04-16
ufc 53: heavy hitters,2005-06-04
ufc 54: boiling point,2005-08-20
ufc 55: fury,2005-10-07
ufc 56: full force,2005-11-19
ufc 57: liddell vs couture 3,2006-02-04
ufc 58: usa vs canada,2006-03-04
ufc 59: reality check,2006-04-15
ufc 5: the return of the beast,1995-04-07
ufc 60: hughes vs gracie,2006-05-27
ufc 61: bitter rivals,2006-07-08
ufc 62: liddell vs sobral,2006-08-26
ufc 63: hughes vs penn,2006-09-23
ufc 64: unstoppable,2006-10-14
ufc 65: bad intentions,2006-11-18
ufc 66: liddell vs ortiz 2,2006-12-30
ufc 67: all or nothing,2007-02-03
ufc 68: the uprising,2007-03-03
ufc 69: shootout,2007-04-07
ufc 6: clash of the titans,1995-07-14
ufc 70: nations collide,2007-04-21
ufc 71: liddell vs jackson,2007-05-26
ufc 72: victory,2007-06-16
ufc 73: stacked,2007-07-07
ufc 74: respect,2007-08-25
ufc 75: champion vs champion,2007-09-08
ufc 76: knockout,2007-09-22
ufc 77: hostile territory,2007-10-20
ufc 78: validation,2007-11-17
ufc 79: nemesis,2007-12-29
ufc 7: the brawl in buffalo,1995-09-08
ufc 80: rapid fire,2008-01-19
ufc 81: breaking point,2008-02-02
ufc 82: pride of a champion,2008-03-01
ufc 83: serra vs st-pierre 2,2008-04-19
ufc 84: ill will,2008-05-24
ufc 85: bedlam,2008-06-07
ufc 86: jackson vs griffin,2008-07-05
ufc 87: seek and destroy,2008-08-09
ufc 88: breakthrough,2008-09-06
ufc 89: bisping vs leben,2008-10-18
ufc 8: david vs goliath,1996-02-16
ufc 90: silva vs cote,2008-10-25
ufc 91: couture vs lesnar,2008-11-15
ufc 92: the ultimate 2008,2008-12-27
ufc 93: franklin vs henderson,2009-01-17
ufc 94: st-pierre vs penn 2,2009-01-31
ufc 95: sanchez vs stevenson,2009-02-21
ufc 96: jackson vs jardine,2009-03-07
ufc 97: redemption,2009-04-18
ufc 98: evans vs machida,2009-05-23
ufc 99: the comeback,2009-06-13
ufc 9: motor city madness,1996-05-17
ufc fight night - fight for the troops,2008-12-10
ufc fight night 1,2005-08-06
ufc fight night 2,2005-10-03
ufc fight night 3,2006-01-16
ufc fight night 4,2006-04-06
ufc fight night 5,2006-06-28
ufc fight night 56: shogun vs saint preux,2014-11-08
ufc fight night 6,2006-08-17
ufc fight night: adesanya vs. imavov,2025-02-01
ufc fight night: allen vs. craig,2023-11-18
ufc fight night: allen vs. curtis 2,2024-04-06
ufc fight night: almeida vs garbrandt,2016-05-29
ufc fight night: almeida vs. lewis,2023-11-04
ufc fight night: alvarez vs. poirier 2,2018-07-28
ufc fight night: anderson vs. blachowicz,2020-02-15
ufc fight night: andrade vs. blanchfield,2023-02-18
ufc fight night: andrade vs. zhang,2019-08-31
ufc fight night: ankalaev vs. walker 2,2024-01-13
ufc fight night: arlovski vs. barnett,2016-09-03
ufc fight night: aspinall vs. tybura,2023-07-22
ufc fight night: assuncao vs. moraes 2,2019-02-02
ufc fight night: bader vs saint preux,2014-08-16
ufc fight night: bader vs. nogueira,2016-11-19
ufc fight night: barboza vs. chikadze,2021-08-28
ufc fight night: barboza vs. gaethje,2019-03-30
ufc fight night: barboza vs. lee,2018-04-21
ufc fight night: barboza vs. murphy,2024-05-18
ufc fight night: barnett vs nelson,2015-09-26
ufc fight night: bautista vs. oliveira,2026-02-07
ufc fight night: belfort vs henderson 2,2013-11-09
ufc fight night: belfort vs henderson 3,2015-11-07
ufc fight night: belfort vs. gastelum,2017-03-11
ufc fight night: benavidez vs. figueiredo,2020-02-29
ufc fight night: bermudez vs. the korean zombie,2017-02-04
ufc fight night: bigfoot vs arlovski,2014-09-13
ufc fight night: bigfoot vs mir,2015-02-22
ufc fight night: bisping vs kennedy,2014-04-16
ufc fight night: bisping vs le,2014-08-23
ufc fight night: bisping vs leites,2015-07-18
ufc fight night: bisping vs. gastelum,2017-11-25
ufc fight night: blachowicz vs. jacare,2019-11-16
ufc fight night: blachowicz vs. rakic,2022-05-14
ufc fight night: blachowicz vs. santos,2019-02-23
ufc fight night: blanchfield vs. barber,2025-05-31
ufc fight night: blanchfield vs. fiorot,2024-03-30
ufc fight night: blaydes vs. aspinall,2022-07-23
ufc fight night: blaydes vs. daukaus,2022-03-26
ufc fight night: blaydes vs. dos santos,2020-01-25
ufc fight night: blaydes vs. lewis,2021-02-20
ufc fight night: blaydes vs. ngannou 2,2018-11-24
ufc fight night: blaydes vs. volkov,2020-06-20
ufc fight night: boetsch vs henderson,2015-06-06
ufc fight night: bonfim vs. brown,2025-11-08
ufc fight night: brown vs silva,2014-05-10
ufc fight night: brunson vs. holland,2021-03-20
ufc fight night: brunson vs. machida,2017-10-28
ufc fight night: brunson vs. shahbazyan,2020-08-01
ufc fight night: brunson vs. till,2021-09-04
ufc fight night: burns vs. brady,2024-09-07
ufc fight night: burns vs. morales,2025-05-17
ufc fight night: cannonier vs. borralho,2024-08-24
ufc fight night: cannonier vs. gastelum,2021-08-21
ufc fight night: cannonier vs. imavov,2024-06-08
ufc fight night: cannonier vs. rodrigues,2025-02-15
ufc fight night: cannonier vs. strickland,2022-12-17
ufc fight night: cejudo vs. dillashaw,2019-01-19
ufc fight night: cejudo vs. song,2025-02-22
ufc fight night: cerrone vs. medeiros,2018-02-18
ufc fight night: cerrone vs. till,2017-10-21
ufc fight night: chiesa vs. lee,2017-06-25
ufc fight night: chiesa vs. magny,2021-01-20
ufc fight night: condit vs alves,2015-05-30
ufc fight night: condit vs kampmann,2009-04-01
ufc fight night: condit vs kampmann 2,2013-08-28
ufc fight night: costa vs. vettori,2021-10-23
ufc fight night: covington vs. buckley,2024-12-14
ufc fight night: covington vs. lawler,2019-08-03
ufc fight night: covington vs. woodley,2020-09-19
ufc fight night: cowboy vs cowboy,2016-02-21
ufc fight night: cowboy vs miller,2014-07-16
ufc fight night: cowboy vs. edwards,2018-06-23
ufc fight night: cowboy vs. gaethje,2019-09-14
ufc fight night: cyborg vs. lansberg,2016-09-24
ufc fight night: dariush vs. tsarukyan,2023-12-02
ufc fight night: dawson vs. green,2023-10-07
ufc fight night: de randamie vs. ladd,2019-07-13
ufc fight night: de ridder vs. allen,2025-10-18
ufc fight night: dern vs. hill,2023-05-20
ufc fight night: dern vs. ribas 2,2025-01-11
ufc fight night: dern vs. rodriguez,2021-10-09
ufc fight night: dern vs. yan,2022-10-01
ufc fight night: diaz vs guillard,2009-09-16
ufc fight night: diaz vs neer,2008-09-17
ufc fight night: dillashaw vs cruz,2016-01-17
ufc fight night: dolidze vs. hernandez,2025-08-09
ufc fight night: dolidze vs. imavov,2024-02-03
ufc fight night: dos anjos vs. alvarez,2016-07-07
ufc fight night: dos anjos vs. edwards,2019-07-20
ufc fight night: dos anjos vs. ferguson,2016-11-05
ufc fight night: dos anjos vs. fiziev,2022-07-09
ufc fight night: dos anjos vs. lee,2019-05-18
ufc fight night: dos santos vs. ivanov,2018-07-14
ufc fight night: dos santos vs. tuivasa,2018-12-01
ufc fight night: edgar vs faber,2015-05-16
ufc fight night: edgar vs swanson,2014-11-22
ufc fight night: edgar vs. the korean zombie,2019-12-21
ufc fight night: edwards vs. brady,2025-03-22
ufc fight night: edwards vs. muhammad,2021-03-13
ufc fight night: emmett vs. murphy,2025-04-05
ufc fight night: emmett vs. stephens,2018-02-24
ufc fight night: emmett vs. topuria,2023-06-24
ufc fight night: emmett vs. vallejos,2026-03-14
ufc fight night: evans vs salmon,2007-01-25
ufc fight night: eye vs. calvillo,2020-06-13
ufc fight night: felder vs. dos anjos,2020-11-14
ufc fight night: felder vs. hooker,2020-02-22
ufc fight night: fight for the troops 2,2011-01-22
ufc fight night: fight for the troops 3,2013-11-06
ufc fight night: figueiredo vs. benavidez 2,2020-07-18
ufc fight night: fiziev vs. gamrot,2023-09-23
ufc fight night: florian vs gomi,2010-03-31
ufc fight night: florian vs lauzon,2008-04-02
ufc fight night: font vs. aldo,2021-12-04
ufc fight night: font vs. garbrandt,2021-05-22
ufc fight night: font vs. vera,2022-04-30
ufc fight night: gaethje vs. vick,2018-08-25
ufc fight night: gane vs. spivac,2023-09-02
ufc fight night: gane vs. tuivasa,2022-09-03
ufc fight night: gane vs. volkov,2021-06-26
ufc fight night: garcia vs. onama,2025-11-01
ufc fight night: gonzaga vs cro cop 2,2015-04-11
ufc fight night: grasso vs. araujo,2022-10-15
ufc fight night: grasso vs. shevchenko 2,2023-09-16
ufc fight night: gustafsson vs manuwa,2014-03-08
ufc fight night: gustafsson vs. smith,2019-06-01
ufc fight night: gustafsson vs. teixeira,2017-05-28
ufc fight night: hall vs. silva,2020-10-31
ufc fight night: hall vs. strickland,2021-07-31
ufc fight night: henderson vs dos anjos,2014-08-23
ufc fight night: henderson vs khabilov,2014-06-07
ufc fight night: henderson vs masvidal,2015-11-28
ufc fight night: henderson vs thatch,2015-02-14
ufc fight night: hendricks vs thompson,2016-02-06
ufc fight night: hermansson vs. cannonier,2019-09-28
ufc fight night: hermansson vs. pyfer,2024-02-10
ufc fight night: hermansson vs. strickland,2022-02-05
ufc fight night: hermansson vs. vettori,2020-12-05
ufc fight night: hernandez vs. pereira,2024-10-19
ufc fight night: hill vs. rountree jr.,2025-06-21
ufc fight night: holloway vs oliveira,2015-08-23
ufc fight night: holloway vs. allen,2023-04-15
ufc fight night: holloway vs. kattar,2021-01-16
ufc fight night: holloway vs. rodriguez,2021-11-13
ufc fight night: holloway vs. the korean zombie,2023-08-26
ufc fight night: holm vs. aldana,2020-10-03
ufc fight night: holm vs. bueno silva,2023-07-15
ufc fight night: holm vs. correia,2017-06-17
ufc fight night: holm vs. vieira,2022-05-21
ufc fight night: holohan vs smolka,2015-10-24
ufc fight night: hunt vs bigfoot,2013-12-06
ufc fight night: hunt vs mir,2016-03-19
ufc fight night: hunt vs nelson,2014-09-20
ufc fight night: hunt vs. oleinik,2018-09-15
ufc fight night: iaquinta vs. cowboy,2019-05-04
ufc fight night: imavov vs. borralho,2025-09-06
ufc fight night: jacare vs mousasi,2014-09-05
ufc fight night: jacare vs. brunson 2,2018-01-27
ufc fight night: jacare vs. hermansson,2019-04-27
ufc fight night: jedrzejczyk vs penne,2015-06-20
ufc fight night: joanna vs. waterson,2019-10-12
ufc fight night: jung vs. ige,2021-06-19
ufc fight night: kape vs. almabayev,2025-03-01
ufc fight night: kara-france vs. albazi,2023-06-03
ufc fight night: kattar vs. allen,2022-10-29
ufc fight night: kattar vs. chikadze,2022-01-15
ufc fight night: kattar vs. emmett,2022-06-18
ufc fight night: kattar vs. ige,2020-07-15
ufc fight night: kim vs hathaway,2014-03-01
ufc fight night: korean zombie vs. rodriguez,2018-11-10
ufc fight night: ladd vs. dumont,2021-10-16
ufc fight night: lauzon vs stephens,2009-02-07
ufc fight night: lawler vs. dos anjos,2017-12-16
ufc fight night: lee vs. iaquinta,2018-12-15
ufc fight night: lee vs. oliveira,2020-03-14
ufc fight night: lemos vs. andrade,2022-04-23
ufc fight night: lemos vs. jandiroba,2024-07-20
ufc fight night: lewis vs. abdurakhimov,2016-12-09
ufc fight night: lewis vs. browne,2017-02-19
ufc fight night: lewis vs. daukaus,2021-12-18
ufc fight night: lewis vs. dos santos,2019-03-09
ufc fight night: lewis vs. hunt,2017-06-10
ufc fight night: lewis vs. nascimento,2024-05-11
ufc fight night: lewis vs. oleinik,2020-08-08
ufc fight night: lewis vs. spivac,2023-02-04
ufc fight night: lewis vs. teixeira,2025-07-12
ufc fight night: lineker vs. dodson,2016-10-01
ufc fight night: lopes vs. silva,2025-09-13
ufc fight night: luque vs. dos anjos,2023-08-12
ufc fight night: luque vs. muhammad,2022-04-16
ufc fight night: macdonald vs saffiedine,2014-10-04
ufc fight night: macdonald vs thompson,2016-06-18
ufc fight night: machado garry vs. prates,2025-04-26
ufc fight night: machida vs dollaway,2014-12-20
ufc fight night: machida vs mousasi,2014-02-15
ufc fight night: machida vs munoz,2013-10-26
ufc fight night: machida vs romero,2015-06-27
ufc fight night: machida vs. anders,2018-02-03
ufc fight night: magny vs gastelum,2015-11-21
ufc fight night: magny vs. ponzinibbio,2018-11-17
ufc fight night: magny vs. prates,2024-11-09
ufc fight night: maia vs laflare,2015-03-21
ufc fight night: maia vs shields,2013-10-09
ufc fight night: maia vs. askren,2019-10-26
ufc fight night: maia vs. usman,2018-05-19
ufc fight night: makhachev vs. green,2022-02-26
ufc fight night: makhachev vs. moises,2021-07-17
ufc fight night: manuwa vs. anderson,2017-03-18
ufc fight night: marquardt vs palhares,2010-09-15
ufc fight night: marreta vs. anders,2018-09-22
ufc fight night: maynard vs diaz,2010-01-11
ufc fight night: mcdonald vs. lineker,2016-07-13
ufc fight night: mcgregor vs brandao,2014-07-19
ufc fight night: mcgregor vs siver,2015-01-18
ufc fight night: mendes vs lamas,2015-04-04
ufc fight night: minotauro vs nelson,2014-04-11
ufc fight night: miocic vs hunt,2015-05-09
ufc fight night: miocic vs maldonado,2014-05-31
ufc fight night: mir vs duffee,2015-07-15
ufc fight night: moicano vs. saint denis,2024-09-28
ufc fight night: moicano vs. the korean zombie,2019-06-22
ufc fight night: moraes vs. sandhagen,2020-10-10
ufc fight night: moreno vs. albazi,2024-11-02
ufc fight night: moreno vs. erceg,2025-03-29
ufc fight night: moreno vs. kavanagh,2026-02-28
ufc fight night: moreno vs. royval 2,2024-02-24
ufc fight night: mousasi vs. hall 2,2016-11-19
ufc fight night: munhoz vs. edgar,2020-08-22
ufc fight night: muniz vs. allen,2023-02-25
ufc fight night: munoz vs mousasi,2014-05-31
ufc fight night: namajunas vs. cortez,2024-07-13
ufc fight night: namajunas vs. vanzant,2015-12-10
ufc fight night: nelson vs story,2014-10-04
ufc fight night: nelson vs. ponzinibbio,2017-07-16
ufc fight night: ngannou vs. dos santos,2019-06-29
ufc fight night: ngannou vs. velasquez,2019-02-17
ufc fight night: nicolau vs. perez,2024-04-27
ufc fight night: nogueira vs davis,2011-03-26
ufc fight night: nzechukwu vs. cutelaba,2022-11-19
ufc fight night: oezdemir vs. smith,2018-10-27
ufc fight night: oliveira vs. gamrot,2025-10-11
ufc fight night: ortega vs. rodriguez,2022-07-16
ufc fight night: ortega vs. the korean zombie,2020-10-17
ufc fight night: overeem vs arlovski,2016-05-08
ufc fight night: overeem vs. harris,2020-05-16
ufc fight night: overeem vs. oleinik,2019-04-20
ufc fight night: overeem vs. rozenstruik,2019-12-07
ufc fight night: overeem vs. sakai,2020-09-05
ufc fight night: overeem vs. volkov,2021-02-06
ufc fight night: pavlovich vs. blaydes,2023-04-22
ufc fight night: perez vs. taira,2024-06-15
ufc fight night: pettis vs. moreno,2017-08-05
ufc fight night: poirier vs. gaethje,2018-04-14
ufc fight night: poirier vs. hooker,2020-06-27
ufc fight night: poirier vs. johnson,2016-09-17
ufc fight night: poirier vs. pettis,2017-11-11
ufc fight night: reyes vs. prochazka,2021-05-01
ufc fight night: reyes vs. weidman,2019-10-18
ufc fight night: ribas vs. namajunas,2024-03-23
ufc fight night: rivera vs. moraes,2018-06-01
ufc fight night: rockhold vs bisping,2014-11-07
ufc fight night: rockhold vs philippou,2014-01-15
ufc fight night: rockhold vs. branch,2017-09-16
ufc fight night: rodriguez vs. caceres,2016-08-06
ufc fight night: rodriguez vs. lemos,2022-11-05
ufc fight night: rodriguez vs. penn,2017-01-15
ufc fight night: rodriguez vs. stephens,2019-09-21
ufc fight night: rodriguez vs. waterson,2021-05-08
ufc fight night: rothwell vs dos santos,2016-04-10
ufc fight night: royval vs. kape,2025-12-13
ufc fight night: royval vs. taira,2024-10-12
ufc fight night: rozenstruik vs. almeida,2023-05-13
ufc fight night: rozenstruik vs. gane,2021-02-27
ufc fight night: rozenstruik vs. gaziev,2024-03-02
ufc fight night: rozenstruik vs. sakai,2021-06-05
ufc fight night: saffiedine vs lim,2014-01-04
ufc fight night: saint preux vs. okami,2017-09-22
ufc fight night: sanchez vs riggs,2006-12-13
ufc fight night: sandhagen vs. dillashaw,2021-07-24
ufc fight night: sandhagen vs. figueiredo,2025-05-03
ufc fight night: sandhagen vs. font,2023-08-05
ufc fight night: sandhagen vs. nurmagomedov,2024-08-03
ufc fight night: sandhagen vs. song,2022-09-17
ufc fight night: santos vs. ankalaev,2022-03-12
ufc fight night: santos vs. hill,2022-08-06
ufc fight night: santos vs. teixeira,2020-11-07
ufc fight night: santos vs. walker,2021-10-02
ufc fight night: shevchenko vs. carmouche 2,2019-08-10
ufc fight night: shields vs ellenberger,2011-09-17
ufc fight night: shogun vs henderson 2,2014-03-23
ufc fight night: shogun vs sonnen,2013-08-17
ufc fight night: shogun vs. smith,2018-07-22
ufc fight night: silva vs bisping,2016-02-27
ufc fight night: smith vs. clark,2020-11-28
ufc fight night: smith vs. rakic,2020-08-29
ufc fight night: smith vs. spann,2021-09-18
ufc fight night: smith vs. teixeira,2020-05-13
ufc fight night: song vs. gutierrez,2023-12-09
ufc fight night: song vs. simon,2023-04-29
ufc fight night: stephens vs. choi,2018-01-14
ufc fight night: stevenson vs guillard,2007-04-05
ufc fight night: stout vs fisher,2007-06-12
ufc fight night: strickland vs. hernandez,2026-02-21
ufc fight night: strickland vs. imavov,2023-01-14
ufc fight night: strickland vs. magomedov,2023-07-01
ufc fight night: swanson vs stephens,2014-06-28
ufc fight night: swanson vs. lobov,2017-04-22
ufc fight night: swanson vs. ortega,2017-12-09
ufc fight night: swick vs burkman,2008-01-23
ufc fight night: taira vs. park,2025-08-02
ufc fight night: te huna vs marquardt,2014-06-28
ufc fight night: teixeira vs bader,2013-09-04
ufc fight night: teixeira vs saint preux,2015-08-08
ufc fight night: thomas vs florian,2007-09-19
ufc fight night: thompson vs. holland,2022-12-03
ufc fight night: thompson vs. neal,2020-12-19
ufc fight night: thompson vs. pettis,2019-03-23
ufc fight night: thompson vs. till,2018-05-27
ufc fight night: till vs. masvidal,2019-03-16
ufc fight night: tsarukyan vs. gamrot,2022-06-25
ufc fight night: tsarukyan vs. hooker,2025-11-22
ufc fight night: tuivasa vs. tybura,2024-03-16
ufc fight night: tybura vs. spivac 2,2024-08-10
ufc fight night: ulberg vs. reyes,2025-09-27
ufc fight night: usman vs. buckley,2025-06-14
ufc fight night: vera vs. cruz,2022-08-13
ufc fight night: vera vs. sandhagen,2023-03-25
ufc fight night: vettori vs. cannonier,2023-06-17
ufc fight night: vettori vs. dolidze 2,2025-03-15
ufc fight night: vettori vs. holland,2021-04-10
ufc fight night: vieira vs. tate,2021-11-20
ufc fight night: volkov vs. aspinall,2022-03-19
ufc fight night: volkov vs. rozenstruik,2022-06-04
ufc fight night: volkov vs. struve,2017-09-02
ufc fight night: walker vs. hill,2022-02-19
ufc fight night: walker vs. zhang,2025-08-23
ufc fight night: waterson vs. hill,2020-09-12
ufc fight night: weidman vs. gastelum,2017-07-22
ufc fight night: werdum vs. tybura,2017-11-18
ufc fight night: werdum vs. volkov,2018-03-17
ufc fight night: whittaker vs. aliskerov,2024-06-22
ufc fight night: whittaker vs. brunson,2016-11-26
ufc fight night: whittaker vs. de ridder,2025-07-26
ufc fight night: whittaker vs. gastelum,2021-04-17
ufc fight night: whittaker vs. till,2020-07-25
ufc fight night: woodley vs. burns,2020-05-30
ufc fight night: yan vs. dvalishvili,2023-03-11
ufc fight night: yan vs. figueiredo,2024-11-23
ufc fight night: yusuff vs. barboza,2023-10-14
ufc fight night: zabit vs. kattar,2019-11-09
ufc live: cruz vs johnson,2011-10-01
ufc live: hardy vs lytle,2011-08-14
ufc live: jones vs matyushenko,2010-08-01
ufc live: kongo vs barry,2011-06-26
ufc live: sanchez vs kampmann,2011-03-03
ufc live: vera vs jones,2010-03-21
ufc macao: franklin vs le,2012-11-10
ufc on fox: diaz vs miller,2012-05-05
ufc on fox: dillashaw vs. barao ii,2015-07-25
ufc on fox: dos anjos vs. cowboy 2,2015-12-19
ufc on fox: dos santos vs miocic,2014-12-13
ufc on fox: evans vs davis,2012-01-28
ufc on fox: gustafsson vs johnson,2015-01-24
ufc on fox: henderson vs diaz,2012-12-08
ufc on fox: henderson vs melendez,2013-04-20
ufc on fox: henderson vs thomson,2014-01-25
ufc on fox: holm vs. shevchenko,2016-07-23
ufc on fox: johnson vs dodson,2013-01-26
ufc on fox: johnson vs moraga,2013-07-27
ufc on fox: johnson vs. bader,2016-01-30
ufc on fox: johnson vs. benavidez 2,2013-12-14
ufc on fox: johnson vs. reis,2017-04-15
ufc on fox: lawler vs brown,2014-07-26
ufc on fox: machida vs rockhold,2015-04-18
ufc on fox: maia vs. condit,2016-08-27
ufc on fox: shevchenko vs. pena,2017-01-28
ufc on fox: shogun vs vera,2012-08-04
ufc on fox: teixeira vs evans,2016-04-16
ufc on fox: vanzant vs. waterson,2016-12-17
ufc on fox: velasquez vs dos santos,2011-11-12
ufc on fox: werdum vs browne,2014-04-19
ufc on fuel tv: barao vs mcdonald,2013-02-16
ufc on fuel tv: gustafsson vs silva,2012-04-14
ufc on fuel tv: korean zombie vs poirier,2012-05-15
ufc on fuel tv: mousasi vs latifi,2013-04-06
ufc on fuel tv: munoz vs weidman,2012-07-11
ufc on fuel tv: nogueira vs. werdum,2013-06-08
ufc on fuel tv: sanchez vs ellenberger,2012-02-15
ufc on fuel tv: silva vs. stann,2013-03-02
ufc on fuel tv: struve vs miocic,2012-09-29
ufc on fx: alves vs kampmann,2012-03-02
ufc on fx: belfort vs bisping,2013-01-19
ufc on fx: belfort vs. rockhold,2013-05-18
ufc on fx: browne vs bigfoot,2012-10-05
ufc on fx: guillard vs miller,2012-01-20
ufc on fx: johnson vs mccall,2012-06-08
ufc on fx: maynard vs guida,2012-06-22
ufc on fx: sotiropoulos vs pearson,2012-12-14
ufc: silva vs irvin,2008-07-19
