name,source,source_name,search_name,fighter_url,height,reach,weight,stance,dob
Anthony Macias,martialbot,Anthony Macias,Anthony Macias,https://www.martialbot.com/mma/fighters/anthony-macias-eae5bec0d775f93b0582c5b5f2411a5c,,178 cm,,,
Assuerio Silva,fightdx,Assuerio Silva,Assuerio Silva,https://fightdx.com/person/assuerio-silva,,"6'3"" (1.91m)",,,
Benji Radach,tapology,Benji Radach,Benji Radach,https://www.tapology.com/fightcenter/fighters/benji-radach-razor,,"72.0"" (183cm)",,,
Bobby Hoffman,martialbot,Bobby Hoffman,Bobby Hoffman,https://www.martialbot.com/mma/fighters/bobby-hoffman-6a6911fead5a5a6c8242a856b3009952,,188 cm,,,
Branden Lee Hinkle,martialbot,Branden Lee Hinkle,Branden Lee Hinkle,https://www.martialbot.com/mma/fighters/branden-lee-hinkle-a7c961e34c4c0dd1206083e275f3af7e,,193 cm,,,
Brian Johnston,fightdx,Brian Johnston,Brian Johnston,https://fightdx.com/person/brian-johnston,,"6'4"" (1.93m)",,,
Cal Worsham,ufcfans,Cal Worsham,Cal Worsham,https://www.ufc-fr.com/combattant-415.html,,184 cm,,,1963-06-11
Carlos Newton,martialbot,Carlos Newton,Carlos Newton,https://www.martialbot.com/mma/fighters/carlos-newton-ab998051a7a8794350da4e3e5e8381c2,,175 cm,,,
Curt Warburton,martialbot,Curt Warburton,Curt Warburton,https://www.martialbot.com/mma/fighters/curt-warburton-da6ec8c9dcb24ef1da49ce77687c3174,,,,,"May 10, 1981"
Daiju Takase,martialbot,Daiju Takase,Daiju Takase,https://www.martialbot.com/mma/fighters/daiju-takase-b9e6b4604801a90932aab0f23817200f,,183 cm,,,
Dan Severn,martialbot,Dan Severn,Dan Severn,https://www.martialbot.com/mma/fighters/dan-severn-533f5176b80fa2743048de930bcc9f3e,,188 cm,,,
Dave Beneteau,martialbot,Dave Beneteau,Dave Beneteau,https://www.martialbot.com/mma/fighters/dave-beneteau-349e8315ac63c3546dfae2063c8a6a46,,188 cm,,,
Dave Beneteau,sherdog,Dave Beneteau,Dave Beneteau,https://www.sherdog.com/fighter/Dave-Beneteau-56,,,,,"Jul 16, 1968"
Dave Menne,martialbot,Dave Menne,Dave Menne,https://www.martialbot.com/mma/fighters/dave-menne-a943b61edf956363b84c30c3815ff54b,,178 cm,,,
David Abbott,martialbot,Tank Abbott,David Abbott,https://www.martialbot.com/mma/fighters/tank-abbott-4d406c34178562d9fa41a620bf2a07f3,,183 cm,,,
Din Thomas,tapology,Din Thomas,Din Thomas,https://www.tapology.com/fightcenter/fighters/din-thomas-dinyero,,"75.0"" (191cm)",,,
Don Frye,wikipedia,Don Frye,Don Frye,https://en.wikipedia.org/wiki/Don_Frye,,73 in,,,
Edwin DeWees,tapology,Edwin Dewees,Edwin DeWees,https://www.tapology.com/fightcenter/fighters/edwin-dewees-babyface,,"72.0"" (183cm)",,,
Eugene Jackson,martialbot,Eugene Jackson,Eugene Jackson,https://www.martialbot.com/mma/fighters/eugene-jackson-58664e148c5ded0b557460a3dd1ce822,,173 cm,,,
Fabiano Iha,martialbot,Fabiano Iha,Fabiano Iha,https://www.martialbot.com/mma/fighters/fabiano-iha-1d4be6500ca3fab4e1506e8011cffeb7,,173 cm,,,
Felix Lee Mitchell,sherdog,Felix Mitchell,Felix Mitchell,https://www.sherdog.com/fighter/Felix-Mitchell-45,"5'11"" / 180.34 cm",,220 lbs / 99.79 kg,,
Frank Shamrock,wikipedia,Frank Shamrock,Frank Shamrock,https://en.wikipedia.org/wiki/Frank_Shamrock,,71 in,,,
Gan McGee,martialbot,Gan McGee,Gan McGee,https://www.martialbot.com/mma/fighters/gan-mcgee-cebbbc2377ef754cccec66f32a9e339d,,208 cm,,,
Gary Goodridge,martialbot,Gary Goodridge,Gary Goodridge,https://www.martialbot.com/mma/fighters/gary-goodridge-73e7f7646fbcf924d39d35d7f1942e9d,,191 cm,,,
Gil Castillo,martialbot,Gil Castillo,Gil Castillo,https://www.martialbot.com/mma/fighters/gil-castillo-08ffdff7188719ca320414341037f96d,,175 cm,,,
Guy Mezger,martialbot,Guy Mezger,Guy Mezger,https://www.martialbot.com/mma/fighters/guy-mezger-5f09a87bab2200fb457cce4a3aed8ca2,,185 cm,,,
Ian Freeman,martialbot,Ian Freeman,Ian Freeman,https://www.martialbot.com/mma/fighters/ian-freeman-cb716480b546b8d5eeda11e7066a69bf,,179 cm,,,
Ivan Salaverry,wikipedia,Ivan Salaverry,Ivan Salaverry,https://en.wikipedia.org/wiki/Ivan_Salaverry,,75.5 in,,,
Jake Rosholt,tapology,Jake Rosholt,Jake Rosholt,https://www.tapology.com/fightcenter/fighters/jake-rosholt,,"74.0"" (188cm)",,,
Jason Von Flue,martialbot,Jason Von Flue,Jason Von Flue,https://www.martialbot.com/mma/fighters/jason-von-flue-ca1b9b626461d5d3ff6eb38ed6a9bac7,,183 cm,,,
Jerry Bohlander,martialbot,Jerry Bohlander,Jerry Bohlander,https://www.martialbot.com/mma/fighters/jerry-bohlander-e6ca882d451f09d72c29c60d6ef33cb5,,180 cm,,,
Jess Liaudin,sherdog,Jess Liaudin,Jess Liaudin,https://www.sherdog.com/fighter/Jess-Liaudin-3368,,,,,"Dec 21, 1973"
Joe Charles,martialbot,Joe Charles,Joe Charles,https://www.martialbot.com/mma/fighters/joe-charles-50e434ccdb151593a5bd3e9a7b4e50bc,,185 cm,,,
Joe Charles,sherdog,Joe Charles,Joe Charles,https://www.sherdog.com/fighter/Joe-Charles-46,,,,,"Jul 16, 1958"
Josh Haynes,martialbot,Josh Haynes,Josh Haynes,https://www.martialbot.com/mma/fighters/josh-haynes-67a0ba441f8bf1c26239ab68105a0421,,175 cm,,,
Justin Eilers,martialbot,Justin Eilers,Justin Eilers,https://www.martialbot.com/mma/fighters/justin-eilers-8ba20292e8c8b5fb0afadfe119069d7d,,185 cm,,,
Keith Hackney,martialbot,Keith Hackney,Keith Hackney,https://www.martialbot.com/mma/fighters/keith-hackney-af668517ee6c10d6bcbda74a87fb5093,,180 cm,,,
Kenichi Yamamoto,martialbot,Kenichi Yamamoto,Kenichi Yamamoto,https://www.martialbot.com/mma/fighters/kenichi-yamamoto-1214edf55a09e75141527b5a948ba284,,180 cm,,,
Kevin Jackson,fightdx,Kevin Jackson,Kevin Jackson,https://fightdx.com/person/kevin-jackson,,"5'10"" (1.78m)",,,
Kevin Randleman,martialbot,Kevin Randleman,Kevin Randleman,https://www.martialbot.com/mma/fighters/kevin-randleman-ba7c4b80e770b559318adad64e8e508d,,178 cm,,,
Kimo Leopoldo,martialbot,Kimo Leopoldo,Kimo Leopoldo,https://www.martialbot.com/mma/fighters/kimo-leopoldo-2777095d266e1b8f23f628ba5d22dd35,,191 cm,,,
Laverne Clark,martialbot,LaVerne Clark,Laverne Clark,https://www.martialbot.com/mma/fighters/laverne-clark-47398addc1865cec4b8a4ed97d857e3a,,180 cm,,,
Marcio Cruz,tapology,Marcio Cruz,Marcio Cruz,https://www.tapology.com/fightcenter/fighters/marcio-cruz-pe-de-pano,,"82.0"" (208cm)",,,
Marco Ruas,martialbot,Marco Ruas,Marco Ruas,https://www.martialbot.com/mma/fighters/marco-ruas-d7e6c2353c6b9adc1562322b2fd4f5c2,,185 cm,,,
Marcus Bossett,fightdx,Marcus Bossett,Marcus Bossett,https://fightdx.com/person/marcus-bossett,,"6'1"" (1.85m)",,,
Mark Hall,martialbot,Mark Hall,Mark Hall,https://www.martialbot.com/mma/fighters/mark-hall-f052c2645e481b9b9df8bd93e219c1f2,,183 cm,,,
Maurice Smith,martialbot,Maurice Smith,Maurice Smith,https://www.martialbot.com/mma/fighters/maurice-smith-57d787aff543fd7ba3882a48d601b033,,188 cm,,,
Mike van Arsdale,martialbot,Mike van Arsdale,Mike van Arsdale,https://www.martialbot.com/mma/fighters/mike-van-arsdale-c46628630912851f7487d46e338d7c63,,188 cm,,,
Murilo Bustamante,martialbot,Murilo Bustamante,Murilo Bustamante,https://www.martialbot.com/mma/fighters/murilo-bustamante-dd20e13010ab3decb15540f8f617b2c5,,185 cm,,,
Oleg Taktarov,martialbot,Oleg Taktarov,Oleg Taktarov,https://www.martialbot.com/mma/fighters/oleg-taktarov-fec5a57c0d690cb6f5d38832b7d91ab8,,183 cm,,,
Pat Miletich,martialbot,Pat Miletich,Pat Miletich,https://www.martialbot.com/mma/fighters/pat-miletich-0c05307922b24cae6790eed160f69804,,178 cm,,,
Patrick Smith,martialbot,Patrick Smith,Patrick Smith,https://www.martialbot.com/mma/fighters/patrick-smith-0d62c17098b5f99e75621d360b1cfc1e,,188 cm,,,
Paul Varelans,martialbot,Paul Varelans,Paul Varelans,https://www.martialbot.com/mma/fighters/paul-varelans-b31f6aa2c8d00e2f1a301a6f8e85b297,,203 cm,,,
Pedro Rizzo,martialbot,Pedro Rizzo,Pedro Rizzo,https://www.martialbot.com/mma/fighters/pedro-rizzo-6c9a1d86e5c1a3fa38fa58226729f34b,,196 cm,,,
Pete Spratt,tapology,Pete Spratt,Pete Spratt,https://www.tapology.com/fightcenter/fighters/pete-spratt-secret-weapon,,"71.0"" (180cm)",,,
Pete Williams,martialbot,Pete Williams,Pete Williams,https://www.martialbot.com/mma/fighters/pete-williams-6f5d83bc49b103616bb04701aa014fda,,191 cm,,,
Remco Pardoel,martialbot,Remco Pardoel,Remco Pardoel,https://www.martialbot.com/mma/fighters/remco-pardoel-d8155073ceba9b10c18144522d7736bb,,193 cm,,,
Renato Verissimo,martialbot,Renato Verissimo,Renato Verissimo,https://www.martialbot.com/mma/fighters/renato-verissimo-5291dc59540ccaaa48b7b275807cdca3,,185 cm,,,
Ricco Rodriguez,wikipedia,Ricco Rodriguez,Ricco Rodriguez,https://en.wikipedia.org/wiki/Ricco_Rodriguez,,77 in,,,
Royce Gracie,wikipedia,Royce Gracie,Royce Gracie,https://en.wikipedia.org/wiki/Royce_Gracie,,194 cm,,,
Sam Adkins,martialbot,Sam Adkins,Sam Adkins,https://www.martialbot.com/mma/fighters/sam-adkins-79fc81585599cd43b2e8cebcf61f4100,,191 cm,,,
Scott Ferrozzo,martialbot,Scott Ferrozzo,Scott Ferrozzo,https://www.martialbot.com/mma/fighters/scott-ferrozzo-4d406c34178562d9fa41a620bf2a07f3,,180 cm,,,
Shonie Carter,martialbot,Shonie Carter,Shonie Carter,https://www.martialbot.com/mma/fighters/shonie-carter-5688f15384fd9a3e826f71fe4b10897c,,175 cm,,,
Steve Jennum,fightdx,Steve Jennum,Steve Jennum,https://fightdx.com/person/steve-jennum,,"5'10"" (1.78m)",,,
Steve Nelmark,fightdx,Steve Nelmark,Steve Nelmark,https://fightdx.com/person/steve-nelmark,,"6'0"" (1.83m)",,,
Tiki Ghosn,tapology,Tiki Ghosn,Tiki Ghosn,https://www.tapology.com/fightcenter/fighters/tiki-ghosn,,"70.0"" (178cm)",,,
Tony Fryklund,tapology,Tony Fryklund,Tony Fryklund,https://www.tapology.com/fightcenter/fighters/tony-fryklund-the-freak,,"68.0"" (173cm)",,,
Tra Telligman,wikipedia,Tra Telligman,Tra Telligman,https://en.wikipedia.org/wiki/Tra_Telligman,,75 in,,,
Tsuyoshi Kohsaka,martialbot,Tsuyoshi Kosaka,Tsuyoshi Kosaka,https://www.martialbot.com/mma/fighters/tsuyoshi-kosaka-820648819850d301a2eaa306dcc06193,,180 cm,,,
Waylon Lowe,tapology,Waylon Lowe,Waylon Lowe,https://www.tapology.com/fightcenter/fighters/waylon-lowe,,"65.0"" (165cm)",,,
Wesley Correira,wikipedia,Wesley Correira,Wesley Correira,https://en.wikipedia.org/wiki/Wesley_Correira,,200 cm,,,
